origin,name,lon,lat,n,stranded_frac,t_strand_med_h,Z01,Z02,Z03,Z04,Z13,Z14,Z05,Z15,Z06,Z16,Z07,Z08,Z09,Z10,Z11,Z00,Z12,dominant,dominant_frac
C00000,C00000,26.3633,38.3135,60,1.000,3.0,0.000,0.000,0.000,0.000,0.000,0.000,0.000,0.000,0.000,0.000,0.000,1.000,0.000,0.000,0.000,0.000,0.000,Z08,1.000
C00001,C00001,26.3748,38.3135,60,1.000,3.0,0.000,0.000,0.000,0.000,0.000,0.000,0.000,0.000,0.000,0.000,0.000,1.000,0.000,0.000,0.000,0.000,0.000,Z08,1.000
C00002,C00002,26.6741,38.3135,60,1.000,3.0,0.000,0.000,0.000,0.000,0.000,0.000,0.000,1.000,0.000,0.000,0.000,0.000,0.000,0.000,0.000,0.000,0.000,Z15,1.000
C00003,C00003,26.6856,38.3135,60,1.000,3.0,0.000,0.000,0.000,0.000,0.000,0.000,0.000,1.000,0.000,0.000,0.000,0.000,0.000,0.000,0.000,0.000,0.000,Z15,1.000
C00004,C00004,26.3173,38.3225,60,1.000,3.0,0.000,0.000,0.000,0.000,0.000,0.000,0.000,0.000,0.000,0.000,0.000,1.000,0.000,0.000,0.000,0.000,0.000,Z08,1.000
C00005,C00005,26.3288,38.3225,60,1.000,3.0,0.000,0.000,0.000,0.000,0.000,0.000,0.000,0.000,0.000,0.000,0.000,1.000,0.000,0.000,0.000,0.000,0.000,Z08,1.000
C00006,C00006,26.3518,38.3225,60,1.000,3.0,0.000,0.000,0.000,0.000,0.000,0.000,0.000,0.000,0.000,0.000,0.000,1.000,0.000,0.000,0.000,0.000,0.000,Z08,1.000
C00007,C00007,26.3633,38.3225,60,1.000,3.0,0.000,0.000,0.000,0.000,0.000,0.000,0.000,0.000,0.000,0.000,0.000,1.000,0.000,0.000,0.000,0.000,0.000,Z08,1.000
C00008,C00008,26.3748,38.3225,60,1.000,3.0,0.000,0.000,0.000,0.000,0.000,0.000,0.000,0.000,0.000,0.000,0.000,1.000,0.000,0.000,0.000,0.000,0.000,Z08,1.000
C00009,C00009,26.3978,38.3225,60,1.000,3.0,0.000,0.000,0.000,0.000,0.000,0.000,0.000,0.000,0.000,0.000,0.000,1.000,0.000,0.000,0.000,0.000,0.000,Z08,1.000
C00010,C00010,26.4094,38.3225,60,1.000,3.0,0.000,0.000,0.000,0.000,0.000,0.000,0.000,0.000,0.000,0.000,0.000,1.000,0.000,0.000,0.000,0.000,0.000,Z08,1.000
C00011,C00011,26.6626,38.3225,60,1.000,3.0,0.000,0.000,0.000,0.000,0.000,0.000,0.000,1.000,0.000,0.000,0.000,0.000,0.000,0.000,0.000,0.000,0.000,Z15,1.000
C00012,C00012,26.6741,38.3225,60,1.000,3.0,0.000,0.000,0.000,0.000,0.000,0.000,0.000,1.000,0.000,0.000,0.000,0.000,0.000,0.000,0.000,0.000,0.000,Z15,1.000
C00013,C00013,26.6856,38.3225,60,1.000,3.0,0.000,0.000,0.000,0.000,0.000,0.000,0.000,1.000,0.000,0.000,0.000,0.000,0.000,0.000,0.000,0.000,0.000,Z15,1.000
C00014,C00014,26.6971,38.3225,60,1.000,3.0,0.000,0.000,0.000,0.000,0.000,0.000,0.000,1.000,0.000,0.000,0.000,0.000,0.000,0.000,0.000,0.000,0.000,Z15,1.000
C00015,C00015,26.3173,38.3315,60,1.000,3.0,0.000,0.000,0.000,0.000,0.000,0.000,0.000,0.000,0.000,0.000,0.000,1.000,0.000,0.000,0.000,0.000,0.000,Z08,1.000
C00016,C00016,26.3288,38.3315,60,1.000,3.0,0.000,0.000,0.000,0.000,0.000,0.000,0.000,0.000,0.000,0.000,0.000,1.000,0.000,0.000,0.000,0.000,0.000,Z08,1.000
C00017,C00017,26.3403,38.3315,60,1.000,3.0,0.000,0.000,0.000,0.000,0.000,0.000,0.000,0.000,0.000,0.000,0.000,1.000,0.000,0.000,0.000,0.000,0.000,Z08,1.000
C00018,C00018,26.3518,38.3315,60,1.000,3.0,0.000,0.000,0.000,0.000,0.000,0.000,0.000,0.000,0.000,0.000,0.000,1.000,0.000,0.000,0.000,0.000,0.000,Z08,1.000
C00019,C00019,26.3633,38.3315,60,1.000,6.0,0.000,0.000,0.000,0.000,0.000,0.000,0.000,0.000,0.000,0.000,0.000,1.000,0.000,0.000,0.000,0.000,0.000,Z08,1.000
C00020,C00020,26.3748,38.3315,60,1.000,3.0,0.000,0.000,0.000,0.000,0.000,0.000,0.000,0.000,0.000,0.000,0.000,1.000,0.000,0.000,0.000,0.000,0.000,Z08,1.000
C00021,C00021,26.3978,38.3315,60,1.000,3.0,0.000,0.000,0.000,0.000,0.000,0.000,0.000,0.000,0.000,0.000,0.000,1.000,0.000,0.000,0.000,0.000,0.000,Z08,1.000
C00022,C00022,26.4094,38.3315,60,1.000,3.0,0.000,0.000,0.000,0.000,0.000,0.000,0.000,0.000,0.000,0.000,0.000,1.000,0.000,0.000,0.000,0.000,0.000,Z08,1.000
C00023,C00023,26.6626,38.3315,60,1.000,3.0,0.000,0.000,0.000,0.000,0.000,0.000,0.000,1.000,0.000,0.000,0.000,0.000,0.000,0.000,0.000,0.000,0.000,Z15,1.000
C00024,C00024,26.6741,38.3315,60,1.000,3.0,0.000,0.000,0.000,0.000,0.000,0.000,0.000,1.000,0.000,0.000,0.000,0.000,0.000,0.000,0.000,0.000,0.000,Z15,1.000
C00025,C00025,26.6856,38.3315,60,1.000,6.0,0.000,0.000,0.000,0.000,0.000,0.000,0.000,1.000,0.000,0.000,0.000,0.000,0.000,0.000,0.000,0.000,0.000,Z15,1.000
C00026,C00026,26.3173,38.3405,60,1.000,3.0,0.000,0.000,0.000,0.000,0.000,0.000,0.000,0.000,0.000,0.000,0.000,1.000,0.000,0.000,0.000,0.000,0.000,Z08,1.000
C00027,C00027,26.3288,38.3405,60,1.000,3.0,0.000,0.000,0.000,0.000,0.000,0.000,0.000,0.000,0.000,0.000,0.000,1.000,0.000,0.000,0.000,0.000,0.000,Z08,1.000
C00028,C00028,26.3403,38.3405,60,1.000,3.0,0.000,0.000,0.000,0.000,0.000,0.000,0.000,0.000,0.000,0.000,0.000,1.000,0.000,0.000,0.000,0.000,0.000,Z08,1.000
C00029,C00029,26.3518,38.3405,60,1.000,3.0,0.000,0.000,0.000,0.000,0.000,0.000,0.000,0.000,0.000,0.000,0.000,1.000,0.000,0.000,0.000,0.000,0.000,Z08,1.000
C00030,C00030,26.3633,38.3405,60,1.000,6.0,0.000,0.000,0.000,0.000,0.000,0.000,0.000,0.000,0.000,0.000,0.000,1.000,0.000,0.000,0.000,0.000,0.000,Z08,1.000
C00031,C00031,26.3748,38.3405,60,1.000,6.0,0.000,0.000,0.000,0.000,0.000,0.000,0.000,0.000,0.000,0.000,0.000,1.000,0.000,0.000,0.000,0.000,0.000,Z08,1.000
C00032,C00032,26.3863,38.3405,60,1.000,3.0,0.000,0.000,0.000,0.000,0.000,0.000,0.000,0.000,0.000,0.000,0.000,1.000,0.000,0.000,0.000,0.000,0.000,Z08,1.000
C00033,C00033,26.3978,38.3405,60,1.000,3.0,0.000,0.000,0.000,0.000,0.000,0.000,0.000,0.000,0.000,0.000,0.000,1.000,0.000,0.000,0.000,0.000,0.000,Z08,1.000
C00034,C00034,26.4094,38.3405,60,1.000,3.0,0.000,0.000,0.000,0.000,0.000,0.000,0.000,0.000,0.000,0.000,0.000,1.000,0.000,0.000,0.000,0.000,0.000,Z08,1.000
C00035,C00035,26.4209,38.3405,60,1.000,3.0,0.000,0.000,0.000,0.000,0.000,0.000,0.000,0.000,0.000,0.000,0.000,1.000,0.000,0.000,0.000,0.000,0.000,Z08,1.000
C00036,C00036,26.4324,38.3405,60,1.000,3.0,0.000,0.000,0.000,0.000,0.000,0.000,0.000,0.000,0.000,0.000,0.000,1.000,0.000,0.000,0.000,0.000,0.000,Z08,1.000
C00037,C00037,26.6511,38.3405,60,1.000,3.0,0.000,0.000,0.000,0.000,0.000,0.000,0.000,1.000,0.000,0.000,0.000,0.000,0.000,0.000,0.000,0.000,0.000,Z15,1.000
C00038,C00038,26.6626,38.3405,60,1.000,3.0,0.000,0.000,0.000,0.000,0.000,0.000,0.000,1.000,0.000,0.000,0.000,0.000,0.000,0.000,0.000,0.000,0.000,Z15,1.000
C00039,C00039,26.6741,38.3405,60,1.000,3.0,0.000,0.000,0.000,0.000,0.000,0.000,0.000,1.000,0.000,0.000,0.000,0.000,0.000,0.000,0.000,0.000,0.000,Z15,1.000
C00040,C00040,26.6856,38.3405,60,1.000,6.0,0.000,0.000,0.000,0.000,0.000,0.000,0.000,1.000,0.000,0.000,0.000,0.000,0.000,0.000,0.000,0.000,0.000,Z15,1.000
C00041,C00041,26.3288,38.3495,60,1.000,3.0,0.000,0.000,0.000,0.000,0.000,0.000,0.000,0.000,0.000,0.000,0.000,1.000,0.000,0.000,0.000,0.000,0.000,Z08,1.000
C00042,C00042,26.3403,38.3495,60,1.000,6.0,0.000,0.000,0.000,0.000,0.000,0.000,0.000,0.000,0.000,0.000,0.000,1.000,0.000,0.000,0.000,0.000,0.000,Z08,1.000
C00043,C00043,26.3518,38.3495,60,1.000,6.0,0.000,0.000,0.000,0.000,0.000,0.000,0.000,0.000,0.000,0.000,0.000,1.000,0.000,0.000,0.000,0.000,0.000,Z08,1.000
C00044,C00044,26.3633,38.3495,60,1.000,6.0,0.000,0.000,0.000,0.000,0.000,0.000,0.000,0.000,0.000,0.000,0.000,1.000,0.000,0.000,0.000,0.000,0.000,Z08,1.000
C00045,C00045,26.3748,38.3495,60,1.000,6.0,0.000,0.000,0.000,0.000,0.000,0.000,0.000,0.000,0.000,0.000,0.000,1.000,0.000,0.000,0.000,0.000,0.000,Z08,1.000
C00046,C00046,26.3863,38.3495,60,1.000,3.0,0.000,0.000,0.000,0.000,0.000,0.000,0.000,0.000,0.000,0.000,0.000,1.000,0.000,0.000,0.000,0.000,0.000,Z08,1.000
C00047,C00047,26.3978,38.3495,60,1.000,3.0,0.000,0.000,0.000,0.000,0.000,0.000,0.000,0.000,0.000,0.000,0.000,1.000,0.000,0.000,0.000,0.000,0.000,Z08,1.000
C00048,C00048,26.4094,38.3495,60,1.000,3.0,0.000,0.000,0.000,0.000,0.000,0.000,0.000,0.000,0.000,0.000,0.000,1.000,0.000,0.000,0.000,0.000,0.000,Z08,1.000
C00049,C00049,26.4209,38.3495,60,1.000,3.0,0.000,0.000,0.000,0.000,0.000,0.000,0.000,0.000,0.000,0.000,0.000,1.000,0.000,0.000,0.000,0.000,0.000,Z08,1.000
C00050,C00050,26.4324,38.3495,60,1.000,3.0,0.000,0.000,0.000,0.000,0.000,0.000,0.000,0.000,0.000,0.000,0.000,1.000,0.000,0.000,0.000,0.000,0.000,Z08,1.000
C00051,C00051,26.4439,38.3495,60,1.000,3.0,0.000,0.000,0.000,0.000,0.000,0.000,0.000,0.050,0.000,0.000,0.000,0.950,0.000,0.000,0.000,0.000,0.000,Z08,0.950
C00052,C00052,26.6511,38.3495,60,1.000,3.0,0.000,0.000,0.000,0.000,0.000,0.000,0.000,1.000,0.000,0.000,0.000,0.000,0.000,0.000,0.000,0.000,0.000,Z15,1.000
C00053,C00053,26.6626,38.3495,60,1.000,6.0,0.000,0.000,0.000,0.000,0.000,0.000,0.000,1.000,0.000,0.000,0.000,0.000,0.000,0.000,0.000,0.000,0.000,Z15,1.000
C00054,C00054,26.6741,38.3495,60,1.000,6.0,0.000,0.000,0.000,0.000,0.000,0.000,0.000,1.000,0.000,0.000,0.000,0.000,0.000,0.000,0.000,0.000,0.000,Z15,1.000
C00055,C00055,26.3173,38.3586,60,1.000,3.0,0.000,0.000,0.000,0.000,0.000,0.000,0.000,0.000,0.000,0.000,0.000,1.000,0.000,0.000,0.000,0.000,0.000,Z08,1.000
C00056,C00056,26.3288,38.3586,60,1.000,3.0,0.000,0.000,0.000,0.000,0.000,0.000,0.000,0.000,0.000,0.000,0.000,1.000,0.000,0.000,0.000,0.000,0.000,Z08,1.000
C00057,C00057,26.3403,38.3586,60,1.000,6.0,0.000,0.000,0.000,0.000,0.000,0.000,0.000,0.000,0.000,0.000,0.000,1.000,0.000,0.000,0.000,0.000,0.000,Z08,1.000
C00058,C00058,26.3518,38.3586,60,1.000,6.0,0.000,0.000,0.000,0.000,0.000,0.000,0.000,0.000,0.000,0.000,0.000,1.000,0.000,0.000,0.000,0.000,0.000,Z08,1.000
C00059,C00059,26.3633,38.3586,60,1.000,6.0,0.000,0.000,0.000,0.000,0.000,0.000,0.000,0.000,0.000,0.000,0.000,1.000,0.000,0.000,0.000,0.000,0.000,Z08,1.000
C00060,C00060,26.3748,38.3586,60,1.000,9.0,0.000,0.000,0.000,0.000,0.000,0.000,0.000,0.000,0.000,0.000,0.000,1.000,0.000,0.000,0.000,0.000,0.000,Z08,1.000
C00061,C00061,26.3863,38.3586,60,1.000,6.0,0.000,0.000,0.000,0.000,0.000,0.000,0.000,0.000,0.000,0.000,0.000,1.000,0.000,0.000,0.000,0.000,0.000,Z08,1.000
C00062,C00062,26.3978,38.3586,60,1.000,3.0,0.000,0.000,0.000,0.000,0.000,0.000,0.000,0.000,0.000,0.000,0.000,1.000,0.000,0.000,0.000,0.000,0.000,Z08,1.000
C00063,C00063,26.4094,38.3586,60,1.000,6.0,0.000,0.000,0.000,0.000,0.000,0.000,0.000,0.000,0.000,0.000,0.000,1.000,0.000,0.000,0.000,0.000,0.000,Z08,1.000
C00064,C00064,26.4209,38.3586,60,1.000,6.0,0.000,0.000,0.000,0.000,0.000,0.000,0.000,0.000,0.000,0.000,0.000,1.000,0.000,0.000,0.000,0.000,0.000,Z08,1.000
C00065,C00065,26.4324,38.3586,60,1.000,6.0,0.000,0.000,0.000,0.000,0.000,0.000,0.000,0.000,0.000,0.000,0.000,1.000,0.000,0.000,0.000,0.000,0.000,Z08,1.000
C00066,C00066,26.4439,38.3586,60,1.000,3.0,0.000,0.000,0.000,0.000,0.000,0.000,0.000,0.067,0.000,0.000,0.000,0.933,0.000,0.000,0.000,0.000,0.000,Z08,0.933
C00067,C00067,26.6511,38.3586,60,1.000,3.0,0.000,0.000,0.000,0.000,0.000,0.000,0.000,1.000,0.000,0.000,0.000,0.000,0.000,0.000,0.000,0.000,0.000,Z15,1.000
C00068,C00068,26.6626,38.3586,60,1.000,6.0,0.000,0.000,0.000,0.000,0.000,0.000,0.000,1.000,0.000,0.000,0.000,0.000,0.000,0.000,0.000,0.000,0.000,Z15,1.000
C00069,C00069,26.6741,38.3586,60,1.000,6.0,0.000,0.000,0.000,0.000,0.000,0.000,0.000,1.000,0.000,0.000,0.000,0.000,0.000,0.000,0.000,0.000,0.000,Z15,1.000
C00070,C00070,26.8008,38.3586,60,1.000,3.0,0.000,0.000,0.000,0.000,0.000,0.000,1.000,0.000,0.000,0.000,0.000,0.000,0.000,0.000,0.000,0.000,0.000,Z05,1.000
C00071,C00071,26.8123,38.3586,60,1.000,3.0,0.000,0.000,0.000,0.000,0.000,0.000,1.000,0.000,0.000,0.000,0.000,0.000,0.000,0.000,0.000,0.000,0.000,Z05,1.000
C00072,C00072,26.3058,38.3676,60,1.000,3.0,0.000,0.000,0.000,0.000,0.000,0.000,0.000,0.000,0.000,0.000,0.000,1.000,0.000,0.000,0.000,0.000,0.000,Z08,1.000
C00073,C00073,26.3173,38.3676,60,1.000,3.0,0.000,0.000,0.000,0.000,0.000,0.000,0.000,0.000,0.000,0.000,0.000,1.000,0.000,0.000,0.000,0.000,0.000,Z08,1.000
C00074,C00074,26.3288,38.3676,60,1.000,6.0,0.000,0.000,0.000,0.000,0.000,0.000,0.000,0.000,0.000,0.000,0.000,1.000,0.000,0.000,0.000,0.000,0.000,Z08,1.000
C00075,C00075,26.3403,38.3676,60,1.000,6.0,0.000,0.000,0.000,0.000,0.000,0.000,0.000,0.000,0.000,0.000,0.000,1.000,0.000,0.000,0.000,0.000,0.000,Z08,1.000
C00076,C00076,26.3518,38.3676,60,1.000,9.0,0.000,0.000,0.000,0.000,0.000,0.000,0.000,0.000,0.000,0.000,0.000,1.000,0.000,0.000,0.000,0.000,0.000,Z08,1.000
C00077,C00077,26.3633,38.3676,60,1.000,9.0,0.000,0.000,0.000,0.000,0.000,0.000,0.000,0.000,0.000,0.000,0.000,1.000,0.000,0.000,0.000,0.000,0.000,Z08,1.000
C00078,C00078,26.3748,38.3676,60,1.000,9.0,0.000,0.000,0.000,0.000,0.000,0.000,0.000,0.000,0.000,0.000,0.000,1.000,0.000,0.000,0.000,0.000,0.000,Z08,1.000
C00079,C00079,26.3863,38.3676,60,1.000,9.0,0.000,0.000,0.000,0.000,0.000,0.000,0.000,0.000,0.000,0.000,0.000,1.000,0.000,0.000,0.000,0.000,0.000,Z08,1.000
C00080,C00080,26.3978,38.3676,60,1.000,6.0,0.000,0.000,0.000,0.000,0.000,0.000,0.000,0.000,0.000,0.000,0.000,1.000,0.000,0.000,0.000,0.000,0.000,Z08,1.000
C00081,C00081,26.4094,38.3676,60,1.000,6.0,0.000,0.000,0.000,0.000,0.000,0.000,0.000,0.000,0.000,0.000,0.000,1.000,0.000,0.000,0.000,0.000,0.000,Z08,1.000
C00082,C00082,26.4209,38.3676,60,1.000,6.0,0.000,0.000,0.000,0.000,0.000,0.000,0.000,0.000,0.000,0.000,0.000,1.000,0.000,0.000,0.000,0.000,0.000,Z08,1.000
C00083,C00083,26.4324,38.3676,60,1.000,6.0,0.000,0.000,0.000,0.000,0.000,0.000,0.000,0.000,0.000,0.000,0.000,1.000,0.000,0.000,0.000,0.000,0.000,Z08,1.000
C00084,C00084,26.4439,38.3676,60,1.000,3.0,0.000,0.000,0.000,0.000,0.000,0.000,0.000,0.083,0.000,0.000,0.000,0.917,0.000,0.000,0.000,0.000,0.000,Z08,0.917
C00085,C00085,26.4554,38.3676,60,1.000,3.0,0.000,0.000,0.000,0.000,0.000,0.000,0.000,0.717,0.000,0.000,0.000,0.283,0.000,0.000,0.000,0.000,0.000,Z15,0.717
C00086,C00086,26.4669,38.3676,60,1.000,3.0,0.000,0.000,0.000,0.000,0.000,0.000,0.000,0.967,0.000,0.000,0.000,0.033,0.000,0.000,0.000,0.000,0.000,Z15,0.967
C00087,C00087,26.6511,38.3676,60,1.000,4.5,0.000,0.000,0.000,0.000,0.000,0.000,0.000,1.000,0.000,0.000,0.000,0.000,0.000,0.000,0.000,0.000,0.000,Z15,1.000
C00088,C00088,26.6626,38.3676,60,1.000,6.0,0.000,0.000,0.000,0.000,0.000,0.000,0.000,1.000,0.000,0.000,0.000,0.000,0.000,0.000,0.000,0.000,0.000,Z15,1.000
C00089,C00089,26.6741,38.3676,60,1.000,6.0,0.000,0.000,0.000,0.000,0.000,0.000,0.000,1.000,0.000,0.000,0.000,0.000,0.000,0.000,0.000,0.000,0.000,Z15,1.000
C00090,C00090,26.7662,38.3676,60,1.000,3.0,0.000,0.000,0.000,0.000,0.000,0.000,1.000,0.000,0.000,0.000,0.000,0.000,0.000,0.000,0.000,0.000,0.000,Z05,1.000
C00091,C00091,26.7777,38.3676,60,1.000,3.0,0.000,0.000,0.000,0.000,0.000,0.000,1.000,0.000,0.000,0.000,0.000,0.000,0.000,0.000,0.000,0.000,0.000,Z05,1.000
C00092,C00092,26.7892,38.3676,60,1.000,3.0,0.000,0.000,0.000,0.000,0.000,0.000,1.000,0.000,0.000,0.000,0.000,0.000,0.000,0.000,0.000,0.000,0.000,Z05,1.000
C00093,C00093,26.8008,38.3676,60,1.000,3.0,0.000,0.000,0.000,0.000,0.000,0.000,1.000,0.000,0.000,0.000,0.000,0.000,0.000,0.000,0.000,0.000,0.000,Z05,1.000
C00094,C00094,26.8123,38.3676,60,1.000,4.5,0.000,0.000,0.000,0.000,0.000,0.000,1.000,0.000,0.000,0.000,0.000,0.000,0.000,0.000,0.000,0.000,0.000,Z05,1.000
C00095,C00095,26.8238,38.3676,60,1.000,3.0,0.000,0.000,0.000,0.000,0.000,0.000,1.000,0.000,0.000,0.000,0.000,0.000,0.000,0.000,0.000,0.000,0.000,Z05,1.000
C00096,C00096,26.8353,38.3676,60,1.000,3.0,0.000,0.000,0.000,0.000,0.000,0.000,1.000,0.000,0.000,0.000,0.000,0.000,0.000,0.000,0.000,0.000,0.000,Z05,1.000
C00097,C00097,26.3058,38.3766,60,1.000,3.0,0.000,0.000,0.000,0.000,0.000,0.000,0.000,0.000,0.000,0.000,0.000,1.000,0.000,0.000,0.000,0.000,0.000,Z08,1.000
C00098,C00098,26.3173,38.3766,60,1.000,3.0,0.000,0.000,0.000,0.000,0.000,0.000,0.000,0.000,0.000,0.000,0.000,1.000,0.000,0.000,0.000,0.000,0.000,Z08,1.000
C00099,C00099,26.3288,38.3766,60,1.000,6.0,0.000,0.000,0.000,0.000,0.000,0.000,0.000,0.000,0.000,0.000,0.000,1.000,0.000,0.000,0.000,0.000,0.000,Z08,1.000
C00100,C00100,26.3403,38.3766,60,1.000,6.0,0.000,0.000,0.000,0.000,0.000,0.000,0.000,0.000,0.000,0.000,0.000,1.000,0.000,0.000,0.000,0.000,0.000,Z08,1.000
C00101,C00101,26.3518,38.3766,60,1.000,9.0,0.000,0.000,0.000,0.000,0.000,0.000,0.000,0.000,0.000,0.000,0.000,1.000,0.000,0.000,0.000,0.000,0.000,Z08,1.000
C00102,C00102,26.3633,38.3766,60,1.000,9.0,0.000,0.000,0.000,0.000,0.000,0.000,0.000,0.000,0.000,0.000,0.000,1.000,0.000,0.000,0.000,0.000,0.000,Z08,1.000
C00103,C00103,26.3748,38.3766,60,1.000,9.0,0.000,0.000,0.000,0.000,0.000,0.000,0.000,0.000,0.000,0.000,0.000,1.000,0.000,0.000,0.000,0.000,0.000,Z08,1.000
C00104,C00104,26.3863,38.3766,60,1.000,9.0,0.000,0.000,0.000,0.000,0.000,0.000,0.000,0.000,0.000,0.000,0.000,1.000,0.000,0.000,0.000,0.000,0.000,Z08,1.000
C00105,C00105,26.3978,38.3766,60,1.000,9.0,0.000,0.000,0.000,0.000,0.000,0.000,0.000,0.000,0.000,0.000,0.000,1.000,0.000,0.000,0.000,0.000,0.000,Z08,1.000
C00106,C00106,26.4094,38.3766,60,1.000,7.5,0.000,0.000,0.000,0.000,0.000,0.000,0.000,0.000,0.000,0.000,0.000,1.000,0.000,0.000,0.000,0.000,0.000,Z08,1.000
C00107,C00107,26.4209,38.3766,60,1.000,9.0,0.000,0.000,0.000,0.000,0.000,0.000,0.000,0.000,0.000,0.000,0.000,1.000,0.000,0.000,0.000,0.000,0.000,Z08,1.000
C00108,C00108,26.4324,38.3766,60,1.000,6.0,0.000,0.000,0.000,0.000,0.000,0.000,0.000,0.000,0.000,0.000,0.000,1.000,0.000,0.000,0.000,0.000,0.000,Z08,1.000
C00109,C00109,26.4439,38.3766,60,1.000,6.0,0.000,0.000,0.000,0.000,0.000,0.000,0.000,0.050,0.000,0.000,0.000,0.950,0.000,0.000,0.000,0.000,0.000,Z08,0.950
C00110,C00110,26.4554,38.3766,60,1.000,3.0,0.000,0.000,0.000,0.000,0.000,0.000,0.000,0.383,0.000,0.000,0.000,0.617,0.000,0.000,0.000,0.000,0.000,Z08,0.617
C00111,C00111,26.4669,38.3766,60,1.000,3.0,0.000,0.000,0.000,0.000,0.000,0.000,0.000,0.950,0.000,0.000,0.000,0.050,0.000,0.000,0.000,0.000,0.000,Z15,0.950
C00112,C00112,26.4784,38.3766,60,1.000,3.0,0.000,0.000,0.000,0.000,0.000,0.000,0.000,1.000,0.000,0.000,0.000,0.000,0.000,0.000,0.000,0.000,0.000,Z15,1.000
C00113,C00113,26.6396,38.3766,60,1.000,3.0,0.000,0.000,0.000,0.000,0.000,0.000,0.000,1.000,0.000,0.000,0.000,0.000,0.000,0.000,0.000,0.000,0.000,Z15,1.000
C00114,C00114,26.6511,38.3766,60,1.000,6.0,0.000,0.000,0.000,0.000,0.000,0.000,0.000,1.000,0.000,0.000,0.000,0.000,0.000,0.000,0.000,0.000,0.000,Z15,1.000
C00115,C00115,26.6626,38.3766,60,1.000,9.0,0.000,0.000,0.000,0.000,0.000,0.000,0.000,1.000,0.000,0.000,0.000,0.000,0.000,0.000,0.000,0.000,0.000,Z15,1.000
C00116,C00116,26.6741,38.3766,60,1.000,9.0,0.000,0.000,0.000,0.000,0.000,0.000,0.000,1.000,0.000,0.000,0.000,0.000,0.000,0.000,0.000,0.000,0.000,Z15,1.000
C00117,C00117,26.7662,38.3766,60,1.000,3.0,0.000,0.000,0.000,0.000,0.000,0.000,1.000,0.000,0.000,0.000,0.000,0.000,0.000,0.000,0.000,0.000,0.000,Z05,1.000
C00118,C00118,26.7777,38.3766,60,1.000,3.0,0.000,0.000,0.000,0.000,0.000,0.000,1.000,0.000,0.000,0.000,0.000,0.000,0.000,0.000,0.000,0.000,0.000,Z05,1.000
C00119,C00119,26.7892,38.3766,60,1.000,3.0,0.000,0.000,0.000,0.000,0.000,0.000,1.000,0.000,0.000,0.000,0.000,0.000,0.000,0.000,0.000,0.000,0.000,Z05,1.000
C00120,C00120,26.8008,38.3766,60,1.000,6.0,0.000,0.000,0.000,0.000,0.000,0.000,1.000,0.000,0.000,0.000,0.000,0.000,0.000,0.000,0.000,0.000,0.000,Z05,1.000
C00121,C00121,26.8123,38.3766,60,1.000,6.0,0.000,0.000,0.000,0.000,0.000,0.000,1.000,0.000,0.000,0.000,0.000,0.000,0.000,0.000,0.000,0.000,0.000,Z05,1.000
C00122,C00122,26.8238,38.3766,60,1.000,6.0,0.000,0.000,0.000,0.000,0.000,0.000,1.000,0.000,0.000,0.000,0.000,0.000,0.000,0.000,0.000,0.000,0.000,Z05,1.000
C00123,C00123,26.8353,38.3766,60,1.000,3.0,0.000,0.000,0.000,0.000,0.000,0.000,1.000,0.000,0.000,0.000,0.000,0.000,0.000,0.000,0.000,0.000,0.000,Z05,1.000
C00124,C00124,26.8468,38.3766,60,1.000,3.0,0.000,0.000,0.000,0.000,0.000,0.000,1.000,0.000,0.000,0.000,0.000,0.000,0.000,0.000,0.000,0.000,0.000,Z05,1.000
C00125,C00125,26.8583,38.3766,60,1.000,3.0,0.000,0.000,0.000,0.000,0.000,0.000,1.000,0.000,0.000,0.000,0.000,0.000,0.000,0.000,0.000,0.000,0.000,Z05,1.000
C00126,C00126,26.8698,38.3766,60,1.000,3.0,0.000,0.000,0.000,0.000,0.000,0.000,1.000,0.000,0.000,0.000,0.000,0.000,0.000,0.000,0.000,0.000,0.000,Z05,1.000
C00127,C00127,26.8813,38.3766,60,1.000,3.0,0.000,0.000,0.000,0.000,0.000,0.000,1.000,0.000,0.000,0.000,0.000,0.000,0.000,0.000,0.000,0.000,0.000,Z05,1.000
C00128,C00128,26.8928,38.3766,60,1.000,3.0,0.000,0.000,0.000,0.000,0.000,0.000,1.000,0.000,0.000,0.000,0.000,0.000,0.000,0.000,0.000,0.000,0.000,Z05,1.000
C00129,C00129,26.9044,38.3766,60,1.000,3.0,0.000,0.000,0.000,0.000,0.000,0.000,1.000,0.000,0.000,0.000,0.000,0.000,0.000,0.000,0.000,0.000,0.000,Z05,1.000
C00130,C00130,26.3058,38.3856,60,1.000,6.0,0.000,0.000,0.000,0.000,0.000,0.000,0.000,0.000,0.000,0.000,0.000,1.000,0.000,0.000,0.000,0.000,0.000,Z08,1.000
C00131,C00131,26.3173,38.3856,60,1.000,6.0,0.000,0.000,0.000,0.000,0.000,0.000,0.000,0.000,0.000,0.000,0.000,1.000,0.000,0.000,0.000,0.000,0.000,Z08,1.000
C00132,C00132,26.3288,38.3856,60,1.000,6.0,0.000,0.000,0.000,0.000,0.000,0.000,0.000,0.000,0.000,0.000,0.000,1.000,0.000,0.000,0.000,0.000,0.000,Z08,1.000
C00133,C00133,26.3403,38.3856,60,1.000,6.0,0.000,0.000,0.000,0.000,0.000,0.000,0.000,0.000,0.000,0.000,0.000,1.000,0.000,0.000,0.000,0.000,0.000,Z08,1.000
C00134,C00134,26.3518,38.3856,60,1.000,9.0,0.000,0.000,0.000,0.000,0.000,0.000,0.000,0.000,0.000,0.000,0.000,1.000,0.000,0.000,0.000,0.000,0.000,Z08,1.000
C00135,C00135,26.3633,38.3856,60,1.000,12.0,0.000,0.000,0.000,0.000,0.000,0.000,0.000,0.000,0.000,0.000,0.000,1.000,0.000,0.000,0.000,0.000,0.000,Z08,1.000
C00136,C00136,26.3748,38.3856,60,1.000,12.0,0.000,0.000,0.000,0.000,0.000,0.000,0.000,0.000,0.000,0.000,0.000,1.000,0.000,0.000,0.000,0.000,0.000,Z08,1.000
C00137,C00137,26.3863,38.3856,60,1.000,12.0,0.000,0.000,0.000,0.000,0.000,0.000,0.000,0.000,0.000,0.000,0.000,1.000,0.000,0.000,0.000,0.000,0.000,Z08,1.000
C00138,C00138,26.3978,38.3856,60,1.000,9.0,0.000,0.000,0.000,0.000,0.000,0.000,0.000,0.000,0.000,0.000,0.000,1.000,0.000,0.000,0.000,0.000,0.000,Z08,1.000
C00139,C00139,26.4094,38.3856,60,1.000,9.0,0.000,0.000,0.000,0.000,0.000,0.000,0.000,0.000,0.000,0.000,0.000,1.000,0.000,0.000,0.000,0.000,0.000,Z08,1.000
C00140,C00140,26.4209,38.3856,60,1.000,9.0,0.000,0.000,0.000,0.000,0.000,0.000,0.000,0.000,0.000,0.000,0.000,1.000,0.000,0.000,0.000,0.000,0.000,Z08,1.000
C00141,C00141,26.4324,38.3856,60,1.000,9.0,0.000,0.000,0.000,0.000,0.000,0.000,0.000,0.000,0.000,0.000,0.000,1.000,0.000,0.000,0.000,0.000,0.000,Z08,1.000
C00142,C00142,26.4439,38.3856,60,1.000,6.0,0.000,0.000,0.000,0.000,0.000,0.000,0.000,0.050,0.000,0.000,0.000,0.950,0.000,0.000,0.000,0.000,0.000,Z08,0.950
C00143,C00143,26.4554,38.3856,60,1.000,6.0,0.000,0.000,0.000,0.000,0.000,0.000,0.000,0.300,0.000,0.000,0.000,0.700,0.000,0.000,0.000,0.000,0.000,Z08,0.700
C00144,C00144,26.4669,38.3856,60,1.000,3.0,0.000,0.000,0.000,0.000,0.000,0.000,0.000,0.967,0.000,0.000,0.000,0.033,0.000,0.000,0.000,0.000,0.000,Z15,0.967
C00145,C00145,26.6281,38.3856,60,1.000,3.0,0.000,0.000,0.000,0.000,0.000,0.000,0.000,1.000,0.000,0.000,0.000,0.000,0.000,0.000,0.000,0.000,0.000,Z15,1.000
C00146,C00146,26.6396,38.3856,60,1.000,3.0,0.000,0.000,0.000,0.000,0.000,0.000,0.000,1.000,0.000,0.000,0.000,0.000,0.000,0.000,0.000,0.000,0.000,Z15,1.000
C00147,C00147,26.6511,38.3856,60,1.000,6.0,0.000,0.000,0.000,0.000,0.000,0.000,0.000,1.000,0.000,0.000,0.000,0.000,0.000,0.000,0.000,0.000,0.000,Z15,1.000
C00148,C00148,26.6626,38.3856,60,1.000,9.0,0.000,0.000,0.000,0.000,0.000,0.000,0.000,1.000,0.000,0.000,0.000,0.000,0.000,0.000,0.000,0.000,0.000,Z15,1.000
C00149,C00149,26.6741,38.3856,60,1.000,9.0,0.000,0.000,0.000,0.000,0.000,0.000,0.000,1.000,0.000,0.000,0.000,0.000,0.000,0.000,0.000,0.000,0.000,Z15,1.000
C00150,C00150,26.7662,38.3856,60,1.000,3.0,0.000,0.000,0.000,0.000,0.000,0.000,1.000,0.000,0.000,0.000,0.000,0.000,0.000,0.000,0.000,0.000,0.000,Z05,1.000
C00151,C00151,26.7777,38.3856,60,1.000,6.0,0.000,0.000,0.000,0.000,0.000,0.000,1.000,0.000,0.000,0.000,0.000,0.000,0.000,0.000,0.000,0.000,0.000,Z05,1.000
C00152,C00152,26.7892,38.3856,60,1.000,3.0,0.000,0.000,0.000,0.000,0.000,0.000,1.000,0.000,0.000,0.000,0.000,0.000,0.000,0.000,0.000,0.000,0.000,Z05,1.000
C00153,C00153,26.8008,38.3856,60,1.000,6.0,0.000,0.000,0.000,0.000,0.000,0.000,1.000,0.000,0.000,0.000,0.000,0.000,0.000,0.000,0.000,0.000,0.000,Z05,1.000
C00154,C00154,26.8123,38.3856,60,1.000,9.0,0.000,0.000,0.000,0.000,0.000,0.000,1.000,0.000,0.000,0.000,0.000,0.000,0.000,0.000,0.000,0.000,0.000,Z05,1.000
C00155,C00155,26.8238,38.3856,60,1.000,6.0,0.000,0.000,0.000,0.000,0.000,0.000,1.000,0.000,0.000,0.000,0.000,0.000,0.000,0.000,0.000,0.000,0.000,Z05,1.000
C00156,C00156,26.8353,38.3856,60,1.000,6.0,0.000,0.000,0.000,0.000,0.000,0.000,1.000,0.000,0.000,0.000,0.000,0.000,0.000,0.000,0.000,0.000,0.000,Z05,1.000
C00157,C00157,26.8468,38.3856,60,1.000,6.0,0.000,0.000,0.000,0.000,0.000,0.000,1.000,0.000,0.000,0.000,0.000,0.000,0.000,0.000,0.000,0.000,0.000,Z05,1.000
C00158,C00158,26.8583,38.3856,60,1.000,6.0,0.000,0.000,0.000,0.000,0.000,0.000,1.000,0.000,0.000,0.000,0.000,0.000,0.000,0.000,0.000,0.000,0.000,Z05,1.000
C00159,C00159,26.8698,38.3856,60,1.000,6.0,0.000,0.000,0.000,0.000,0.000,0.000,1.000,0.000,0.000,0.000,0.000,0.000,0.000,0.000,0.000,0.000,0.000,Z05,1.000
C00160,C00160,26.8813,38.3856,60,1.000,3.0,0.000,0.000,0.000,0.000,0.000,0.000,1.000,0.000,0.000,0.000,0.000,0.000,0.000,0.000,0.000,0.000,0.000,Z05,1.000
C00161,C00161,26.8928,38.3856,60,1.000,3.0,0.000,0.000,0.000,0.000,0.000,0.000,1.000,0.000,0.000,0.000,0.000,0.000,0.000,0.000,0.000,0.000,0.000,Z05,1.000
C00162,C00162,26.9044,38.3856,60,1.000,3.0,0.000,0.000,0.000,0.000,0.000,0.000,1.000,0.000,0.000,0.000,0.000,0.000,0.000,0.000,0.000,0.000,0.000,Z05,1.000
C00163,C00163,26.9159,38.3856,60,1.000,3.0,0.000,0.000,0.000,0.000,0.000,0.000,1.000,0.000,0.000,0.000,0.000,0.000,0.000,0.000,0.000,0.000,0.000,Z05,1.000
C00164,C00164,26.9274,38.3856,60,1.000,3.0,0.000,0.000,0.000,0.000,0.000,0.000,1.000,0.000,0.000,0.000,0.000,0.000,0.000,0.000,0.000,0.000,0.000,Z05,1.000
C00165,C00165,26.9389,38.3856,60,1.000,3.0,0.000,0.000,0.000,0.000,0.000,0.000,1.000,0.000,0.000,0.000,0.000,0.000,0.000,0.000,0.000,0.000,0.000,Z05,1.000
C00166,C00166,26.3058,38.3946,60,1.000,6.0,0.000,0.000,0.000,0.000,0.000,0.000,0.000,0.000,0.000,0.000,0.000,1.000,0.000,0.000,0.000,0.000,0.000,Z08,1.000
C00167,C00167,26.3173,38.3946,60,1.000,6.0,0.000,0.000,0.000,0.000,0.000,0.000,0.000,0.000,0.000,0.000,0.000,1.000,0.000,0.000,0.000,0.000,0.000,Z08,1.000
C00168,C00168,26.3288,38.3946,60,1.000,6.0,0.000,0.000,0.000,0.000,0.000,0.000,0.000,0.000,0.000,0.000,0.000,1.000,0.000,0.000,0.000,0.000,0.000,Z08,1.000
C00169,C00169,26.3403,38.3946,60,1.000,6.0,0.000,0.000,0.000,0.000,0.000,0.000,0.000,0.000,0.000,0.000,0.000,1.000,0.000,0.000,0.000,0.000,0.000,Z08,1.000
C00170,C00170,26.3518,38.3946,60,1.000,9.0,0.000,0.000,0.000,0.000,0.000,0.000,0.000,0.000,0.000,0.000,0.000,1.000,0.000,0.000,0.000,0.000,0.000,Z08,1.000
C00171,C00171,26.3633,38.3946,60,1.000,12.0,0.000,0.000,0.000,0.000,0.000,0.000,0.000,0.000,0.000,0.000,0.000,1.000,0.000,0.000,0.000,0.000,0.000,Z08,1.000
C00172,C00172,26.3748,38.3946,60,1.000,12.0,0.000,0.000,0.000,0.000,0.000,0.000,0.000,0.000,0.000,0.000,0.000,1.000,0.000,0.000,0.000,0.000,0.000,Z08,1.000
C00173,C00173,26.3863,38.3946,60,1.000,12.0,0.000,0.000,0.000,0.000,0.000,0.000,0.000,0.000,0.000,0.000,0.000,1.000,0.000,0.000,0.000,0.000,0.000,Z08,1.000
C00174,C00174,26.3978,38.3946,60,1.000,12.0,0.000,0.000,0.000,0.000,0.000,0.000,0.000,0.000,0.000,0.000,0.000,1.000,0.000,0.000,0.000,0.000,0.000,Z08,1.000
C00175,C00175,26.4094,38.3946,60,1.000,12.0,0.000,0.000,0.000,0.000,0.000,0.000,0.000,0.000,0.000,0.000,0.000,1.000,0.000,0.000,0.000,0.000,0.000,Z08,1.000
C00176,C00176,26.4209,38.3946,60,1.000,9.0,0.000,0.000,0.000,0.000,0.000,0.000,0.000,0.000,0.000,0.000,0.000,1.000,0.000,0.000,0.000,0.000,0.000,Z08,1.000
C00177,C00177,26.4324,38.3946,60,1.000,7.5,0.000,0.000,0.000,0.000,0.000,0.000,0.000,0.000,0.000,0.000,0.000,1.000,0.000,0.000,0.000,0.000,0.000,Z08,1.000
C00178,C00178,26.4439,38.3946,60,1.000,3.0,0.000,0.000,0.000,0.000,0.000,0.000,0.000,0.017,0.000,0.000,0.000,0.983,0.000,0.000,0.000,0.000,0.000,Z08,0.983
C00179,C00179,26.4554,38.3946,60,1.000,6.0,0.000,0.000,0.000,0.000,0.000,0.000,0.000,0.383,0.000,0.000,0.000,0.617,0.000,0.000,0.000,0.000,0.000,Z08,0.617
C00180,C00180,26.4669,38.3946,60,1.000,3.0,0.000,0.000,0.000,0.000,0.000,0.000,0.000,0.900,0.000,0.000,0.000,0.100,0.000,0.000,0.000,0.000,0.000,Z15,0.900
C00181,C00181,26.6281,38.3946,60,1.000,3.0,0.000,0.000,0.000,0.000,0.000,0.000,0.000,1.000,0.000,0.000,0.000,0.000,0.000,0.000,0.000,0.000,0.000,Z15,1.000
C00182,C00182,26.6396,38.3946,60,1.000,3.0,0.000,0.000,0.000,0.000,0.000,0.000,0.000,1.000,0.000,0.000,0.000,0.000,0.000,0.000,0.000,0.000,0.000,Z15,1.000
C00183,C00183,26.6511,38.3946,60,1.000,6.0,0.000,0.000,0.000,0.000,0.000,0.000,0.000,1.000,0.000,0.000,0.000,0.000,0.000,0.000,0.000,0.000,0.000,Z15,1.000
C00184,C00184,26.6626,38.3946,60,1.000,9.0,0.000,0.000,0.000,0.000,0.000,0.000,0.000,1.000,0.000,0.000,0.000,0.000,0.000,0.000,0.000,0.000,0.000,Z15,1.000
C00185,C00185,26.6741,38.3946,60,1.000,9.0,0.000,0.000,0.000,0.000,0.000,0.000,0.000,1.000,0.000,0.000,0.000,0.000,0.000,0.000,0.000,0.000,0.000,Z15,1.000
C00186,C00186,26.7547,38.3946,60,1.000,3.0,0.000,0.000,0.000,0.000,0.000,0.100,0.700,0.200,0.000,0.000,0.000,0.000,0.000,0.000,0.000,0.000,0.000,Z05,0.700
C00187,C00187,26.7662,38.3946,60,1.000,6.0,0.000,0.000,0.000,0.000,0.000,0.000,1.000,0.000,0.000,0.000,0.000,0.000,0.000,0.000,0.000,0.000,0.000,Z05,1.000
C00188,C00188,26.7777,38.3946,60,1.000,6.0,0.000,0.000,0.000,0.000,0.000,0.033,0.967,0.000,0.000,0.000,0.000,0.000,0.000,0.000,0.000,0.000,0.000,Z05,0.967
C00189,C00189,26.7892,38.3946,60,1.000,6.0,0.000,0.000,0.000,0.000,0.000,0.250,0.750,0.000,0.000,0.000,0.000,0.000,0.000,0.000,0.000,0.000,0.000,Z05,0.750
C00190,C00190,26.8008,38.3946,60,1.000,9.0,0.000,0.000,0.000,0.000,0.000,0.017,0.983,0.000,0.000,0.000,0.000,0.000,0.000,0.000,0.000,0.000,0.000,Z05,0.983
C00191,C00191,26.8123,38.3946,60,1.000,9.0,0.000,0.000,0.000,0.000,0.000,0.000,1.000,0.000,0.000,0.000,0.000,0.000,0.000,0.000,0.000,0.000,0.000,Z05,1.000
C00192,C00192,26.8238,38.3946,60,1.000,9.0,0.000,0.000,0.000,0.000,0.000,0.000,1.000,0.000,0.000,0.000,0.000,0.000,0.000,0.000,0.000,0.000,0.000,Z05,1.000
C00193,C00193,26.8353,38.3946,60,1.000,9.0,0.000,0.000,0.000,0.000,0.000,0.000,1.000,0.000,0.000,0.000,0.000,0.000,0.000,0.000,0.000,0.000,0.000,Z05,1.000
C00194,C00194,26.8468,38.3946,60,1.000,9.0,0.000,0.000,0.000,0.000,0.000,0.000,1.000,0.000,0.000,0.000,0.000,0.000,0.000,0.000,0.000,0.000,0.000,Z05,1.000
C00195,C00195,26.8583,38.3946,60,1.000,9.0,0.000,0.000,0.000,0.000,0.000,0.000,1.000,0.000,0.000,0.000,0.000,0.000,0.000,0.000,0.000,0.000,0.000,Z05,1.000
C00196,C00196,26.8698,38.3946,60,1.000,6.0,0.000,0.000,0.000,0.000,0.000,0.000,1.000,0.000,0.000,0.000,0.000,0.000,0.000,0.000,0.000,0.000,0.000,Z05,1.000
C00197,C00197,26.8813,38.3946,60,1.000,6.0,0.000,0.000,0.000,0.000,0.000,0.000,1.000,0.000,0.000,0.000,0.000,0.000,0.000,0.000,0.000,0.000,0.000,Z05,1.000
C00198,C00198,26.8928,38.3946,60,1.000,6.0,0.000,0.000,0.000,0.000,0.000,0.000,1.000,0.000,0.000,0.000,0.000,0.000,0.000,0.000,0.000,0.000,0.000,Z05,1.000
C00199,C00199,26.9044,38.3946,60,1.000,6.0,0.000,0.000,0.000,0.000,0.000,0.000,1.000,0.000,0.000,0.000,0.000,0.000,0.000,0.000,0.000,0.000,0.000,Z05,1.000
C00200,C00200,26.9159,38.3946,60,1.000,6.0,0.000,0.000,0.000,0.000,0.000,0.000,1.000,0.000,0.000,0.000,0.000,0.000,0.000,0.000,0.000,0.000,0.000,Z05,1.000
C00201,C00201,26.9274,38.3946,60,1.000,6.0,0.000,0.000,0.000,0.000,0.000,0.000,1.000,0.000,0.000,0.000,0.000,0.000,0.000,0.000,0.000,0.000,0.000,Z05,1.000
C00202,C00202,26.9389,38.3946,60,1.000,6.0,0.000,0.000,0.000,0.000,0.000,0.000,1.000,0.000,0.000,0.000,0.000,0.000,0.000,0.000,0.000,0.000,0.000,Z05,1.000
C00203,C00203,26.9504,38.3946,60,1.000,3.0,0.000,0.000,0.000,0.000,0.000,0.000,1.000,0.000,0.000,0.000,0.000,0.000,0.000,0.000,0.000,0.000,0.000,Z05,1.000
C00204,C00204,26.9619,38.3946,60,1.000,3.0,0.000,0.000,0.000,0.000,0.000,0.000,1.000,0.000,0.000,0.000,0.000,0.000,0.000,0.000,0.000,0.000,0.000,Z05,1.000
C00205,C00205,26.9734,38.3946,60,1.000,3.0,0.000,0.000,0.000,0.000,0.000,0.000,1.000,0.000,0.000,0.000,0.000,0.000,0.000,0.000,0.000,0.000,0.000,Z05,1.000
C00206,C00206,26.3058,38.4036,60,1.000,6.0,0.000,0.000,0.000,0.000,0.000,0.000,0.000,0.000,0.000,0.000,0.000,1.000,0.000,0.000,0.000,0.000,0.000,Z08,1.000
C00207,C00207,26.3173,38.4036,60,1.000,6.0,0.000,0.000,0.000,0.000,0.000,0.000,0.000,0.000,0.000,0.000,0.000,1.000,0.000,0.000,0.000,0.000,0.000,Z08,1.000
C00208,C00208,26.3288,38.4036,60,1.000,9.0,0.000,0.000,0.000,0.000,0.000,0.000,0.000,0.000,0.000,0.000,0.000,1.000,0.000,0.000,0.000,0.000,0.000,Z08,1.000
C00209,C00209,26.3403,38.4036,60,1.000,9.0,0.000,0.000,0.000,0.000,0.000,0.000,0.000,0.000,0.000,0.000,0.000,1.000,0.000,0.000,0.000,0.000,0.000,Z08,1.000
C00210,C00210,26.3518,38.4036,60,1.000,9.0,0.000,0.000,0.000,0.000,0.000,0.000,0.000,0.000,0.000,0.000,0.000,1.000,0.000,0.000,0.000,0.000,0.000,Z08,1.000
C00211,C00211,26.3633,38.4036,60,1.000,9.0,0.000,0.000,0.000,0.000,0.000,0.000,0.000,0.000,0.000,0.000,0.000,1.000,0.000,0.000,0.000,0.000,0.000,Z08,1.000
C00212,C00212,26.3748,38.4036,60,1.000,12.0,0.000,0.000,0.000,0.000,0.000,0.000,0.000,0.000,0.000,0.000,0.000,1.000,0.000,0.000,0.000,0.000,0.000,Z08,1.000
C00213,C00213,26.3863,38.4036,60,1.000,12.0,0.000,0.000,0.000,0.000,0.000,0.000,0.000,0.000,0.000,0.000,0.000,1.000,0.000,0.000,0.000,0.000,0.000,Z08,1.000
C00214,C00214,26.3978,38.4036,60,1.000,12.0,0.000,0.000,0.000,0.000,0.000,0.000,0.000,0.000,0.000,0.000,0.000,1.000,0.000,0.000,0.000,0.000,0.000,Z08,1.000
C00215,C00215,26.4094,38.4036,60,1.000,12.0,0.000,0.000,0.000,0.000,0.000,0.000,0.000,0.000,0.000,0.000,0.000,1.000,0.000,0.000,0.000,0.000,0.000,Z08,1.000
C00216,C00216,26.4209,38.4036,60,1.000,9.0,0.000,0.000,0.000,0.000,0.000,0.000,0.000,0.000,0.000,0.000,0.000,1.000,0.000,0.000,0.000,0.000,0.000,Z08,1.000
C00217,C00217,26.4324,38.4036,60,1.000,9.0,0.000,0.000,0.000,0.000,0.000,0.000,0.000,0.000,0.000,0.000,0.000,1.000,0.000,0.000,0.000,0.000,0.000,Z08,1.000
C00218,C00218,26.4439,38.4036,60,1.000,6.0,0.000,0.000,0.000,0.000,0.000,0.000,0.000,0.017,0.000,0.000,0.000,0.983,0.000,0.000,0.000,0.000,0.000,Z08,0.983
C00219,C00219,26.4554,38.4036,60,1.000,6.0,0.000,0.000,0.000,0.000,0.000,0.000,0.000,0.383,0.000,0.000,0.000,0.617,0.000,0.000,0.000,0.000,0.000,Z08,0.617
C00220,C00220,26.4669,38.4036,60,1.000,3.0,0.000,0.000,0.000,0.000,0.000,0.000,0.000,0.950,0.000,0.000,0.000,0.050,0.000,0.000,0.000,0.000,0.000,Z15,0.950
C00221,C00221,26.4899,38.4036,60,1.000,3.0,0.000,0.000,0.000,0.000,0.000,0.000,0.000,1.000,0.000,0.000,0.000,0.000,0.000,0.000,0.000,0.000,0.000,Z15,1.000
C00222,C00222,26.5015,38.4036,60,1.000,3.0,0.000,0.000,0.000,0.000,0.000,0.000,0.000,1.000,0.000,0.000,0.000,0.000,0.000,0.000,0.000,0.000,0.000,Z15,1.000
C00223,C00223,26.6166,38.4036,60,1.000,3.0,0.000,0.000,0.000,0.000,0.000,0.000,0.000,1.000,0.000,0.000,0.000,0.000,0.000,0.000,0.000,0.000,0.000,Z15,1.000
C00224,C00224,26.6281,38.4036,60,1.000,3.0,0.000,0.000,0.000,0.000,0.000,0.000,0.000,1.000,0.000,0.000,0.000,0.000,0.000,0.000,0.000,0.000,0.000,Z15,1.000
C00225,C00225,26.6396,38.4036,60,1.000,6.0,0.000,0.000,0.000,0.000,0.000,0.000,0.000,1.000,0.000,0.000,0.000,0.000,0.000,0.000,0.000,0.000,0.000,Z15,1.000
C00226,C00226,26.6511,38.4036,60,1.000,6.0,0.000,0.000,0.000,0.000,0.000,0.000,0.000,1.000,0.000,0.000,0.000,0.000,0.000,0.000,0.000,0.000,0.000,Z15,1.000
C00227,C00227,26.6626,38.4036,60,1.000,12.0,0.000,0.000,0.000,0.000,0.000,0.000,0.000,1.000,0.000,0.000,0.000,0.000,0.000,0.000,0.000,0.000,0.000,Z15,1.000
C00228,C00228,26.6741,38.4036,60,1.000,12.0,0.000,0.000,0.000,0.000,0.000,0.000,0.000,1.000,0.000,0.000,0.000,0.000,0.000,0.000,0.000,0.000,0.000,Z15,1.000
C00229,C00229,26.6856,38.4036,60,1.000,3.0,0.000,0.000,0.000,0.000,0.000,0.000,0.000,1.000,0.000,0.000,0.000,0.000,0.000,0.000,0.000,0.000,0.000,Z15,1.000
C00230,C00230,26.7432,38.4036,60,1.000,3.0,0.000,0.000,0.000,0.000,0.000,0.017,0.000,0.983,0.000,0.000,0.000,0.000,0.000,0.000,0.000,0.000,0.000,Z15,0.983
C00231,C00231,26.7547,38.4036,60,1.000,3.0,0.000,0.000,0.000,0.000,0.000,0.417,0.417,0.167,0.000,0.000,0.000,0.000,0.000,0.000,0.000,0.000,0.000,Z14,0.417
C00232,C00232,26.7662,38.4036,60,1.000,6.0,0.000,0.000,0.000,0.000,0.000,0.033,0.967,0.000,0.000,0.000,0.000,0.000,0.000,0.000,0.000,0.000,0.000,Z05,0.967
C00233,C00233,26.7777,38.4036,60,1.000,6.0,0.000,0.000,0.000,0.000,0.000,0.050,0.950,0.000,0.000,0.000,0.000,0.000,0.000,0.000,0.000,0.000,0.000,Z05,0.950
C00234,C00234,26.7892,38.4036,60,1.000,3.0,0.000,0.000,0.000,0.000,0.000,0.667,0.333,0.000,0.000,0.000,0.000,0.000,0.000,0.000,0.000,0.000,0.000,Z14,0.667
C00235,C00235,26.8008,38.4036,60,1.000,9.0,0.000,0.000,0.000,0.000,0.000,0.117,0.883,0.000,0.000,0.000,0.000,0.000,0.000,0.000,0.000,0.000,0.000,Z05,0.883
C00236,C00236,26.8123,38.4036,60,1.000,9.0,0.000,0.000,0.000,0.000,0.000,0.000,1.000,0.000,0.000,0.000,0.000,0.000,0.000,0.000,0.000,0.000,0.000,Z05,1.000
C00237,C00237,26.8238,38.4036,60,1.000,12.0,0.000,0.000,0.000,0.000,0.000,0.000,1.000,0.000,0.000,0.000,0.000,0.000,0.000,0.000,0.000,0.000,0.000,Z05,1.000
C00238,C00238,26.8353,38.4036,60,1.000,12.0,0.000,0.000,0.000,0.000,0.000,0.000,1.000,0.000,0.000,0.000,0.000,0.000,0.000,0.000,0.000,0.000,0.000,Z05,1.000
C00239,C00239,26.8468,38.4036,60,1.000,10.5,0.000,0.000,0.000,0.000,0.000,0.000,1.000,0.000,0.000,0.000,0.000,0.000,0.000,0.000,0.000,0.000,0.000,Z05,1.000
C00240,C00240,26.8583,38.4036,60,1.000,10.5,0.000,0.000,0.000,0.000,0.000,0.000,1.000,0.000,0.000,0.000,0.000,0.000,0.000,0.000,0.000,0.000,0.000,Z05,1.000
C00241,C00241,26.8698,38.4036,60,1.000,9.0,0.000,0.000,0.000,0.000,0.000,0.000,1.000,0.000,0.000,0.000,0.000,0.000,0.000,0.000,0.000,0.000,0.000,Z05,1.000
C00242,C00242,26.8813,38.4036,60,1.000,9.0,0.000,0.000,0.000,0.000,0.000,0.000,1.000,0.000,0.000,0.000,0.000,0.000,0.000,0.000,0.000,0.000,0.000,Z05,1.000
C00243,C00243,26.8928,38.4036,60,1.000,9.0,0.000,0.000,0.000,0.000,0.000,0.000,1.000,0.000,0.000,0.000,0.000,0.000,0.000,0.000,0.000,0.000,0.000,Z05,1.000
C00244,C00244,26.9044,38.4036,60,1.000,9.0,0.000,0.000,0.000,0.000,0.000,0.000,1.000,0.000,0.000,0.000,0.000,0.000,0.000,0.000,0.000,0.000,0.000,Z05,1.000
C00245,C00245,26.9159,38.4036,60,1.000,9.0,0.000,0.000,0.000,0.000,0.000,0.000,1.000,0.000,0.000,0.000,0.000,0.000,0.000,0.000,0.000,0.000,0.000,Z05,1.000
C00246,C00246,26.9274,38.4036,60,1.000,9.0,0.000,0.000,0.000,0.000,0.000,0.000,1.000,0.000,0.000,0.000,0.000,0.000,0.000,0.000,0.000,0.000,0.000,Z05,1.000
C00247,C00247,26.9389,38.4036,60,1.000,9.0,0.000,0.000,0.000,0.000,0.000,0.000,1.000,0.000,0.000,0.000,0.000,0.000,0.000,0.000,0.000,0.000,0.000,Z05,1.000
C00248,C00248,26.9504,38.4036,60,1.000,9.0,0.000,0.000,0.000,0.000,0.000,0.000,1.000,0.000,0.000,0.000,0.000,0.000,0.000,0.000,0.000,0.000,0.000,Z05,1.000
C00249,C00249,26.9619,38.4036,60,1.000,6.0,0.000,0.000,0.000,0.000,0.000,0.000,1.000,0.000,0.000,0.000,0.000,0.000,0.000,0.000,0.000,0.000,0.000,Z05,1.000
C00250,C00250,26.9734,38.4036,60,1.000,6.0,0.000,0.000,0.000,0.000,0.000,0.000,1.000,0.000,0.000,0.000,0.000,0.000,0.000,0.000,0.000,0.000,0.000,Z05,1.000
C00251,C00251,26.9849,38.4036,60,1.000,3.0,0.000,0.000,0.000,0.000,0.000,0.000,1.000,0.000,0.000,0.000,0.000,0.000,0.000,0.000,0.000,0.000,0.000,Z05,1.000
C00252,C00252,27.0770,38.4036,60,1.000,3.0,0.000,0.000,0.000,1.000,0.000,0.000,0.000,0.000,0.000,0.000,0.000,0.000,0.000,0.000,0.000,0.000,0.000,Z04,1.000
C00253,C00253,27.0885,38.4036,60,1.000,3.0,0.000,0.000,0.000,1.000,0.000,0.000,0.000,0.000,0.000,0.000,0.000,0.000,0.000,0.000,0.000,0.000,0.000,Z04,1.000
C00254,C00254,26.3058,38.4126,60,1.000,9.0,0.000,0.000,0.000,0.000,0.000,0.000,0.000,0.000,0.000,0.000,0.000,1.000,0.000,0.000,0.000,0.000,0.000,Z08,1.000
C00255,C00255,26.3173,38.4126,60,1.000,9.0,0.000,0.000,0.000,0.000,0.000,0.000,0.000,0.000,0.000,0.000,0.000,1.000,0.000,0.000,0.000,0.000,0.000,Z08,1.000
C00256,C00256,26.3288,38.4126,60,1.000,9.0,0.000,0.000,0.000,0.000,0.000,0.000,0.000,0.000,0.000,0.000,0.000,1.000,0.000,0.000,0.000,0.000,0.000,Z08,1.000
C00257,C00257,26.3403,38.4126,60,1.000,9.0,0.000,0.000,0.000,0.000,0.000,0.000,0.000,0.000,0.000,0.000,0.000,1.000,0.000,0.000,0.000,0.000,0.000,Z08,1.000
C00258,C00258,26.3518,38.4126,60,1.000,9.0,0.000,0.000,0.000,0.000,0.000,0.000,0.000,0.000,0.000,0.000,0.000,1.000,0.000,0.000,0.000,0.000,0.000,Z08,1.000
C00259,C00259,26.3633,38.4126,60,1.000,9.0,0.000,0.000,0.000,0.000,0.000,0.000,0.000,0.000,0.000,0.000,0.000,1.000,0.000,0.000,0.000,0.000,0.000,Z08,1.000
C00260,C00260,26.3748,38.4126,60,1.000,12.0,0.000,0.000,0.000,0.000,0.000,0.000,0.000,0.000,0.000,0.000,0.000,1.000,0.000,0.000,0.000,0.000,0.000,Z08,1.000
C00261,C00261,26.3863,38.4126,60,1.000,12.0,0.000,0.000,0.000,0.000,0.000,0.000,0.000,0.000,0.000,0.000,0.000,1.000,0.000,0.000,0.000,0.000,0.000,Z08,1.000
C00262,C00262,26.3978,38.4126,60,1.000,12.0,0.000,0.000,0.000,0.000,0.000,0.000,0.000,0.000,0.000,0.000,0.000,1.000,0.000,0.000,0.000,0.000,0.000,Z08,1.000
C00263,C00263,26.4094,38.4126,60,1.000,15.0,0.000,0.000,0.000,0.000,0.000,0.000,0.000,0.000,0.000,0.000,0.000,1.000,0.000,0.000,0.000,0.000,0.000,Z08,1.000
C00264,C00264,26.4209,38.4126,60,1.000,12.0,0.000,0.000,0.000,0.000,0.000,0.000,0.000,0.000,0.000,0.000,0.000,1.000,0.000,0.000,0.000,0.000,0.000,Z08,1.000
C00265,C00265,26.4324,38.4126,60,1.000,9.0,0.000,0.000,0.000,0.000,0.000,0.000,0.000,0.000,0.000,0.000,0.000,1.000,0.000,0.000,0.000,0.000,0.000,Z08,1.000
C00266,C00266,26.4439,38.4126,60,1.000,6.0,0.000,0.000,0.000,0.000,0.000,0.000,0.000,0.050,0.000,0.000,0.000,0.950,0.000,0.000,0.000,0.000,0.000,Z08,0.950
C00267,C00267,26.4554,38.4126,60,1.000,6.0,0.000,0.000,0.000,0.000,0.000,0.000,0.000,0.300,0.000,0.000,0.000,0.700,0.000,0.000,0.000,0.000,0.000,Z08,0.700
C00268,C00268,26.4784,38.4126,60,1.000,3.0,0.000,0.000,0.000,0.000,0.000,0.000,0.000,1.000,0.000,0.000,0.000,0.000,0.000,0.000,0.000,0.000,0.000,Z15,1.000
C00269,C00269,26.4899,38.4126,60,1.000,3.0,0.000,0.000,0.000,0.000,0.000,0.000,0.000,1.000,0.000,0.000,0.000,0.000,0.000,0.000,0.000,0.000,0.000,Z15,1.000
C00270,C00270,26.5015,38.4126,60,1.000,3.0,0.000,0.000,0.000,0.000,0.000,0.000,0.000,1.000,0.000,0.000,0.000,0.000,0.000,0.000,0.000,0.000,0.000,Z15,1.000
C00271,C00271,26.5130,38.4126,60,1.000,3.0,0.000,0.000,0.000,0.000,0.000,0.000,0.000,1.000,0.000,0.000,0.000,0.000,0.000,0.000,0.000,0.000,0.000,Z15,1.000
C00272,C00272,26.6166,38.4126,60,1.000,3.0,0.000,0.000,0.000,0.000,0.000,0.000,0.000,1.000,0.000,0.000,0.000,0.000,0.000,0.000,0.000,0.000,0.000,Z15,1.000
C00273,C00273,26.6281,38.4126,60,1.000,3.0,0.000,0.000,0.000,0.000,0.000,0.000,0.000,1.000,0.000,0.000,0.000,0.000,0.000,0.000,0.000,0.000,0.000,Z15,1.000
C00274,C00274,26.6396,38.4126,60,1.000,6.0,0.000,0.000,0.000,0.000,0.000,0.000,0.000,1.000,0.000,0.000,0.000,0.000,0.000,0.000,0.000,0.000,0.000,Z15,1.000
C00275,C00275,26.6511,38.4126,60,1.000,9.0,0.000,0.000,0.000,0.000,0.000,0.000,0.000,1.000,0.000,0.000,0.000,0.000,0.000,0.000,0.000,0.000,0.000,Z15,1.000
C00276,C00276,26.6626,38.4126,60,1.000,9.0,0.000,0.000,0.000,0.000,0.000,0.000,0.000,1.000,0.000,0.000,0.000,0.000,0.000,0.000,0.000,0.000,0.000,Z15,1.000
C00277,C00277,26.6741,38.4126,60,1.000,12.0,0.000,0.000,0.000,0.000,0.000,0.000,0.000,1.000,0.000,0.000,0.000,0.000,0.000,0.000,0.000,0.000,0.000,Z15,1.000
C00278,C00278,26.6856,38.4126,60,1.000,3.0,0.000,0.000,0.000,0.000,0.000,0.000,0.000,1.000,0.000,0.000,0.000,0.000,0.000,0.000,0.000,0.000,0.000,Z15,1.000
C00279,C00279,26.7432,38.4126,60,1.000,3.0,0.000,0.000,0.000,0.000,0.000,0.050,0.000,0.950,0.000,0.000,0.000,0.000,0.000,0.000,0.000,0.000,0.000,Z15,0.950
C00280,C00280,26.7547,38.4126,60,1.000,6.0,0.000,0.000,0.000,0.000,0.000,0.317,0.400,0.283,0.000,0.000,0.000,0.000,0.000,0.000,0.000,0.000,0.000,Z05,0.400
C00281,C00281,26.7662,38.4126,60,1.000,4.5,0.000,0.000,0.000,0.000,0.000,0.400,0.600,0.000,0.000,0.000,0.000,0.000,0.000,0.000,0.000,0.000,0.000,Z05,0.600
C00282,C00282,26.7777,38.4126,60,1.000,9.0,0.000,0.000,0.000,0.000,0.000,0.300,0.700,0.000,0.000,0.000,0.000,0.000,0.000,0.000,0.000,0.000,0.000,Z05,0.700
C00283,C00283,26.7892,38.4126,60,1.000,6.0,0.000,0.000,0.000,0.000,0.000,0.583,0.417,0.000,0.000,0.000,0.000,0.000,0.000,0.000,0.000,0.000,0.000,Z14,0.583
C00284,C00284,26.8008,38.4126,60,1.000,9.0,0.000,0.000,0.000,0.000,0.000,0.400,0.600,0.000,0.000,0.000,0.000,0.000,0.000,0.000,0.000,0.000,0.000,Z05,0.600
C00285,C00285,26.8123,38.4126,60,1.000,12.0,0.000,0.000,0.000,0.000,0.000,0.017,0.983,0.000,0.000,0.000,0.000,0.000,0.000,0.000,0.000,0.000,0.000,Z05,0.983
C00286,C00286,26.8238,38.4126,60,1.000,12.0,0.000,0.000,0.000,0.000,0.000,0.000,1.000,0.000,0.000,0.000,0.000,0.000,0.000,0.000,0.000,0.000,0.000,Z05,1.000
C00287,C00287,26.8353,38.4126,60,1.000,12.0,0.000,0.000,0.000,0.000,0.000,0.000,1.000,0.000,0.000,0.000,0.000,0.000,0.000,0.000,0.000,0.000,0.000,Z05,1.000
C00288,C00288,26.8468,38.4126,60,1.000,12.0,0.000,0.000,0.000,0.000,0.000,0.000,1.000,0.000,0.000,0.000,0.000,0.000,0.000,0.000,0.000,0.000,0.000,Z05,1.000
C00289,C00289,26.8583,38.4126,60,1.000,12.0,0.000,0.000,0.000,0.000,0.000,0.000,1.000,0.000,0.000,0.000,0.000,0.000,0.000,0.000,0.000,0.000,0.000,Z05,1.000
C00290,C00290,26.8698,38.4126,60,1.000,12.0,0.000,0.000,0.000,0.000,0.000,0.000,1.000,0.000,0.000,0.000,0.000,0.000,0.000,0.000,0.000,0.000,0.000,Z05,1.000
C00291,C00291,26.8813,38.4126,60,1.000,12.0,0.000,0.000,0.000,0.000,0.000,0.000,1.000,0.000,0.000,0.000,0.000,0.000,0.000,0.000,0.000,0.000,0.000,Z05,1.000
C00292,C00292,26.8928,38.4126,60,1.000,12.0,0.000,0.000,0.000,0.000,0.000,0.000,1.000,0.000,0.000,0.000,0.000,0.000,0.000,0.000,0.000,0.000,0.000,Z05,1.000
C00293,C00293,26.9044,38.4126,60,1.000,12.0,0.000,0.000,0.000,0.000,0.000,0.000,1.000,0.000,0.000,0.000,0.000,0.000,0.000,0.000,0.000,0.000,0.000,Z05,1.000
C00294,C00294,26.9159,38.4126,60,1.000,12.0,0.000,0.000,0.000,0.000,0.000,0.000,1.000,0.000,0.000,0.000,0.000,0.000,0.000,0.000,0.000,0.000,0.000,Z05,1.000
C00295,C00295,26.9274,38.4126,60,1.000,12.0,0.000,0.000,0.000,0.000,0.000,0.000,1.000,0.000,0.000,0.000,0.000,0.000,0.000,0.000,0.000,0.000,0.000,Z05,1.000
C00296,C00296,26.9389,38.4126,60,1.000,10.5,0.000,0.000,0.000,0.000,0.000,0.000,1.000,0.000,0.000,0.000,0.000,0.000,0.000,0.000,0.000,0.000,0.000,Z05,1.000
C00297,C00297,26.9504,38.4126,60,1.000,9.0,0.000,0.000,0.000,0.000,0.000,0.000,1.000,0.000,0.000,0.000,0.000,0.000,0.000,0.000,0.000,0.000,0.000,Z05,1.000
C00298,C00298,26.9619,38.4126,60,1.000,9.0,0.000,0.000,0.000,0.000,0.000,0.000,1.000,0.000,0.000,0.000,0.000,0.000,0.000,0.000,0.000,0.000,0.000,Z05,1.000
C00299,C00299,26.9734,38.4126,60,1.000,9.0,0.000,0.000,0.000,0.000,0.000,0.000,1.000,0.000,0.000,0.000,0.000,0.000,0.000,0.000,0.000,0.000,0.000,Z05,1.000
C00300,C00300,26.9849,38.4126,60,1.000,9.0,0.000,0.000,0.000,0.000,0.000,0.000,1.000,0.000,0.000,0.000,0.000,0.000,0.000,0.000,0.000,0.000,0.000,Z05,1.000
C00301,C00301,26.9964,38.4126,60,1.000,6.0,0.000,0.000,0.000,0.000,0.000,0.000,1.000,0.000,0.000,0.000,0.000,0.000,0.000,0.000,0.000,0.000,0.000,Z05,1.000
C00302,C00302,27.0080,38.4126,60,1.000,3.0,0.000,0.000,0.000,0.000,0.000,0.000,1.000,0.000,0.000,0.000,0.000,0.000,0.000,0.000,0.000,0.000,0.000,Z05,1.000
C00303,C00303,27.0655,38.4126,60,1.000,3.0,0.000,0.000,0.000,1.000,0.000,0.000,0.000,0.000,0.000,0.000,0.000,0.000,0.000,0.000,0.000,0.000,0.000,Z04,1.000
C00304,C00304,27.0770,38.4126,60,1.000,6.0,0.000,0.000,0.000,1.000,0.000,0.000,0.000,0.000,0.000,0.000,0.000,0.000,0.000,0.000,0.000,0.000,0.000,Z04,1.000
C00305,C00305,27.0885,38.4126,60,1.000,6.0,0.000,0.000,0.000,1.000,0.000,0.000,0.000,0.000,0.000,0.000,0.000,0.000,0.000,0.000,0.000,0.000,0.000,Z04,1.000
C00306,C00306,27.1001,38.4126,60,1.000,6.0,0.000,0.000,0.000,1.000,0.000,0.000,0.000,0.000,0.000,0.000,0.000,0.000,0.000,0.000,0.000,0.000,0.000,Z04,1.000
C00307,C00307,27.1116,38.4126,60,1.000,3.0,0.000,0.000,0.000,1.000,0.000,0.000,0.000,0.000,0.000,0.000,0.000,0.000,0.000,0.000,0.000,0.000,0.000,Z04,1.000
C00308,C00308,26.3058,38.4216,60,1.000,9.0,0.000,0.000,0.000,0.000,0.000,0.000,0.000,0.000,0.000,0.000,0.000,0.983,0.000,0.000,0.000,0.000,0.017,Z08,0.983
C00309,C00309,26.3173,38.4216,60,1.000,9.0,0.000,0.000,0.000,0.000,0.000,0.000,0.000,0.000,0.000,0.000,0.000,1.000,0.000,0.000,0.000,0.000,0.000,Z08,1.000
C00310,C00310,26.3288,38.4216,60,1.000,9.0,0.000,0.000,0.000,0.000,0.000,0.000,0.000,0.000,0.000,0.000,0.000,1.000,0.000,0.000,0.000,0.000,0.000,Z08,1.000
C00311,C00311,26.3403,38.4216,60,1.000,9.0,0.000,0.000,0.000,0.000,0.000,0.000,0.000,0.000,0.000,0.000,0.000,1.000,0.000,0.000,0.000,0.000,0.000,Z08,1.000
C00312,C00312,26.3518,38.4216,60,1.000,9.0,0.000,0.000,0.000,0.000,0.000,0.000,0.000,0.000,0.000,0.000,0.000,1.000,0.000,0.000,0.000,0.000,0.000,Z08,1.000
C00313,C00313,26.3633,38.4216,60,1.000,12.0,0.000,0.000,0.000,0.000,0.000,0.000,0.000,0.000,0.000,0.000,0.000,1.000,0.000,0.000,0.000,0.000,0.000,Z08,1.000
C00314,C00314,26.3748,38.4216,60,1.000,12.0,0.000,0.000,0.000,0.000,0.000,0.000,0.000,0.000,0.000,0.000,0.000,1.000,0.000,0.000,0.000,0.000,0.000,Z08,1.000
C00315,C00315,26.3863,38.4216,60,1.000,12.0,0.000,0.000,0.000,0.000,0.000,0.000,0.000,0.000,0.000,0.000,0.000,1.000,0.000,0.000,0.000,0.000,0.000,Z08,1.000
C00316,C00316,26.3978,38.4216,60,1.000,15.0,0.000,0.000,0.000,0.000,0.000,0.000,0.000,0.000,0.000,0.000,0.000,1.000,0.000,0.000,0.000,0.000,0.000,Z08,1.000
C00317,C00317,26.4094,38.4216,60,1.000,15.0,0.000,0.000,0.000,0.000,0.000,0.000,0.000,0.000,0.000,0.000,0.000,1.000,0.000,0.000,0.000,0.000,0.000,Z08,1.000
C00318,C00318,26.4209,38.4216,60,1.000,15.0,0.000,0.000,0.000,0.000,0.000,0.000,0.000,0.000,0.000,0.000,0.000,1.000,0.000,0.000,0.000,0.000,0.000,Z08,1.000
C00319,C00319,26.4324,38.4216,60,1.000,9.0,0.000,0.000,0.000,0.000,0.000,0.000,0.000,0.000,0.000,0.000,0.000,1.000,0.000,0.000,0.000,0.000,0.000,Z08,1.000
C00320,C00320,26.4439,38.4216,60,1.000,12.0,0.000,0.000,0.000,0.000,0.000,0.000,0.000,0.067,0.000,0.000,0.000,0.933,0.000,0.000,0.000,0.000,0.000,Z08,0.933
C00321,C00321,26.4554,38.4216,60,1.000,6.0,0.000,0.000,0.000,0.000,0.000,0.000,0.000,0.433,0.000,0.000,0.000,0.567,0.000,0.000,0.000,0.000,0.000,Z08,0.567
C00322,C00322,26.4784,38.4216,60,1.000,3.0,0.000,0.000,0.000,0.000,0.000,0.000,0.000,1.000,0.000,0.000,0.000,0.000,0.000,0.000,0.000,0.000,0.000,Z15,1.000
C00323,C00323,26.4899,38.4216,60,1.000,3.0,0.000,0.000,0.000,0.000,0.000,0.000,0.000,1.000,0.000,0.000,0.000,0.000,0.000,0.000,0.000,0.000,0.000,Z15,1.000
C00324,C00324,26.5015,38.4216,60,1.000,3.0,0.000,0.000,0.000,0.000,0.000,0.000,0.000,1.000,0.000,0.000,0.000,0.000,0.000,0.000,0.000,0.000,0.000,Z15,1.000
C00325,C00325,26.5935,38.4216,60,1.000,3.0,0.000,0.000,0.000,0.000,0.000,0.000,0.000,1.000,0.000,0.000,0.000,0.000,0.000,0.000,0.000,0.000,0.000,Z15,1.000
C00326,C00326,26.6051,38.4216,60,1.000,3.0,0.000,0.000,0.000,0.000,0.000,0.000,0.000,1.000,0.000,0.000,0.000,0.000,0.000,0.000,0.000,0.000,0.000,Z15,1.000
C00327,C00327,26.6166,38.4216,60,1.000,3.0,0.000,0.000,0.000,0.000,0.000,0.000,0.000,1.000,0.000,0.000,0.000,0.000,0.000,0.000,0.000,0.000,0.000,Z15,1.000
C00328,C00328,26.6281,38.4216,60,1.000,6.0,0.000,0.000,0.000,0.000,0.000,0.000,0.000,1.000,0.000,0.000,0.000,0.000,0.000,0.000,0.000,0.000,0.000,Z15,1.000
C00329,C00329,26.6396,38.4216,60,1.000,6.0,0.000,0.000,0.000,0.000,0.000,0.000,0.000,1.000,0.000,0.000,0.000,0.000,0.000,0.000,0.000,0.000,0.000,Z15,1.000
C00330,C00330,26.6511,38.4216,60,1.000,9.0,0.000,0.000,0.000,0.000,0.000,0.000,0.000,1.000,0.000,0.000,0.000,0.000,0.000,0.000,0.000,0.000,0.000,Z15,1.000
C00331,C00331,26.6626,38.4216,60,1.000,10.5,0.000,0.000,0.000,0.000,0.000,0.000,0.000,1.000,0.000,0.000,0.000,0.000,0.000,0.000,0.000,0.000,0.000,Z15,1.000
C00332,C00332,26.6741,38.4216,60,1.000,12.0,0.000,0.000,0.000,0.000,0.000,0.000,0.000,1.000,0.000,0.000,0.000,0.000,0.000,0.000,0.000,0.000,0.000,Z15,1.000
C00333,C00333,26.6856,38.4216,60,1.000,6.0,0.000,0.000,0.000,0.000,0.000,0.000,0.000,1.000,0.000,0.000,0.000,0.000,0.000,0.000,0.000,0.000,0.000,Z15,1.000
C00334,C00334,26.6971,38.4216,60,1.000,3.0,0.000,0.000,0.000,0.000,0.000,0.000,0.000,1.000,0.000,0.000,0.000,0.000,0.000,0.000,0.000,0.000,0.000,Z15,1.000
C00335,C00335,26.7432,38.4216,60,1.000,3.0,0.000,0.000,0.000,0.000,0.000,0.033,0.017,0.950,0.000,0.000,0.000,0.000,0.000,0.000,0.000,0.000,0.000,Z15,0.950
C00336,C00336,26.7547,38.4216,60,1.000,6.0,0.000,0.000,0.000,0.000,0.000,0.417,0.133,0.450,0.000,0.000,0.000,0.000,0.000,0.000,0.000,0.000,0.000,Z15,0.450
C00337,C00337,26.7662,38.4216,60,1.000,3.0,0.000,0.000,0.000,0.000,0.000,0.783,0.217,0.000,0.000,0.000,0.000,0.000,0.000,0.000,0.000,0.000,0.000,Z14,0.783
C00338,C00338,26.7777,38.4216,60,1.000,6.0,0.000,0.000,0.000,0.000,0.000,0.600,0.400,0.000,0.000,0.000,0.000,0.000,0.000,0.000,0.000,0.000,0.000,Z14,0.600
C00339,C00339,26.7892,38.4216,60,1.000,3.0,0.000,0.000,0.000,0.000,0.000,0.850,0.150,0.000,0.000,0.000,0.000,0.000,0.000,0.000,0.000,0.000,0.000,Z14,0.850
C00340,C00340,26.8008,38.4216,60,1.000,6.0,0.000,0.000,0.000,0.000,0.000,0.600,0.400,0.000,0.000,0.000,0.000,0.000,0.000,0.000,0.000,0.000,0.000,Z14,0.600
C00341,C00341,26.8123,38.4216,60,1.000,12.0,0.000,0.000,0.000,0.000,0.000,0.050,0.950,0.000,0.000,0.000,0.000,0.000,0.000,0.000,0.000,0.000,0.000,Z05,0.950
C00342,C00342,26.8238,38.4216,60,1.000,15.0,0.000,0.000,0.000,0.000,0.000,0.000,1.000,0.000,0.000,0.000,0.000,0.000,0.000,0.000,0.000,0.000,0.000,Z05,1.000
C00343,C00343,26.8353,38.4216,60,1.000,12.0,0.000,0.000,0.000,0.000,0.000,0.000,1.000,0.000,0.000,0.000,0.000,0.000,0.000,0.000,0.000,0.000,0.000,Z05,1.000
C00344,C00344,26.8468,38.4216,60,1.000,12.0,0.000,0.000,0.000,0.000,0.000,0.000,1.000,0.000,0.000,0.000,0.000,0.000,0.000,0.000,0.000,0.000,0.000,Z05,1.000
C00345,C00345,26.8583,38.4216,60,1.000,15.0,0.000,0.000,0.000,0.000,0.000,0.000,1.000,0.000,0.000,0.000,0.000,0.000,0.000,0.000,0.000,0.000,0.000,Z05,1.000
C00346,C00346,26.8698,38.4216,60,1.000,12.0,0.000,0.000,0.000,0.000,0.000,0.000,1.000,0.000,0.000,0.000,0.000,0.000,0.000,0.000,0.000,0.000,0.000,Z05,1.000
C00347,C00347,26.8813,38.4216,60,1.000,13.5,0.000,0.000,0.000,0.000,0.000,0.000,1.000,0.000,0.000,0.000,0.000,0.000,0.000,0.000,0.000,0.000,0.000,Z05,1.000
C00348,C00348,26.8928,38.4216,60,1.000,12.0,0.000,0.000,0.000,0.000,0.000,0.000,1.000,0.000,0.000,0.000,0.000,0.000,0.000,0.000,0.000,0.000,0.000,Z05,1.000
C00349,C00349,26.9044,38.4216,60,1.000,12.0,0.000,0.000,0.000,0.000,0.000,0.000,1.000,0.000,0.000,0.000,0.000,0.000,0.000,0.000,0.000,0.000,0.000,Z05,1.000
C00350,C00350,26.9159,38.4216,60,1.000,12.0,0.000,0.000,0.000,0.000,0.000,0.000,1.000,0.000,0.000,0.000,0.000,0.000,0.000,0.000,0.000,0.000,0.000,Z05,1.000
C00351,C00351,26.9274,38.4216,60,1.000,12.0,0.000,0.000,0.000,0.000,0.000,0.000,1.000,0.000,0.000,0.000,0.000,0.000,0.000,0.000,0.000,0.000,0.000,Z05,1.000
C00352,C00352,26.9389,38.4216,60,1.000,12.0,0.000,0.000,0.000,0.000,0.000,0.000,1.000,0.000,0.000,0.000,0.000,0.000,0.000,0.000,0.000,0.000,0.000,Z05,1.000
C00353,C00353,26.9504,38.4216,60,1.000,12.0,0.000,0.000,0.000,0.000,0.000,0.000,1.000,0.000,0.000,0.000,0.000,0.000,0.000,0.000,0.000,0.000,0.000,Z05,1.000
C00354,C00354,26.9619,38.4216,60,1.000,12.0,0.000,0.000,0.000,0.000,0.000,0.000,1.000,0.000,0.000,0.000,0.000,0.000,0.000,0.000,0.000,0.000,0.000,Z05,1.000
C00355,C00355,26.9734,38.4216,60,1.000,12.0,0.000,0.000,0.000,0.000,0.000,0.000,1.000,0.000,0.000,0.000,0.000,0.000,0.000,0.000,0.000,0.000,0.000,Z05,1.000
C00356,C00356,26.9849,38.4216,60,1.000,12.0,0.000,0.000,0.000,0.000,0.000,0.000,1.000,0.000,0.000,0.000,0.000,0.000,0.000,0.000,0.000,0.000,0.000,Z05,1.000
C00357,C00357,26.9964,38.4216,60,1.000,9.0,0.000,0.000,0.000,0.000,0.000,0.000,1.000,0.000,0.000,0.000,0.000,0.000,0.000,0.000,0.000,0.000,0.000,Z05,1.000
C00358,C00358,27.0080,38.4216,60,1.000,6.0,0.000,0.000,0.000,0.017,0.000,0.000,0.983,0.000,0.000,0.000,0.000,0.000,0.000,0.000,0.000,0.000,0.000,Z05,0.983
C00359,C00359,27.0195,38.4216,60,1.000,3.0,0.000,0.000,0.000,0.383,0.000,0.000,0.617,0.000,0.000,0.000,0.000,0.000,0.000,0.000,0.000,0.000,0.000,Z05,0.617
C00360,C00360,27.0310,38.4216,60,1.000,6.0,0.000,0.000,0.000,0.883,0.000,0.000,0.117,0.000,0.000,0.000,0.000,0.000,0.000,0.000,0.000,0.000,0.000,Z04,0.883
C00361,C00361,27.0425,38.4216,60,1.000,6.0,0.000,0.000,0.000,1.000,0.000,0.000,0.000,0.000,0.000,0.000,0.000,0.000,0.000,0.000,0.000,0.000,0.000,Z04,1.000
C00362,C00362,27.0540,38.4216,60,1.000,6.0,0.000,0.000,0.000,1.000,0.000,0.000,0.000,0.000,0.000,0.000,0.000,0.000,0.000,0.000,0.000,0.000,0.000,Z04,1.000
C00363,C00363,27.0655,38.4216,60,1.000,3.0,0.000,0.000,0.000,1.000,0.000,0.000,0.000,0.000,0.000,0.000,0.000,0.000,0.000,0.000,0.000,0.000,0.000,Z04,1.000
C00364,C00364,27.0770,38.4216,60,1.000,9.0,0.000,0.000,0.000,1.000,0.000,0.000,0.000,0.000,0.000,0.000,0.000,0.000,0.000,0.000,0.000,0.000,0.000,Z04,1.000
C00365,C00365,27.0885,38.4216,60,1.000,9.0,0.000,0.000,0.000,1.000,0.000,0.000,0.000,0.000,0.000,0.000,0.000,0.000,0.000,0.000,0.000,0.000,0.000,Z04,1.000
C00366,C00366,27.1001,38.4216,60,1.000,9.0,0.000,0.000,0.000,1.000,0.000,0.000,0.000,0.000,0.000,0.000,0.000,0.000,0.000,0.000,0.000,0.000,0.000,Z04,1.000
C00367,C00367,27.1116,38.4216,60,1.000,6.0,0.000,0.000,0.000,1.000,0.000,0.000,0.000,0.000,0.000,0.000,0.000,0.000,0.000,0.000,0.000,0.000,0.000,Z04,1.000
C00368,C00368,27.1231,38.4216,60,1.000,6.0,0.000,0.000,0.417,0.583,0.000,0.000,0.000,0.000,0.000,0.000,0.000,0.000,0.000,0.000,0.000,0.000,0.000,Z04,0.583
C00369,C00369,26.3058,38.4306,60,1.000,9.0,0.000,0.000,0.000,0.000,0.000,0.000,0.000,0.000,0.000,0.000,0.000,0.950,0.000,0.000,0.000,0.000,0.050,Z08,0.950
C00370,C00370,26.3173,38.4306,60,1.000,9.0,0.000,0.000,0.000,0.000,0.000,0.000,0.000,0.000,0.000,0.000,0.000,0.983,0.000,0.000,0.000,0.000,0.017,Z08,0.983
C00371,C00371,26.3288,38.4306,60,1.000,9.0,0.000,0.000,0.000,0.000,0.000,0.000,0.000,0.000,0.000,0.000,0.000,0.983,0.000,0.000,0.000,0.000,0.017,Z08,0.983
C00372,C00372,26.3518,38.4306,60,1.000,9.0,0.000,0.000,0.000,0.000,0.000,0.000,0.000,0.000,0.000,0.000,0.000,1.000,0.000,0.000,0.000,0.000,0.000,Z08,1.000
C00373,C00373,26.3633,38.4306,60,1.000,9.0,0.000,0.000,0.000,0.000,0.000,0.000,0.000,0.000,0.000,0.000,0.000,1.000,0.000,0.000,0.000,0.000,0.000,Z08,1.000
C00374,C00374,26.3748,38.4306,60,1.000,3.0,0.000,0.000,0.000,0.000,0.000,0.000,0.000,0.000,0.000,0.000,0.000,1.000,0.000,0.000,0.000,0.000,0.000,Z08,1.000
C00375,C00375,26.3863,38.4306,60,1.000,3.0,0.000,0.000,0.000,0.000,0.000,0.000,0.000,0.000,0.000,0.000,0.000,1.000,0.000,0.000,0.000,0.000,0.000,Z08,1.000
C00376,C00376,26.3978,38.4306,60,1.000,15.0,0.000,0.000,0.000,0.000,0.000,0.000,0.000,0.000,0.000,0.000,0.000,1.000,0.000,0.000,0.000,0.000,0.000,Z08,1.000
C00377,C00377,26.4094,38.4306,60,1.000,15.0,0.000,0.000,0.000,0.000,0.000,0.000,0.000,0.000,0.000,0.000,0.000,1.000,0.000,0.000,0.000,0.000,0.000,Z08,1.000
C00378,C00378,26.4209,38.4306,60,1.000,15.0,0.000,0.000,0.000,0.000,0.000,0.000,0.000,0.000,0.000,0.000,0.000,1.000,0.000,0.000,0.000,0.000,0.000,Z08,1.000
C00379,C00379,26.4324,38.4306,60,1.000,13.5,0.000,0.000,0.000,0.000,0.000,0.000,0.000,0.000,0.000,0.000,0.000,1.000,0.000,0.000,0.000,0.000,0.000,Z08,1.000
C00380,C00380,26.4439,38.4306,60,1.000,12.0,0.000,0.000,0.000,0.000,0.000,0.000,0.000,0.033,0.000,0.000,0.000,0.967,0.000,0.000,0.000,0.000,0.000,Z08,0.967
C00381,C00381,26.4554,38.4306,60,1.000,3.0,0.000,0.000,0.000,0.000,0.000,0.000,0.000,0.683,0.000,0.000,0.000,0.317,0.000,0.000,0.000,0.000,0.000,Z15,0.683
C00382,C00382,26.4669,38.4306,60,1.000,3.0,0.000,0.000,0.000,0.000,0.000,0.000,0.000,0.983,0.000,0.000,0.000,0.017,0.000,0.000,0.000,0.000,0.000,Z15,0.983
C00383,C00383,26.4784,38.4306,60,1.000,3.0,0.000,0.000,0.000,0.000,0.000,0.000,0.000,1.000,0.000,0.000,0.000,0.000,0.000,0.000,0.000,0.000,0.000,Z15,1.000
C00384,C00384,26.4899,38.4306,60,1.000,6.0,0.000,0.000,0.000,0.000,0.000,0.000,0.000,1.000,0.000,0.000,0.000,0.000,0.000,0.000,0.000,0.000,0.000,Z15,1.000
C00385,C00385,26.5015,38.4306,60,1.000,6.0,0.000,0.000,0.000,0.000,0.000,0.000,0.000,1.000,0.000,0.000,0.000,0.000,0.000,0.000,0.000,0.000,0.000,Z15,1.000
C00386,C00386,26.5130,38.4306,60,1.000,3.0,0.000,0.000,0.000,0.000,0.000,0.000,0.000,1.000,0.000,0.000,0.000,0.000,0.000,0.000,0.000,0.000,0.000,Z15,1.000
C00387,C00387,26.5935,38.4306,60,1.000,3.0,0.000,0.000,0.000,0.000,0.000,0.000,0.000,1.000,0.000,0.000,0.000,0.000,0.000,0.000,0.000,0.000,0.000,Z15,1.000
C00388,C00388,26.6051,38.4306,60,1.000,3.0,0.000,0.000,0.000,0.000,0.000,0.000,0.000,1.000,0.000,0.000,0.000,0.000,0.000,0.000,0.000,0.000,0.000,Z15,1.000
C00389,C00389,26.6166,38.4306,60,1.000,3.0,0.000,0.000,0.000,0.000,0.000,0.000,0.000,1.000,0.000,0.000,0.000,0.000,0.000,0.000,0.000,0.000,0.000,Z15,1.000
C00390,C00390,26.6281,38.4306,60,1.000,6.0,0.000,0.000,0.000,0.000,0.000,0.000,0.000,1.000,0.000,0.000,0.000,0.000,0.000,0.000,0.000,0.000,0.000,Z15,1.000
C00391,C00391,26.6396,38.4306,60,1.000,9.0,0.000,0.000,0.000,0.000,0.000,0.000,0.000,1.000,0.000,0.000,0.000,0.000,0.000,0.000,0.000,0.000,0.000,Z15,1.000
C00392,C00392,26.6511,38.4306,60,1.000,10.5,0.000,0.000,0.000,0.000,0.000,0.000,0.000,1.000,0.000,0.000,0.000,0.000,0.000,0.000,0.000,0.000,0.000,Z15,1.000
C00393,C00393,26.6626,38.4306,60,1.000,12.0,0.000,0.000,0.000,0.000,0.000,0.000,0.000,1.000,0.000,0.000,0.000,0.000,0.000,0.000,0.000,0.000,0.000,Z15,1.000
C00394,C00394,26.6741,38.4306,60,1.000,15.0,0.000,0.000,0.000,0.000,0.000,0.000,0.000,1.000,0.000,0.000,0.000,0.000,0.000,0.000,0.000,0.000,0.000,Z15,1.000
C00395,C00395,26.6856,38.4306,60,1.000,12.0,0.000,0.000,0.000,0.000,0.000,0.000,0.000,1.000,0.000,0.000,0.000,0.000,0.000,0.000,0.000,0.000,0.000,Z15,1.000
C00396,C00396,26.6971,38.4306,60,1.000,3.0,0.000,0.000,0.000,0.000,0.000,0.000,0.000,1.000,0.000,0.000,0.000,0.000,0.000,0.000,0.000,0.000,0.000,Z15,1.000
C00397,C00397,26.7087,38.4306,60,1.000,3.0,0.000,0.000,0.000,0.000,0.000,0.000,0.000,1.000,0.000,0.000,0.000,0.000,0.000,0.000,0.000,0.000,0.000,Z15,1.000
C00398,C00398,26.7202,38.4306,60,1.000,3.0,0.000,0.000,0.000,0.000,0.000,0.000,0.000,1.000,0.000,0.000,0.000,0.000,0.000,0.000,0.000,0.000,0.000,Z15,1.000
C00399,C00399,26.7317,38.4306,60,1.000,3.0,0.000,0.000,0.000,0.000,0.000,0.000,0.000,1.000,0.000,0.000,0.000,0.000,0.000,0.000,0.000,0.000,0.000,Z15,1.000
C00400,C00400,26.7432,38.4306,60,1.000,3.0,0.000,0.000,0.000,0.000,0.000,0.050,0.050,0.900,0.000,0.000,0.000,0.000,0.000,0.000,0.000,0.000,0.000,Z15,0.900
C00401,C00401,26.7547,38.4306,60,1.000,6.0,0.000,0.000,0.000,0.000,0.000,0.400,0.217,0.383,0.000,0.000,0.000,0.000,0.000,0.000,0.000,0.000,0.000,Z14,0.400
C00402,C00402,26.7662,38.4306,60,1.000,6.0,0.000,0.000,0.000,0.000,0.000,0.717,0.283,0.000,0.000,0.000,0.000,0.000,0.000,0.000,0.000,0.000,0.000,Z14,0.717
C00403,C00403,26.7777,38.4306,60,1.000,6.0,0.000,0.000,0.000,0.000,0.000,0.633,0.367,0.000,0.000,0.000,0.000,0.000,0.000,0.000,0.000,0.000,0.000,Z14,0.633
C00404,C00404,26.7892,38.4306,60,1.000,6.0,0.000,0.000,0.000,0.000,0.000,0.767,0.233,0.000,0.000,0.000,0.000,0.000,0.000,0.000,0.000,0.000,0.000,Z14,0.767
C00405,C00405,26.8008,38.4306,60,1.000,6.0,0.000,0.000,0.000,0.000,0.000,0.717,0.283,0.000,0.000,0.000,0.000,0.000,0.000,0.000,0.000,0.000,0.000,Z14,0.717
C00406,C00406,26.8123,38.4306,60,1.000,12.0,0.000,0.000,0.000,0.000,0.000,0.183,0.817,0.000,0.000,0.000,0.000,0.000,0.000,0.000,0.000,0.000,0.000,Z05,0.817
C00407,C00407,26.8238,38.4306,60,1.000,15.0,0.000,0.000,0.000,0.000,0.000,0.017,0.983,0.000,0.000,0.000,0.000,0.000,0.000,0.000,0.000,0.000,0.000,Z05,0.983
C00408,C00408,26.8353,38.4306,60,1.000,15.0,0.000,0.000,0.000,0.000,0.000,0.000,1.000,0.000,0.000,0.000,0.000,0.000,0.000,0.000,0.000,0.000,0.000,Z05,1.000
C00409,C00409,26.8468,38.4306,60,1.000,15.0,0.000,0.000,0.000,0.000,0.000,0.000,1.000,0.000,0.000,0.000,0.000,0.000,0.000,0.000,0.000,0.000,0.000,Z05,1.000
C00410,C00410,26.8583,38.4306,60,1.000,15.0,0.000,0.000,0.000,0.000,0.000,0.000,1.000,0.000,0.000,0.000,0.000,0.000,0.000,0.000,0.000,0.000,0.000,Z05,1.000
C00411,C00411,26.8698,38.4306,60,1.000,15.0,0.000,0.000,0.000,0.000,0.000,0.000,1.000,0.000,0.000,0.000,0.000,0.000,0.000,0.000,0.000,0.000,0.000,Z05,1.000
C00412,C00412,26.8813,38.4306,60,1.000,15.0,0.000,0.000,0.000,0.000,0.000,0.000,1.000,0.000,0.000,0.000,0.000,0.000,0.000,0.000,0.000,0.000,0.000,Z05,1.000
C00413,C00413,26.8928,38.4306,60,1.000,15.0,0.000,0.000,0.000,0.000,0.000,0.000,1.000,0.000,0.000,0.000,0.000,0.000,0.000,0.000,0.000,0.000,0.000,Z05,1.000
C00414,C00414,26.9044,38.4306,60,1.000,15.0,0.000,0.000,0.000,0.000,0.000,0.000,1.000,0.000,0.000,0.000,0.000,0.000,0.000,0.000,0.000,0.000,0.000,Z05,1.000
C00415,C00415,26.9159,38.4306,60,1.000,15.0,0.000,0.000,0.000,0.000,0.000,0.000,1.000,0.000,0.000,0.000,0.000,0.000,0.000,0.000,0.000,0.000,0.000,Z05,1.000
C00416,C00416,26.9274,38.4306,60,1.000,15.0,0.000,0.000,0.000,0.000,0.000,0.000,1.000,0.000,0.000,0.000,0.000,0.000,0.000,0.000,0.000,0.000,0.000,Z05,1.000
C00417,C00417,26.9389,38.4306,60,1.000,12.0,0.000,0.000,0.000,0.000,0.000,0.000,1.000,0.000,0.000,0.000,0.000,0.000,0.000,0.000,0.000,0.000,0.000,Z05,1.000
C00418,C00418,26.9504,38.4306,60,1.000,12.0,0.000,0.000,0.000,0.000,0.000,0.000,1.000,0.000,0.000,0.000,0.000,0.000,0.000,0.000,0.000,0.000,0.000,Z05,1.000
C00419,C00419,26.9619,38.4306,60,1.000,12.0,0.000,0.000,0.000,0.000,0.000,0.000,1.000,0.000,0.000,0.000,0.000,0.000,0.000,0.000,0.000,0.000,0.000,Z05,1.000
C00420,C00420,26.9734,38.4306,60,1.000,12.0,0.000,0.000,0.000,0.000,0.000,0.000,1.000,0.000,0.000,0.000,0.000,0.000,0.000,0.000,0.000,0.000,0.000,Z05,1.000
C00421,C00421,26.9849,38.4306,60,1.000,12.0,0.000,0.000,0.000,0.000,0.000,0.000,1.000,0.000,0.000,0.000,0.000,0.000,0.000,0.000,0.000,0.000,0.000,Z05,1.000
C00422,C00422,26.9964,38.4306,60,1.000,12.0,0.000,0.000,0.000,0.000,0.000,0.000,1.000,0.000,0.000,0.000,0.000,0.000,0.000,0.000,0.000,0.000,0.000,Z05,1.000
C00423,C00423,27.0080,38.4306,60,1.000,9.0,0.000,0.000,0.000,0.000,0.000,0.000,1.000,0.000,0.000,0.000,0.000,0.000,0.000,0.000,0.000,0.000,0.000,Z05,1.000
C00424,C00424,27.0195,38.4306,60,1.000,9.0,0.000,0.000,0.000,0.183,0.000,0.000,0.817,0.000,0.000,0.000,0.000,0.000,0.000,0.000,0.000,0.000,0.000,Z05,0.817
C00425,C00425,27.0310,38.4306,60,1.000,9.0,0.000,0.000,0.000,0.700,0.000,0.000,0.300,0.000,0.000,0.000,0.000,0.000,0.000,0.000,0.000,0.000,0.000,Z04,0.700
C00426,C00426,27.0425,38.4306,60,1.000,9.0,0.000,0.000,0.000,1.000,0.000,0.000,0.000,0.000,0.000,0.000,0.000,0.000,0.000,0.000,0.000,0.000,0.000,Z04,1.000
C00427,C00427,27.0540,38.4306,60,1.000,9.0,0.000,0.000,0.000,1.000,0.000,0.000,0.000,0.000,0.000,0.000,0.000,0.000,0.000,0.000,0.000,0.000,0.000,Z04,1.000
C00428,C00428,27.0655,38.4306,60,1.000,9.0,0.000,0.000,0.000,1.000,0.000,0.000,0.000,0.000,0.000,0.000,0.000,0.000,0.000,0.000,0.000,0.000,0.000,Z04,1.000
C00429,C00429,27.0770,38.4306,60,1.000,9.0,0.000,0.000,0.000,1.000,0.000,0.000,0.000,0.000,0.000,0.000,0.000,0.000,0.000,0.000,0.000,0.000,0.000,Z04,1.000
C00430,C00430,27.0885,38.4306,60,1.000,12.0,0.000,0.000,0.000,1.000,0.000,0.000,0.000,0.000,0.000,0.000,0.000,0.000,0.000,0.000,0.000,0.000,0.000,Z04,1.000
C00431,C00431,27.1001,38.4306,60,1.000,12.0,0.000,0.000,0.000,1.000,0.000,0.000,0.000,0.000,0.000,0.000,0.000,0.000,0.000,0.000,0.000,0.000,0.000,Z04,1.000
C00432,C00432,27.1116,38.4306,60,1.000,12.0,0.000,0.000,0.000,1.000,0.000,0.000,0.000,0.000,0.000,0.000,0.000,0.000,0.000,0.000,0.000,0.000,0.000,Z04,1.000
C00433,C00433,27.1231,38.4306,60,1.000,9.0,0.000,0.000,0.133,0.867,0.000,0.000,0.000,0.000,0.000,0.000,0.000,0.000,0.000,0.000,0.000,0.000,0.000,Z04,0.867
C00434,C00434,27.1346,38.4306,60,1.000,6.0,0.000,0.000,0.633,0.367,0.000,0.000,0.000,0.000,0.000,0.000,0.000,0.000,0.000,0.000,0.000,0.000,0.000,Z03,0.633
C00435,C00435,26.3058,38.4396,60,1.000,15.0,0.000,0.000,0.000,0.000,0.000,0.000,0.000,0.000,0.000,0.000,0.000,1.000,0.000,0.000,0.000,0.000,0.000,Z08,1.000
C00436,C00436,26.3173,38.4396,60,1.000,9.0,0.000,0.000,0.000,0.000,0.000,0.000,0.000,0.000,0.000,0.000,0.000,1.000,0.000,0.000,0.000,0.000,0.000,Z08,1.000
C00437,C00437,26.3288,38.4396,60,1.000,6.0,0.000,0.000,0.000,0.000,0.000,0.000,0.000,0.000,0.000,0.000,0.000,1.000,0.000,0.000,0.000,0.000,0.000,Z08,1.000
C00438,C00438,26.3518,38.4396,60,1.000,9.0,0.000,0.000,0.000,0.000,0.000,0.000,0.000,0.000,0.000,0.083,0.000,0.917,0.000,0.000,0.000,0.000,0.000,Z08,0.917
C00439,C00439,26.3633,38.4396,60,1.000,9.0,0.000,0.000,0.000,0.000,0.000,0.000,0.000,0.000,0.000,0.000,0.000,1.000,0.000,0.000,0.000,0.000,0.000,Z08,1.000
C00440,C00440,26.3748,38.4396,60,1.000,3.0,0.000,0.000,0.000,0.000,0.000,0.000,0.000,0.000,0.000,0.000,0.000,1.000,0.000,0.000,0.000,0.000,0.000,Z08,1.000
C00441,C00441,26.3863,38.4396,60,1.000,3.0,0.000,0.000,0.000,0.000,0.000,0.000,0.000,0.000,0.000,0.000,0.000,1.000,0.000,0.000,0.000,0.000,0.000,Z08,1.000
C00442,C00442,26.3978,38.4396,60,1.000,15.0,0.000,0.000,0.000,0.000,0.000,0.000,0.000,0.000,0.000,0.000,0.000,1.000,0.000,0.000,0.000,0.000,0.000,Z08,1.000
C00443,C00443,26.4094,38.4396,60,1.000,15.0,0.000,0.000,0.000,0.000,0.000,0.000,0.000,0.000,0.000,0.000,0.000,1.000,0.000,0.000,0.000,0.000,0.000,Z08,1.000
C00444,C00444,26.4209,38.4396,60,1.000,16.5,0.000,0.000,0.000,0.000,0.000,0.000,0.000,0.000,0.000,0.000,0.000,1.000,0.000,0.000,0.000,0.000,0.000,Z08,1.000
C00445,C00445,26.4324,38.4396,60,1.000,15.0,0.000,0.000,0.000,0.000,0.000,0.000,0.000,0.000,0.000,0.000,0.000,1.000,0.000,0.000,0.000,0.000,0.000,Z08,1.000
C00446,C00446,26.4439,38.4396,60,1.000,13.5,0.000,0.000,0.000,0.000,0.000,0.000,0.000,0.050,0.000,0.000,0.000,0.950,0.000,0.000,0.000,0.000,0.000,Z08,0.950
C00447,C00447,26.4554,38.4396,60,1.000,12.0,0.000,0.000,0.000,0.000,0.000,0.000,0.000,0.283,0.000,0.000,0.000,0.717,0.000,0.000,0.000,0.000,0.000,Z08,0.717
C00448,C00448,26.4669,38.4396,60,1.000,3.0,0.000,0.000,0.000,0.000,0.000,0.000,0.000,0.783,0.000,0.000,0.000,0.217,0.000,0.000,0.000,0.000,0.000,Z15,0.783
C00449,C00449,26.4784,38.4396,60,1.000,3.0,0.000,0.000,0.000,0.000,0.000,0.000,0.000,1.000,0.000,0.000,0.000,0.000,0.000,0.000,0.000,0.000,0.000,Z15,1.000
C00450,C00450,26.4899,38.4396,60,1.000,6.0,0.000,0.000,0.000,0.000,0.000,0.000,0.000,1.000,0.000,0.000,0.000,0.000,0.000,0.000,0.000,0.000,0.000,Z15,1.000
C00451,C00451,26.5015,38.4396,60,1.000,6.0,0.000,0.000,0.000,0.000,0.000,0.000,0.000,1.000,0.000,0.000,0.000,0.000,0.000,0.000,0.000,0.000,0.000,Z15,1.000
C00452,C00452,26.6051,38.4396,60,1.000,3.0,0.000,0.000,0.000,0.000,0.000,0.000,0.000,1.000,0.000,0.000,0.000,0.000,0.000,0.000,0.000,0.000,0.000,Z15,1.000
C00453,C00453,26.6166,38.4396,60,1.000,6.0,0.000,0.000,0.000,0.000,0.000,0.000,0.000,1.000,0.000,0.000,0.000,0.000,0.000,0.000,0.000,0.000,0.000,Z15,1.000
C00454,C00454,26.6281,38.4396,60,1.000,6.0,0.000,0.000,0.000,0.000,0.000,0.000,0.000,1.000,0.000,0.000,0.000,0.000,0.000,0.000,0.000,0.000,0.000,Z15,1.000
C00455,C00455,26.6396,38.4396,60,1.000,9.0,0.000,0.000,0.000,0.000,0.000,0.000,0.000,1.000,0.000,0.000,0.000,0.000,0.000,0.000,0.000,0.000,0.000,Z15,1.000
C00456,C00456,26.6511,38.4396,60,1.000,12.0,0.000,0.000,0.000,0.000,0.000,0.000,0.000,1.000,0.000,0.000,0.000,0.000,0.000,0.000,0.000,0.000,0.000,Z15,1.000
C00457,C00457,26.6626,38.4396,60,1.000,15.0,0.000,0.000,0.000,0.000,0.000,0.000,0.000,1.000,0.000,0.000,0.000,0.000,0.000,0.000,0.000,0.000,0.000,Z15,1.000
C00458,C00458,26.6741,38.4396,60,1.000,15.0,0.000,0.000,0.000,0.000,0.000,0.000,0.000,1.000,0.000,0.000,0.000,0.000,0.000,0.000,0.000,0.000,0.000,Z15,1.000
C00459,C00459,26.6856,38.4396,60,1.000,15.0,0.000,0.000,0.000,0.000,0.000,0.000,0.000,1.000,0.000,0.000,0.000,0.000,0.000,0.000,0.000,0.000,0.000,Z15,1.000
C00460,C00460,26.6971,38.4396,60,1.000,7.5,0.000,0.000,0.000,0.000,0.000,0.000,0.000,1.000,0.000,0.000,0.000,0.000,0.000,0.000,0.000,0.000,0.000,Z15,1.000
C00461,C00461,26.7087,38.4396,60,1.000,3.0,0.000,0.000,0.000,0.000,0.000,0.000,0.000,1.000,0.000,0.000,0.000,0.000,0.000,0.000,0.000,0.000,0.000,Z15,1.000
C00462,C00462,26.7202,38.4396,60,1.000,3.0,0.000,0.000,0.000,0.000,0.000,0.000,0.000,1.000,0.000,0.000,0.000,0.000,0.000,0.000,0.000,0.000,0.000,Z15,1.000
C00463,C00463,26.7317,38.4396,60,1.000,3.0,0.000,0.000,0.000,0.000,0.000,0.000,0.000,1.000,0.000,0.000,0.000,0.000,0.000,0.000,0.000,0.000,0.000,Z15,1.000
C00464,C00464,26.7432,38.4396,60,1.000,6.0,0.000,0.000,0.000,0.000,0.000,0.083,0.017,0.900,0.000,0.000,0.000,0.000,0.000,0.000,0.000,0.000,0.000,Z15,0.900
C00465,C00465,26.7547,38.4396,60,1.000,6.0,0.000,0.000,0.000,0.000,0.000,0.350,0.117,0.533,0.000,0.000,0.000,0.000,0.000,0.000,0.000,0.000,0.000,Z15,0.533
C00466,C00466,26.7777,38.4396,60,1.000,6.0,0.000,0.000,0.000,0.000,0.000,0.750,0.250,0.000,0.000,0.000,0.000,0.000,0.000,0.000,0.000,0.000,0.000,Z14,0.750
C00467,C00467,26.7892,38.4396,60,1.000,9.0,0.000,0.000,0.000,0.000,0.000,0.683,0.317,0.000,0.000,0.000,0.000,0.000,0.000,0.000,0.000,0.000,0.000,Z14,0.683
C00468,C00468,26.8008,38.4396,60,1.000,9.0,0.000,0.000,0.000,0.000,0.000,0.567,0.433,0.000,0.000,0.000,0.000,0.000,0.000,0.000,0.000,0.000,0.000,Z14,0.567
C00469,C00469,26.8123,38.4396,60,1.000,12.0,0.000,0.000,0.000,0.000,0.000,0.233,0.767,0.000,0.000,0.000,0.000,0.000,0.000,0.000,0.000,0.000,0.000,Z05,0.767
C00470,C00470,26.8238,38.4396,60,1.000,15.0,0.000,0.000,0.000,0.000,0.000,0.017,0.983,0.000,0.000,0.000,0.000,0.000,0.000,0.000,0.000,0.000,0.000,Z05,0.983
C00471,C00471,26.8353,38.4396,60,1.000,15.0,0.000,0.000,0.000,0.000,0.000,0.000,1.000,0.000,0.000,0.000,0.000,0.000,0.000,0.000,0.000,0.000,0.000,Z05,1.000
C00472,C00472,26.8468,38.4396,60,1.000,15.0,0.000,0.000,0.000,0.000,0.000,0.000,1.000,0.000,0.000,0.000,0.000,0.000,0.000,0.000,0.000,0.000,0.000,Z05,1.000
C00473,C00473,26.8583,38.4396,60,1.000,15.0,0.000,0.000,0.000,0.000,0.000,0.000,1.000,0.000,0.000,0.000,0.000,0.000,0.000,0.000,0.000,0.000,0.000,Z05,1.000
C00474,C00474,26.8698,38.4396,60,1.000,18.0,0.000,0.000,0.000,0.000,0.000,0.000,1.000,0.000,0.000,0.000,0.000,0.000,0.000,0.000,0.000,0.000,0.000,Z05,1.000
C00475,C00475,26.8813,38.4396,60,1.000,15.0,0.000,0.000,0.000,0.000,0.000,0.000,1.000,0.000,0.000,0.000,0.000,0.000,0.000,0.000,0.000,0.000,0.000,Z05,1.000
C00476,C00476,26.8928,38.4396,60,1.000,15.0,0.000,0.000,0.000,0.000,0.000,0.000,1.000,0.000,0.000,0.000,0.000,0.000,0.000,0.000,0.000,0.000,0.000,Z05,1.000
C00477,C00477,26.9044,38.4396,60,1.000,15.0,0.000,0.000,0.000,0.000,0.000,0.000,1.000,0.000,0.000,0.000,0.000,0.000,0.000,0.000,0.000,0.000,0.000,Z05,1.000
C00478,C00478,26.9159,38.4396,60,1.000,12.0,0.000,0.000,0.000,0.000,0.000,0.000,0.633,0.000,0.000,0.000,0.367,0.000,0.000,0.000,0.000,0.000,0.000,Z05,0.633
C00479,C00479,26.9274,38.4396,60,1.000,3.0,0.000,0.000,0.000,0.000,0.000,0.000,0.917,0.000,0.000,0.000,0.083,0.000,0.000,0.000,0.000,0.000,0.000,Z05,0.917
C00480,C00480,26.9389,38.4396,60,1.000,3.0,0.000,0.000,0.000,0.000,0.000,0.000,0.967,0.000,0.000,0.000,0.033,0.000,0.000,0.000,0.000,0.000,0.000,Z05,0.967
C00481,C00481,26.9504,38.4396,60,1.000,3.0,0.000,0.000,0.000,0.000,0.000,0.000,0.933,0.000,0.000,0.000,0.067,0.000,0.000,0.000,0.000,0.000,0.000,Z05,0.933
C00482,C00482,26.9619,38.4396,60,1.000,4.5,0.000,0.000,0.000,0.000,0.000,0.000,0.667,0.000,0.000,0.000,0.333,0.000,0.000,0.000,0.000,0.000,0.000,Z05,0.667
C00483,C00483,26.9849,38.4396,60,1.000,12.0,0.000,0.000,0.000,0.000,0.000,0.000,0.883,0.000,0.000,0.000,0.117,0.000,0.000,0.000,0.000,0.000,0.000,Z05,0.883
C00484,C00484,26.9964,38.4396,60,1.000,12.0,0.000,0.000,0.000,0.000,0.000,0.000,0.983,0.000,0.000,0.000,0.017,0.000,0.000,0.000,0.000,0.000,0.000,Z05,0.983
C00485,C00485,27.0080,38.4396,60,1.000,12.0,0.000,0.000,0.000,0.000,0.000,0.000,1.000,0.000,0.000,0.000,0.000,0.000,0.000,0.000,0.000,0.000,0.000,Z05,1.000
C00486,C00486,27.0195,38.4396,60,1.000,12.0,0.000,0.000,0.000,0.083,0.000,0.000,0.917,0.000,0.000,0.000,0.000,0.000,0.000,0.000,0.000,0.000,0.000,Z05,0.917
C00487,C00487,27.0310,38.4396,60,1.000,9.0,0.000,0.000,0.000,0.333,0.000,0.000,0.667,0.000,0.000,0.000,0.000,0.000,0.000,0.000,0.000,0.000,0.000,Z05,0.667
C00488,C00488,27.0425,38.4396,60,1.000,9.0,0.000,0.000,0.000,0.867,0.000,0.000,0.133,0.000,0.000,0.000,0.000,0.000,0.000,0.000,0.000,0.000,0.000,Z04,0.867
C00489,C00489,27.0540,38.4396,60,1.000,12.0,0.000,0.000,0.000,1.000,0.000,0.000,0.000,0.000,0.000,0.000,0.000,0.000,0.000,0.000,0.000,0.000,0.000,Z04,1.000
C00490,C00490,27.0655,38.4396,60,1.000,10.5,0.000,0.000,0.000,1.000,0.000,0.000,0.000,0.000,0.000,0.000,0.000,0.000,0.000,0.000,0.000,0.000,0.000,Z04,1.000
C00491,C00491,27.0770,38.4396,60,1.000,12.0,0.000,0.000,0.000,1.000,0.000,0.000,0.000,0.000,0.000,0.000,0.000,0.000,0.000,0.000,0.000,0.000,0.000,Z04,1.000
C00492,C00492,27.0885,38.4396,60,1.000,12.0,0.000,0.000,0.000,1.000,0.000,0.000,0.000,0.000,0.000,0.000,0.000,0.000,0.000,0.000,0.000,0.000,0.000,Z04,1.000
C00493,C00493,27.1001,38.4396,60,1.000,15.0,0.000,0.000,0.000,1.000,0.000,0.000,0.000,0.000,0.000,0.000,0.000,0.000,0.000,0.000,0.000,0.000,0.000,Z04,1.000
C00494,C00494,27.1116,38.4396,60,1.000,15.0,0.000,0.000,0.000,1.000,0.000,0.000,0.000,0.000,0.000,0.000,0.000,0.000,0.000,0.000,0.000,0.000,0.000,Z04,1.000
C00495,C00495,27.1231,38.4396,60,1.000,12.0,0.000,0.000,0.017,0.983,0.000,0.000,0.000,0.000,0.000,0.000,0.000,0.000,0.000,0.000,0.000,0.000,0.000,Z04,0.983
C00496,C00496,27.1346,38.4396,60,1.000,9.0,0.000,0.000,0.500,0.500,0.000,0.000,0.000,0.000,0.000,0.000,0.000,0.000,0.000,0.000,0.000,0.000,0.000,Z03,0.500
C00497,C00497,26.3058,38.4486,60,1.000,15.0,0.000,0.000,0.000,0.000,0.000,0.000,0.000,0.000,0.000,0.000,0.000,0.967,0.000,0.000,0.000,0.000,0.033,Z08,0.967
C00498,C00498,26.3173,38.4486,60,1.000,12.0,0.000,0.000,0.000,0.000,0.000,0.000,0.000,0.000,0.000,0.000,0.000,0.967,0.000,0.000,0.000,0.000,0.033,Z08,0.967
C00499,C00499,26.3288,38.4486,60,1.000,9.0,0.000,0.000,0.000,0.000,0.000,0.000,0.000,0.000,0.000,0.000,0.000,0.983,0.000,0.000,0.000,0.000,0.017,Z08,0.983
C00500,C00500,26.3403,38.4486,60,1.000,3.0,0.000,0.000,0.000,0.000,0.000,0.000,0.000,0.000,0.000,0.017,0.000,0.983,0.000,0.000,0.000,0.000,0.000,Z08,0.983
C00501,C00501,26.3518,38.4486,60,1.000,3.0,0.000,0.000,0.000,0.000,0.000,0.000,0.000,0.000,0.000,0.633,0.000,0.367,0.000,0.000,0.000,0.000,0.000,Z16,0.633
C00502,C00502,26.3633,38.4486,60,1.000,3.0,0.000,0.000,0.000,0.000,0.000,0.000,0.000,0.000,0.000,0.050,0.000,0.950,0.000,0.000,0.000,0.000,0.000,Z08,0.950
C00503,C00503,26.3748,38.4486,60,1.000,3.0,0.000,0.000,0.000,0.000,0.000,0.000,0.000,0.000,0.000,0.000,0.000,1.000,0.000,0.000,0.000,0.000,0.000,Z08,1.000
C00504,C00504,26.3863,38.4486,60,1.000,3.0,0.000,0.000,0.000,0.000,0.000,0.000,0.000,0.000,0.000,0.000,0.000,1.000,0.000,0.000,0.000,0.000,0.000,Z08,1.000
C00505,C00505,26.3978,38.4486,60,1.000,15.0,0.000,0.000,0.000,0.000,0.000,0.000,0.000,0.000,0.000,0.000,0.000,1.000,0.000,0.000,0.000,0.000,0.000,Z08,1.000
C00506,C00506,26.4094,38.4486,60,1.000,18.0,0.000,0.000,0.000,0.000,0.000,0.000,0.000,0.000,0.000,0.017,0.000,0.983,0.000,0.000,0.000,0.000,0.000,Z08,0.983
C00507,C00507,26.4209,38.4486,60,1.000,18.0,0.000,0.000,0.000,0.000,0.000,0.000,0.000,0.000,0.000,0.000,0.000,1.000,0.000,0.000,0.000,0.000,0.000,Z08,1.000
C00508,C00508,26.4324,38.4486,60,1.000,15.0,0.000,0.000,0.000,0.000,0.000,0.000,0.000,0.000,0.000,0.000,0.000,1.000,0.000,0.000,0.000,0.000,0.000,Z08,1.000
C00509,C00509,26.4439,38.4486,60,1.000,15.0,0.000,0.000,0.000,0.000,0.000,0.000,0.000,0.000,0.000,0.000,0.000,1.000,0.000,0.000,0.000,0.000,0.000,Z08,1.000
C00510,C00510,26.4554,38.4486,60,1.000,12.0,0.000,0.000,0.000,0.000,0.000,0.000,0.000,0.267,0.000,0.000,0.000,0.733,0.000,0.000,0.000,0.000,0.000,Z08,0.733
C00511,C00511,26.4669,38.4486,60,1.000,6.0,0.000,0.000,0.000,0.000,0.000,0.000,0.000,0.550,0.000,0.000,0.000,0.450,0.000,0.000,0.000,0.000,0.000,Z15,0.550
C00512,C00512,26.4784,38.4486,60,1.000,6.0,0.000,0.000,0.000,0.000,0.000,0.000,0.000,0.900,0.000,0.000,0.000,0.100,0.000,0.000,0.000,0.000,0.000,Z15,0.900
C00513,C00513,26.4899,38.4486,60,1.000,6.0,0.000,0.000,0.000,0.000,0.000,0.000,0.000,1.000,0.000,0.000,0.000,0.000,0.000,0.000,0.000,0.000,0.000,Z15,1.000
C00514,C00514,26.6051,38.4486,60,1.000,3.0,0.000,0.000,0.000,0.000,0.000,0.000,0.000,0.917,0.083,0.000,0.000,0.000,0.000,0.000,0.000,0.000,0.000,Z15,0.917
C00515,C00515,26.6166,38.4486,60,1.000,6.0,0.000,0.000,0.000,0.000,0.000,0.000,0.000,1.000,0.000,0.000,0.000,0.000,0.000,0.000,0.000,0.000,0.000,Z15,1.000
C00516,C00516,26.6281,38.4486,60,1.000,6.0,0.000,0.000,0.000,0.000,0.000,0.000,0.000,1.000,0.000,0.000,0.000,0.000,0.000,0.000,0.000,0.000,0.000,Z15,1.000
C00517,C00517,26.6396,38.4486,60,1.000,9.0,0.000,0.000,0.000,0.000,0.000,0.000,0.000,1.000,0.000,0.000,0.000,0.000,0.000,0.000,0.000,0.000,0.000,Z15,1.000
C00518,C00518,26.6511,38.4486,60,1.000,12.0,0.000,0.000,0.000,0.000,0.000,0.000,0.000,1.000,0.000,0.000,0.000,0.000,0.000,0.000,0.000,0.000,0.000,Z15,1.000
C00519,C00519,26.6626,38.4486,60,1.000,16.5,0.000,0.000,0.000,0.000,0.000,0.000,0.000,1.000,0.000,0.000,0.000,0.000,0.000,0.000,0.000,0.000,0.000,Z15,1.000
C00520,C00520,26.6741,38.4486,60,1.000,18.0,0.000,0.000,0.000,0.000,0.000,0.000,0.000,1.000,0.000,0.000,0.000,0.000,0.000,0.000,0.000,0.000,0.000,Z15,1.000
C00521,C00521,26.6856,38.4486,60,1.000,18.0,0.000,0.000,0.000,0.000,0.000,0.000,0.000,1.000,0.000,0.000,0.000,0.000,0.000,0.000,0.000,0.000,0.000,Z15,1.000
C00522,C00522,26.6971,38.4486,60,1.000,12.0,0.000,0.000,0.000,0.000,0.000,0.000,0.000,1.000,0.000,0.000,0.000,0.000,0.000,0.000,0.000,0.000,0.000,Z15,1.000
C00523,C00523,26.7087,38.4486,60,1.000,6.0,0.000,0.000,0.000,0.000,0.000,0.000,0.000,1.000,0.000,0.000,0.000,0.000,0.000,0.000,0.000,0.000,0.000,Z15,1.000
C00524,C00524,26.7202,38.4486,60,1.000,6.0,0.000,0.000,0.000,0.000,0.000,0.000,0.000,1.000,0.000,0.000,0.000,0.000,0.000,0.000,0.000,0.000,0.000,Z15,1.000
C00525,C00525,26.7317,38.4486,60,1.000,6.0,0.000,0.000,0.000,0.000,0.000,0.000,0.000,1.000,0.000,0.000,0.000,0.000,0.000,0.000,0.000,0.000,0.000,Z15,1.000
C00526,C00526,26.7432,38.4486,60,1.000,6.0,0.000,0.000,0.000,0.000,0.000,0.000,0.017,0.983,0.000,0.000,0.000,0.000,0.000,0.000,0.000,0.000,0.000,Z15,0.983
C00527,C00527,26.7547,38.4486,60,1.000,9.0,0.000,0.000,0.000,0.000,0.000,0.300,0.083,0.617,0.000,0.000,0.000,0.000,0.000,0.000,0.000,0.000,0.000,Z15,0.617
C00528,C00528,26.7777,38.4486,60,1.000,6.0,0.000,0.000,0.000,0.000,0.000,0.817,0.183,0.000,0.000,0.000,0.000,0.000,0.000,0.000,0.000,0.000,0.000,Z14,0.817
C00529,C00529,26.7892,38.4486,60,1.000,12.0,0.000,0.000,0.000,0.000,0.000,0.550,0.450,0.000,0.000,0.000,0.000,0.000,0.000,0.000,0.000,0.000,0.000,Z14,0.550
C00530,C00530,26.8008,38.4486,60,1.000,9.0,0.000,0.000,0.000,0.000,0.000,0.700,0.300,0.000,0.000,0.000,0.000,0.000,0.000,0.000,0.000,0.000,0.000,Z14,0.700
C00531,C00531,26.8123,38.4486,60,1.000,12.0,0.000,0.000,0.000,0.000,0.000,0.433,0.567,0.000,0.000,0.000,0.000,0.000,0.000,0.000,0.000,0.000,0.000,Z05,0.567
C00532,C00532,26.8238,38.4486,60,1.000,15.0,0.000,0.000,0.000,0.000,0.000,0.067,0.933,0.000,0.000,0.000,0.000,0.000,0.000,0.000,0.000,0.000,0.000,Z05,0.933
C00533,C00533,26.8353,38.4486,60,1.000,15.0,0.000,0.000,0.000,0.000,0.000,0.017,0.983,0.000,0.000,0.000,0.000,0.000,0.000,0.000,0.000,0.000,0.000,Z05,0.983
C00534,C00534,26.8468,38.4486,60,1.000,18.0,0.000,0.000,0.000,0.000,0.000,0.000,1.000,0.000,0.000,0.000,0.000,0.000,0.000,0.000,0.000,0.000,0.000,Z05,1.000
C00535,C00535,26.8583,38.4486,60,1.000,18.0,0.000,0.000,0.000,0.000,0.000,0.000,1.000,0.000,0.000,0.000,0.000,0.000,0.000,0.000,0.000,0.000,0.000,Z05,1.000
C00536,C00536,26.8698,38.4486,60,1.000,18.0,0.000,0.000,0.000,0.000,0.000,0.000,1.000,0.000,0.000,0.000,0.000,0.000,0.000,0.000,0.000,0.000,0.000,Z05,1.000
C00537,C00537,26.8813,38.4486,60,1.000,18.0,0.000,0.000,0.000,0.000,0.000,0.000,1.000,0.000,0.000,0.000,0.000,0.000,0.000,0.000,0.000,0.000,0.000,Z05,1.000
C00538,C00538,26.8928,38.4486,60,1.000,18.0,0.000,0.000,0.000,0.000,0.000,0.000,0.983,0.000,0.000,0.000,0.017,0.000,0.000,0.000,0.000,0.000,0.000,Z05,0.983
C00539,C00539,26.9044,38.4486,60,1.000,15.0,0.000,0.000,0.000,0.000,0.000,0.000,0.600,0.000,0.000,0.000,0.400,0.000,0.000,0.000,0.000,0.000,0.000,Z05,0.600
C00540,C00540,26.9159,38.4486,60,1.000,3.0,0.000,0.000,0.000,0.000,0.000,0.000,0.000,0.000,0.000,0.000,1.000,0.000,0.000,0.000,0.000,0.000,0.000,Z07,1.000
C00541,C00541,27.0080,38.4486,60,1.000,15.0,0.000,0.000,0.000,0.000,0.000,0.000,0.983,0.000,0.000,0.000,0.017,0.000,0.000,0.000,0.000,0.000,0.000,Z05,0.983
C00542,C00542,27.0195,38.4486,60,1.000,12.0,0.000,0.000,0.000,0.033,0.000,0.000,0.967,0.000,0.000,0.000,0.000,0.000,0.000,0.000,0.000,0.000,0.000,Z05,0.967
C00543,C00543,27.0425,38.4486,60,1.000,12.0,0.000,0.000,0.000,0.517,0.000,0.000,0.483,0.000,0.000,0.000,0.000,0.000,0.000,0.000,0.000,0.000,0.000,Z04,0.517
C00544,C00544,27.0540,38.4486,60,1.000,12.0,0.000,0.000,0.000,0.933,0.000,0.000,0.067,0.000,0.000,0.000,0.000,0.000,0.000,0.000,0.000,0.000,0.000,Z04,0.933
C00545,C00545,27.0655,38.4486,60,1.000,12.0,0.000,0.000,0.000,1.000,0.000,0.000,0.000,0.000,0.000,0.000,0.000,0.000,0.000,0.000,0.000,0.000,0.000,Z04,1.000
C00546,C00546,27.0770,38.4486,60,1.000,12.0,0.000,0.000,0.000,1.000,0.000,0.000,0.000,0.000,0.000,0.000,0.000,0.000,0.000,0.000,0.000,0.000,0.000,Z04,1.000
C00547,C00547,27.0885,38.4486,60,1.000,15.0,0.000,0.000,0.000,1.000,0.000,0.000,0.000,0.000,0.000,0.000,0.000,0.000,0.000,0.000,0.000,0.000,0.000,Z04,1.000
C00548,C00548,27.1001,38.4486,60,1.000,15.0,0.067,0.000,0.000,0.933,0.000,0.000,0.000,0.000,0.000,0.000,0.000,0.000,0.000,0.000,0.000,0.000,0.000,Z04,0.933
C00549,C00549,27.1116,38.4486,60,1.000,15.0,0.033,0.050,0.000,0.917,0.000,0.000,0.000,0.000,0.000,0.000,0.000,0.000,0.000,0.000,0.000,0.000,0.000,Z04,0.917
C00550,C00550,27.1231,38.4486,60,1.000,15.0,0.000,0.050,0.017,0.933,0.000,0.000,0.000,0.000,0.000,0.000,0.000,0.000,0.000,0.000,0.000,0.000,0.000,Z04,0.933
C00551,C00551,27.1346,38.4486,60,1.000,12.0,0.000,0.033,0.167,0.800,0.000,0.000,0.000,0.000,0.000,0.000,0.000,0.000,0.000,0.000,0.000,0.000,0.000,Z04,0.800
C00552,C00552,27.1461,38.4486,60,1.000,6.0,0.000,0.483,0.267,0.250,0.000,0.000,0.000,0.000,0.000,0.000,0.000,0.000,0.000,0.000,0.000,0.000,0.000,Z02,0.483
C00553,C00553,27.1576,38.4486,60,1.000,3.0,0.000,0.900,0.100,0.000,0.000,0.000,0.000,0.000,0.000,0.000,0.000,0.000,0.000,0.000,0.000,0.000,0.000,Z02,0.900
C00554,C00554,26.3058,38.4577,60,1.000,18.0,0.000,0.000,0.000,0.000,0.000,0.000,0.000,0.000,0.000,0.000,0.000,0.850,0.000,0.000,0.000,0.000,0.150,Z08,0.850
C00555,C00555,26.3173,38.4577,60,1.000,15.0,0.000,0.000,0.000,0.000,0.000,0.000,0.000,0.000,0.000,0.000,0.000,0.917,0.000,0.000,0.000,0.000,0.083,Z08,0.917
C00556,C00556,26.3288,38.4577,60,1.000,12.0,0.000,0.000,0.000,0.000,0.000,0.000,0.000,0.000,0.000,0.000,0.000,1.000,0.000,0.000,0.000,0.000,0.000,Z08,1.000
C00557,C00557,26.3403,38.4577,60,1.000,6.0,0.000,0.000,0.000,0.000,0.000,0.000,0.000,0.000,0.000,0.033,0.000,0.967,0.000,0.000,0.000,0.000,0.000,Z08,0.967
C00558,C00558,26.3518,38.4577,60,1.000,3.0,0.000,0.000,0.000,0.000,0.000,0.000,0.000,0.000,0.000,0.567,0.000,0.433,0.000,0.000,0.000,0.000,0.000,Z16,0.567
C00559,C00559,26.3633,38.4577,60,1.000,3.0,0.000,0.000,0.000,0.000,0.000,0.000,0.000,0.000,0.000,0.433,0.000,0.567,0.000,0.000,0.000,0.000,0.000,Z08,0.567
C00560,C00560,26.3748,38.4577,60,1.000,6.0,0.000,0.000,0.000,0.000,0.000,0.000,0.000,0.000,0.000,0.000,0.000,1.000,0.000,0.000,0.000,0.000,0.000,Z08,1.000
C00561,C00561,26.3863,38.4577,60,1.000,3.0,0.000,0.000,0.000,0.000,0.000,0.000,0.000,0.000,0.000,0.050,0.000,0.950,0.000,0.000,0.000,0.000,0.000,Z08,0.950
C00562,C00562,26.3978,38.4577,60,1.000,3.0,0.000,0.000,0.000,0.000,0.000,0.000,0.000,0.000,0.000,0.617,0.000,0.383,0.000,0.000,0.000,0.000,0.000,Z16,0.617
C00563,C00563,26.4094,38.4577,60,1.000,18.0,0.000,0.000,0.000,0.000,0.000,0.000,0.000,0.000,0.000,0.117,0.000,0.883,0.000,0.000,0.000,0.000,0.000,Z08,0.883
C00564,C00564,26.4209,38.4577,60,1.000,18.0,0.000,0.000,0.000,0.000,0.000,0.000,0.000,0.000,0.000,0.017,0.000,0.983,0.000,0.000,0.000,0.000,0.000,Z08,0.983
C00565,C00565,26.4324,38.4577,60,1.000,18.0,0.000,0.000,0.000,0.000,0.000,0.000,0.000,0.000,0.000,0.000,0.000,1.000,0.000,0.000,0.000,0.000,0.000,Z08,1.000
C00566,C00566,26.4439,38.4577,60,1.000,15.0,0.000,0.000,0.000,0.000,0.000,0.000,0.000,0.017,0.000,0.000,0.000,0.983,0.000,0.000,0.000,0.000,0.000,Z08,0.983
C00567,C00567,26.4554,38.4577,60,1.000,15.0,0.000,0.000,0.000,0.000,0.000,0.000,0.000,0.233,0.000,0.000,0.000,0.767,0.000,0.000,0.000,0.000,0.000,Z08,0.767
C00568,C00568,26.4669,38.4577,60,1.000,9.0,0.000,0.000,0.000,0.000,0.000,0.000,0.000,0.417,0.050,0.000,0.000,0.533,0.000,0.000,0.000,0.000,0.000,Z08,0.533
C00569,C00569,26.4784,38.4577,60,1.000,6.0,0.000,0.000,0.000,0.000,0.000,0.000,0.000,0.750,0.017,0.000,0.000,0.233,0.000,0.000,0.000,0.000,0.000,Z15,0.750
C00570,C00570,26.5935,38.4577,60,1.000,3.0,0.000,0.000,0.000,0.000,0.000,0.000,0.000,0.167,0.833,0.000,0.000,0.000,0.000,0.000,0.000,0.000,0.000,Z06,0.833
C00571,C00571,26.6051,38.4577,60,1.000,3.0,0.000,0.000,0.000,0.000,0.000,0.000,0.000,0.467,0.533,0.000,0.000,0.000,0.000,0.000,0.000,0.000,0.000,Z06,0.533
C00572,C00572,26.6166,38.4577,60,1.000,6.0,0.000,0.000,0.000,0.000,0.000,0.000,0.000,1.000,0.000,0.000,0.000,0.000,0.000,0.000,0.000,0.000,0.000,Z15,1.000
C00573,C00573,26.6281,38.4577,60,1.000,6.0,0.000,0.000,0.000,0.000,0.000,0.000,0.000,1.000,0.000,0.000,0.000,0.000,0.000,0.000,0.000,0.000,0.000,Z15,1.000
C00574,C00574,26.6396,38.4577,60,1.000,9.0,0.000,0.000,0.000,0.000,0.000,0.000,0.000,1.000,0.000,0.000,0.000,0.000,0.000,0.000,0.000,0.000,0.000,Z15,1.000
C00575,C00575,26.6511,38.4577,60,1.000,12.0,0.000,0.000,0.000,0.000,0.000,0.000,0.000,1.000,0.000,0.000,0.000,0.000,0.000,0.000,0.000,0.000,0.000,Z15,1.000
C00576,C00576,26.6626,38.4577,60,1.000,16.5,0.000,0.000,0.000,0.000,0.000,0.000,0.000,1.000,0.000,0.000,0.000,0.000,0.000,0.000,0.000,0.000,0.000,Z15,1.000
C00577,C00577,26.6741,38.4577,60,1.000,18.0,0.000,0.000,0.000,0.000,0.000,0.000,0.000,1.000,0.000,0.000,0.000,0.000,0.000,0.000,0.000,0.000,0.000,Z15,1.000
C00578,C00578,26.6856,38.4577,60,1.000,18.0,0.000,0.000,0.000,0.000,0.000,0.000,0.000,1.000,0.000,0.000,0.000,0.000,0.000,0.000,0.000,0.000,0.000,Z15,1.000
C00579,C00579,26.6971,38.4577,60,1.000,12.0,0.000,0.000,0.000,0.000,0.000,0.000,0.000,1.000,0.000,0.000,0.000,0.000,0.000,0.000,0.000,0.000,0.000,Z15,1.000
C00580,C00580,26.7087,38.4577,60,1.000,6.0,0.000,0.000,0.000,0.000,0.000,0.000,0.000,1.000,0.000,0.000,0.000,0.000,0.000,0.000,0.000,0.000,0.000,Z15,1.000
C00581,C00581,26.7202,38.4577,60,1.000,6.0,0.000,0.000,0.000,0.000,0.000,0.000,0.000,1.000,0.000,0.000,0.000,0.000,0.000,0.000,0.000,0.000,0.000,Z15,1.000
C00582,C00582,26.7317,38.4577,60,1.000,6.0,0.000,0.000,0.000,0.000,0.017,0.000,0.000,0.983,0.000,0.000,0.000,0.000,0.000,0.000,0.000,0.000,0.000,Z15,0.983
C00583,C00583,26.7432,38.4577,60,1.000,6.0,0.000,0.000,0.000,0.000,0.000,0.050,0.033,0.917,0.000,0.000,0.000,0.000,0.000,0.000,0.000,0.000,0.000,Z15,0.917
C00584,C00584,26.7547,38.4577,60,1.000,6.0,0.000,0.000,0.000,0.000,0.000,0.300,0.117,0.583,0.000,0.000,0.000,0.000,0.000,0.000,0.000,0.000,0.000,Z15,0.583
C00585,C00585,26.7662,38.4577,60,1.000,3.0,0.000,0.000,0.000,0.000,0.000,0.850,0.067,0.083,0.000,0.000,0.000,0.000,0.000,0.000,0.000,0.000,0.000,Z14,0.850
C00586,C00586,26.7777,38.4577,60,1.000,3.0,0.000,0.000,0.000,0.000,0.000,0.950,0.050,0.000,0.000,0.000,0.000,0.000,0.000,0.000,0.000,0.000,0.000,Z14,0.950
C00587,C00587,26.7892,38.4577,60,1.000,12.0,0.000,0.000,0.000,0.000,0.000,0.617,0.383,0.000,0.000,0.000,0.000,0.000,0.000,0.000,0.000,0.000,0.000,Z14,0.617
C00588,C00588,26.8008,38.4577,60,1.000,12.0,0.000,0.000,0.000,0.000,0.000,0.650,0.350,0.000,0.000,0.000,0.000,0.000,0.000,0.000,0.000,0.000,0.000,Z14,0.650
C00589,C00589,26.8123,38.4577,60,1.000,12.0,0.000,0.000,0.000,0.000,0.000,0.550,0.450,0.000,0.000,0.000,0.000,0.000,0.000,0.000,0.000,0.000,0.000,Z14,0.550
C00590,C00590,26.8238,38.4577,60,1.000,18.0,0.000,0.000,0.000,0.000,0.000,0.150,0.850,0.000,0.000,0.000,0.000,0.000,0.000,0.000,0.000,0.000,0.000,Z05,0.850
C00591,C00591,26.8353,38.4577,60,1.000,18.0,0.000,0.000,0.000,0.000,0.000,0.017,0.983,0.000,0.000,0.000,0.000,0.000,0.000,0.000,0.000,0.000,0.000,Z05,0.983
C00592,C00592,26.8468,38.4577,60,1.000,18.0,0.000,0.000,0.000,0.000,0.000,0.000,1.000,0.000,0.000,0.000,0.000,0.000,0.000,0.000,0.000,0.000,0.000,Z05,1.000
C00593,C00593,26.8583,38.4577,60,1.000,18.0,0.000,0.000,0.000,0.000,0.000,0.000,1.000,0.000,0.000,0.000,0.000,0.000,0.000,0.000,0.000,0.000,0.000,Z05,1.000
C00594,C00594,26.8698,38.4577,60,1.000,18.0,0.000,0.000,0.000,0.000,0.000,0.000,1.000,0.000,0.000,0.000,0.000,0.000,0.000,0.000,0.000,0.000,0.000,Z05,1.000
C00595,C00595,26.8813,38.4577,60,1.000,18.0,0.000,0.000,0.000,0.000,0.000,0.000,1.000,0.000,0.000,0.000,0.000,0.000,0.000,0.000,0.000,0.000,0.000,Z05,1.000
C00596,C00596,26.8928,38.4577,60,1.000,18.0,0.000,0.000,0.000,0.000,0.000,0.000,1.000,0.000,0.000,0.000,0.000,0.000,0.000,0.000,0.000,0.000,0.000,Z05,1.000
C00597,C00597,26.9044,38.4577,60,1.000,4.5,0.000,0.000,0.000,0.000,0.000,0.000,0.467,0.000,0.000,0.000,0.533,0.000,0.000,0.000,0.000,0.000,0.000,Z07,0.533
C00598,C00598,26.9159,38.4577,60,1.000,3.0,0.000,0.000,0.000,0.000,0.000,0.000,0.050,0.000,0.000,0.000,0.950,0.000,0.000,0.000,0.000,0.000,0.000,Z07,0.950
C00599,C00599,27.0425,38.4577,60,1.000,15.0,0.000,0.000,0.000,0.417,0.000,0.000,0.567,0.000,0.000,0.000,0.017,0.000,0.000,0.000,0.000,0.000,0.000,Z05,0.567
C00600,C00600,27.0540,38.4577,60,1.000,15.0,0.033,0.000,0.000,0.917,0.000,0.000,0.050,0.000,0.000,0.000,0.000,0.000,0.000,0.000,0.000,0.000,0.000,Z04,0.917
C00601,C00601,27.0655,38.4577,60,1.000,12.0,0.200,0.000,0.000,0.800,0.000,0.000,0.000,0.000,0.000,0.000,0.000,0.000,0.000,0.000,0.000,0.000,0.000,Z04,0.800
C00602,C00602,27.0770,38.4577,60,1.000,15.0,0.100,0.000,0.000,0.900,0.000,0.000,0.000,0.000,0.000,0.000,0.000,0.000,0.000,0.000,0.000,0.000,0.000,Z04,0.900
C00603,C00603,27.0885,38.4577,60,1.000,15.0,0.017,0.000,0.000,0.983,0.000,0.000,0.000,0.000,0.000,0.000,0.000,0.000,0.000,0.000,0.000,0.000,0.000,Z04,0.983
C00604,C00604,27.1346,38.4577,60,1.000,15.0,0.000,0.117,0.050,0.833,0.000,0.000,0.000,0.000,0.000,0.000,0.000,0.000,0.000,0.000,0.000,0.000,0.000,Z04,0.833
C00605,C00605,27.1461,38.4577,60,1.000,12.0,0.000,0.217,0.233,0.550,0.000,0.000,0.000,0.000,0.000,0.000,0.000,0.000,0.000,0.000,0.000,0.000,0.000,Z04,0.550
C00606,C00606,27.1576,38.4577,60,1.000,6.0,0.000,0.800,0.167,0.033,0.000,0.000,0.000,0.000,0.000,0.000,0.000,0.000,0.000,0.000,0.000,0.000,0.000,Z02,0.800
C00607,C00607,26.3058,38.4667,60,1.000,18.0,0.000,0.000,0.000,0.000,0.000,0.000,0.000,0.000,0.000,0.000,0.000,0.900,0.000,0.000,0.000,0.000,0.100,Z08,0.900
C00608,C00608,26.3173,38.4667,60,1.000,18.0,0.000,0.000,0.000,0.000,0.000,0.000,0.000,0.000,0.000,0.000,0.000,0.967,0.000,0.000,0.000,0.000,0.033,Z08,0.967
C00609,C00609,26.3288,38.4667,60,1.000,12.0,0.000,0.000,0.000,0.000,0.000,0.000,0.000,0.000,0.000,0.000,0.000,0.983,0.000,0.000,0.000,0.000,0.017,Z08,0.983
C00610,C00610,26.3403,38.4667,60,1.000,7.5,0.000,0.000,0.000,0.000,0.000,0.000,0.000,0.000,0.000,0.050,0.000,0.950,0.000,0.000,0.000,0.000,0.000,Z08,0.950
C00611,C00611,26.3518,38.4667,60,1.000,3.0,0.000,0.000,0.000,0.000,0.000,0.000,0.000,0.000,0.000,0.283,0.000,0.717,0.000,0.000,0.000,0.000,0.000,Z08,0.717
C00612,C00612,26.3633,38.4667,60,1.000,3.0,0.000,0.000,0.000,0.000,0.000,0.000,0.000,0.000,0.000,0.450,0.000,0.550,0.000,0.000,0.000,0.000,0.000,Z08,0.550
C00613,C00613,26.3748,38.4667,60,1.000,6.0,0.000,0.000,0.000,0.000,0.000,0.000,0.000,0.000,0.000,0.167,0.000,0.833,0.000,0.000,0.000,0.000,0.000,Z08,0.833
C00614,C00614,26.3863,38.4667,60,1.000,9.0,0.000,0.000,0.000,0.000,0.000,0.000,0.000,0.000,0.000,0.050,0.000,0.950,0.000,0.000,0.000,0.000,0.000,Z08,0.950
C00615,C00615,26.3978,38.4667,60,1.000,3.0,0.000,0.000,0.000,0.000,0.000,0.000,0.000,0.000,0.000,0.833,0.000,0.167,0.000,0.000,0.000,0.000,0.000,Z16,0.833
C00616,C00616,26.4094,38.4667,60,1.000,3.0,0.000,0.000,0.000,0.000,0.000,0.000,0.000,0.000,0.000,0.883,0.000,0.117,0.000,0.000,0.000,0.000,0.000,Z16,0.883
C00617,C00617,26.4209,38.4667,60,1.000,18.0,0.000,0.000,0.000,0.000,0.000,0.000,0.000,0.000,0.000,0.267,0.000,0.733,0.000,0.000,0.000,0.000,0.000,Z08,0.733
C00618,C00618,26.4324,38.4667,60,1.000,18.0,0.000,0.000,0.000,0.000,0.000,0.000,0.000,0.000,0.017,0.000,0.000,0.983,0.000,0.000,0.000,0.000,0.000,Z08,0.983
C00619,C00619,26.4439,38.4667,60,1.000,15.0,0.000,0.000,0.000,0.000,0.000,0.000,0.000,0.050,0.000,0.000,0.000,0.950,0.000,0.000,0.000,0.000,0.000,Z08,0.950
C00620,C00620,26.4554,38.4667,60,1.000,15.0,0.000,0.000,0.000,0.000,0.000,0.000,0.000,0.200,0.017,0.000,0.000,0.783,0.000,0.000,0.000,0.000,0.000,Z08,0.783
C00621,C00621,26.5935,38.4667,60,1.000,3.0,0.000,0.000,0.000,0.000,0.000,0.000,0.000,0.050,0.950,0.000,0.000,0.000,0.000,0.000,0.000,0.000,0.000,Z06,0.950
C00622,C00622,26.6051,38.4667,60,1.000,3.0,0.000,0.000,0.000,0.000,0.000,0.000,0.000,0.217,0.783,0.000,0.000,0.000,0.000,0.000,0.000,0.000,0.000,Z06,0.783
C00623,C00623,26.6166,38.4667,60,1.000,6.0,0.000,0.000,0.000,0.000,0.000,0.000,0.000,0.883,0.117,0.000,0.000,0.000,0.000,0.000,0.000,0.000,0.000,Z15,0.883
C00624,C00624,26.6281,38.4667,60,1.000,9.0,0.000,0.000,0.000,0.000,0.000,0.000,0.000,0.917,0.083,0.000,0.000,0.000,0.000,0.000,0.000,0.000,0.000,Z15,0.917
C00625,C00625,26.6396,38.4667,60,1.000,9.0,0.000,0.000,0.000,0.000,0.000,0.000,0.000,0.967,0.033,0.000,0.000,0.000,0.000,0.000,0.000,0.000,0.000,Z15,0.967
C00626,C00626,26.6511,38.4667,60,1.000,12.0,0.000,0.000,0.000,0.000,0.000,0.000,0.000,1.000,0.000,0.000,0.000,0.000,0.000,0.000,0.000,0.000,0.000,Z15,1.000
C00627,C00627,26.6626,38.4667,60,1.000,18.0,0.000,0.000,0.000,0.000,0.000,0.000,0.000,1.000,0.000,0.000,0.000,0.000,0.000,0.000,0.000,0.000,0.000,Z15,1.000
C00628,C00628,26.6741,38.4667,60,1.000,21.0,0.000,0.000,0.000,0.000,0.000,0.000,0.000,1.000,0.000,0.000,0.000,0.000,0.000,0.000,0.000,0.000,0.000,Z15,1.000
C00629,C00629,26.6856,38.4667,60,1.000,18.0,0.000,0.000,0.000,0.000,0.000,0.000,0.000,1.000,0.000,0.000,0.000,0.000,0.000,0.000,0.000,0.000,0.000,Z15,1.000
C00630,C00630,26.6971,38.4667,60,1.000,15.0,0.000,0.000,0.000,0.000,0.000,0.000,0.000,1.000,0.000,0.000,0.000,0.000,0.000,0.000,0.000,0.000,0.000,Z15,1.000
C00631,C00631,26.7087,38.4667,60,1.000,9.0,0.000,0.000,0.000,0.000,0.000,0.000,0.000,1.000,0.000,0.000,0.000,0.000,0.000,0.000,0.000,0.000,0.000,Z15,1.000
C00632,C00632,26.7202,38.4667,60,1.000,6.0,0.000,0.000,0.000,0.000,0.183,0.000,0.000,0.817,0.000,0.000,0.000,0.000,0.000,0.000,0.000,0.000,0.000,Z15,0.817
C00633,C00633,26.7432,38.4667,60,1.000,9.0,0.000,0.000,0.000,0.000,0.000,0.067,0.083,0.817,0.033,0.000,0.000,0.000,0.000,0.000,0.000,0.000,0.000,Z15,0.817
C00634,C00634,26.7547,38.4667,60,1.000,9.0,0.000,0.000,0.000,0.000,0.000,0.050,0.150,0.717,0.083,0.000,0.000,0.000,0.000,0.000,0.000,0.000,0.000,Z15,0.717
C00635,C00635,26.7662,38.4667,60,1.000,6.0,0.000,0.000,0.000,0.000,0.000,0.750,0.133,0.117,0.000,0.000,0.000,0.000,0.000,0.000,0.000,0.000,0.000,Z14,0.750
C00636,C00636,26.7777,38.4667,60,1.000,6.0,0.000,0.000,0.000,0.000,0.000,0.883,0.117,0.000,0.000,0.000,0.000,0.000,0.000,0.000,0.000,0.000,0.000,Z14,0.883
C00637,C00637,26.7892,38.4667,60,1.000,12.0,0.000,0.000,0.000,0.000,0.000,0.683,0.317,0.000,0.000,0.000,0.000,0.000,0.000,0.000,0.000,0.000,0.000,Z14,0.683
C00638,C00638,26.8008,38.4667,60,1.000,15.0,0.000,0.000,0.000,0.000,0.000,0.467,0.533,0.000,0.000,0.000,0.000,0.000,0.000,0.000,0.000,0.000,0.000,Z05,0.533
C00639,C00639,26.8123,38.4667,60,1.000,15.0,0.000,0.000,0.000,0.000,0.000,0.467,0.533,0.000,0.000,0.000,0.000,0.000,0.000,0.000,0.000,0.000,0.000,Z05,0.533
C00640,C00640,26.8238,38.4667,60,1.000,18.0,0.000,0.000,0.000,0.000,0.000,0.233,0.767,0.000,0.000,0.000,0.000,0.000,0.000,0.000,0.000,0.000,0.000,Z05,0.767
C00641,C00641,26.8353,38.4667,60,1.000,18.0,0.000,0.000,0.000,0.000,0.000,0.200,0.800,0.000,0.000,0.000,0.000,0.000,0.000,0.000,0.000,0.000,0.000,Z05,0.800
C00642,C00642,26.8468,38.4667,60,1.000,18.0,0.000,0.000,0.000,0.000,0.000,0.033,0.967,0.000,0.000,0.000,0.000,0.000,0.000,0.000,0.000,0.000,0.000,Z05,0.967
C00643,C00643,26.8583,38.4667,60,1.000,18.0,0.000,0.000,0.000,0.000,0.000,0.000,1.000,0.000,0.000,0.000,0.000,0.000,0.000,0.000,0.000,0.000,0.000,Z05,1.000
C00644,C00644,26.8698,38.4667,60,1.000,21.0,0.000,0.000,0.000,0.000,0.000,0.000,1.000,0.000,0.000,0.000,0.000,0.000,0.000,0.000,0.000,0.000,0.000,Z05,1.000
C00645,C00645,26.8813,38.4667,60,1.000,21.0,0.000,0.000,0.000,0.000,0.000,0.000,1.000,0.000,0.000,0.000,0.000,0.000,0.000,0.000,0.000,0.000,0.000,Z05,1.000
C00646,C00646,26.8928,38.4667,60,1.000,18.0,0.000,0.000,0.000,0.000,0.000,0.000,1.000,0.000,0.000,0.000,0.000,0.000,0.000,0.000,0.000,0.000,0.000,Z05,1.000
C00647,C00647,26.9044,38.4667,60,1.000,18.0,0.000,0.000,0.000,0.000,0.000,0.000,0.717,0.000,0.000,0.000,0.283,0.000,0.000,0.000,0.000,0.000,0.000,Z05,0.717
C00648,C00648,26.9159,38.4667,60,1.000,3.0,0.000,0.000,0.000,0.000,0.000,0.000,0.017,0.000,0.000,0.000,0.983,0.000,0.000,0.000,0.000,0.000,0.000,Z07,0.983
C00649,C00649,26.9274,38.4667,60,1.000,3.0,0.000,0.000,0.000,0.000,0.000,0.000,0.000,0.000,0.000,0.000,1.000,0.000,0.000,0.000,0.000,0.000,0.000,Z07,1.000
C00650,C00650,26.3058,38.4757,60,0.950,21.0,0.000,0.000,0.000,0.000,0.000,0.000,0.000,0.000,0.000,0.000,0.000,0.867,0.000,0.000,0.000,0.000,0.133,Z08,0.867
C00651,C00651,26.3173,38.4757,60,0.983,18.0,0.000,0.000,0.000,0.000,0.000,0.000,0.000,0.000,0.000,0.000,0.000,0.917,0.000,0.000,0.000,0.000,0.083,Z08,0.917
C00652,C00652,26.3288,38.4757,60,1.000,15.0,0.000,0.000,0.000,0.000,0.000,0.000,0.000,0.000,0.000,0.000,0.000,0.967,0.000,0.000,0.000,0.000,0.033,Z08,0.967
C00653,C00653,26.3403,38.4757,60,1.000,9.0,0.000,0.000,0.000,0.000,0.000,0.000,0.000,0.000,0.000,0.000,0.000,1.000,0.000,0.000,0.000,0.000,0.000,Z08,1.000
C00654,C00654,26.3518,38.4757,60,1.000,6.0,0.000,0.000,0.000,0.000,0.000,0.000,0.000,0.000,0.000,0.183,0.000,0.817,0.000,0.000,0.000,0.000,0.000,Z08,0.817
C00655,C00655,26.3633,38.4757,60,1.000,6.0,0.000,0.000,0.000,0.000,0.000,0.000,0.000,0.000,0.000,0.433,0.000,0.567,0.000,0.000,0.000,0.000,0.000,Z08,0.567
C00656,C00656,26.3748,38.4757,60,1.000,9.0,0.000,0.000,0.000,0.000,0.000,0.000,0.000,0.000,0.000,0.267,0.000,0.733,0.000,0.000,0.000,0.000,0.000,Z08,0.733
C00657,C00657,26.3863,38.4757,60,1.000,6.0,0.000,0.000,0.000,0.000,0.000,0.000,0.000,0.000,0.000,0.200,0.000,0.800,0.000,0.000,0.000,0.000,0.000,Z08,0.800
C00658,C00658,26.3978,38.4757,60,1.000,4.5,0.000,0.000,0.000,0.000,0.000,0.000,0.000,0.000,0.000,0.533,0.000,0.467,0.000,0.000,0.000,0.000,0.000,Z16,0.533
C00659,C00659,26.4324,38.4757,60,1.000,18.0,0.000,0.000,0.000,0.000,0.000,0.000,0.000,0.000,0.100,0.000,0.000,0.900,0.000,0.000,0.000,0.000,0.000,Z08,0.900
C00660,C00660,26.4439,38.4757,60,1.000,18.0,0.000,0.000,0.000,0.000,0.000,0.000,0.000,0.050,0.017,0.000,0.000,0.933,0.000,0.000,0.000,0.000,0.000,Z08,0.933
C00661,C00661,26.6396,38.4757,60,1.000,9.0,0.000,0.000,0.000,0.000,0.000,0.000,0.000,0.600,0.400,0.000,0.000,0.000,0.000,0.000,0.000,0.000,0.000,Z15,0.600
C00662,C00662,26.6511,38.4757,60,1.000,12.0,0.000,0.000,0.000,0.000,0.000,0.000,0.000,1.000,0.000,0.000,0.000,0.000,0.000,0.000,0.000,0.000,0.000,Z15,1.000
C00663,C00663,26.6626,38.4757,60,1.000,15.0,0.000,0.000,0.000,0.000,0.000,0.000,0.000,1.000,0.000,0.000,0.000,0.000,0.000,0.000,0.000,0.000,0.000,Z15,1.000
C00664,C00664,26.6741,38.4757,60,1.000,21.0,0.000,0.000,0.000,0.000,0.000,0.000,0.000,1.000,0.000,0.000,0.000,0.000,0.000,0.000,0.000,0.000,0.000,Z15,1.000
C00665,C00665,26.6856,38.4757,60,1.000,18.0,0.000,0.000,0.000,0.000,0.000,0.000,0.000,1.000,0.000,0.000,0.000,0.000,0.000,0.000,0.000,0.000,0.000,Z15,1.000
C00666,C00666,26.6971,38.4757,60,1.000,15.0,0.000,0.000,0.000,0.000,0.250,0.000,0.000,0.750,0.000,0.000,0.000,0.000,0.000,0.000,0.000,0.000,0.000,Z15,0.750
C00667,C00667,26.7087,38.4757,60,1.000,9.0,0.000,0.000,0.000,0.000,0.067,0.000,0.000,0.933,0.000,0.000,0.000,0.000,0.000,0.000,0.000,0.000,0.000,Z15,0.933
C00668,C00668,26.7547,38.4757,60,1.000,9.0,0.000,0.000,0.000,0.000,0.000,0.050,0.133,0.633,0.183,0.000,0.000,0.000,0.000,0.000,0.000,0.000,0.000,Z15,0.633
C00669,C00669,26.7662,38.4757,60,1.000,9.0,0.000,0.000,0.000,0.000,0.000,0.467,0.217,0.317,0.000,0.000,0.000,0.000,0.000,0.000,0.000,0.000,0.000,Z14,0.467
C00670,C00670,26.7777,38.4757,60,1.000,6.0,0.000,0.000,0.000,0.000,0.000,0.817,0.183,0.000,0.000,0.000,0.000,0.000,0.000,0.000,0.000,0.000,0.000,Z14,0.817
C00671,C00671,26.7892,38.4757,60,1.000,12.0,0.000,0.000,0.000,0.000,0.000,0.767,0.233,0.000,0.000,0.000,0.000,0.000,0.000,0.000,0.000,0.000,0.000,Z14,0.767
C00672,C00672,26.8008,38.4757,60,1.000,12.0,0.000,0.000,0.000,0.000,0.000,0.667,0.333,0.000,0.000,0.000,0.000,0.000,0.000,0.000,0.000,0.000,0.000,Z14,0.667
C00673,C00673,26.8123,38.4757,60,1.000,15.0,0.000,0.000,0.000,0.000,0.000,0.517,0.483,0.000,0.000,0.000,0.000,0.000,0.000,0.000,0.000,0.000,0.000,Z14,0.517
C00674,C00674,26.8238,38.4757,60,1.000,18.0,0.000,0.000,0.000,0.000,0.000,0.417,0.583,0.000,0.000,0.000,0.000,0.000,0.000,0.000,0.000,0.000,0.000,Z05,0.583
C00675,C00675,26.8353,38.4757,60,1.000,18.0,0.000,0.000,0.000,0.000,0.000,0.217,0.783,0.000,0.000,0.000,0.000,0.000,0.000,0.000,0.000,0.000,0.000,Z05,0.783
C00676,C00676,26.8468,38.4757,60,1.000,21.0,0.000,0.000,0.000,0.000,0.000,0.017,0.983,0.000,0.000,0.000,0.000,0.000,0.000,0.000,0.000,0.000,0.000,Z05,0.983
C00677,C00677,26.8583,38.4757,60,1.000,21.0,0.000,0.000,0.000,0.000,0.000,0.000,1.000,0.000,0.000,0.000,0.000,0.000,0.000,0.000,0.000,0.000,0.000,Z05,1.000
C00678,C00678,26.8698,38.4757,60,1.000,21.0,0.000,0.000,0.000,0.000,0.000,0.000,1.000,0.000,0.000,0.000,0.000,0.000,0.000,0.000,0.000,0.000,0.000,Z05,1.000
C00679,C00679,26.8813,38.4757,60,1.000,21.0,0.000,0.000,0.000,0.000,0.000,0.000,1.000,0.000,0.000,0.000,0.000,0.000,0.000,0.000,0.000,0.000,0.000,Z05,1.000
C00680,C00680,26.8928,38.4757,60,1.000,21.0,0.000,0.000,0.000,0.000,0.000,0.000,1.000,0.000,0.000,0.000,0.000,0.000,0.000,0.000,0.000,0.000,0.000,Z05,1.000
C00681,C00681,26.9044,38.4757,60,1.000,18.0,0.000,0.000,0.000,0.000,0.000,0.000,0.850,0.000,0.000,0.000,0.150,0.000,0.000,0.000,0.000,0.000,0.000,Z05,0.850
C00682,C00682,26.3058,38.4847,60,0.950,24.0,0.000,0.000,0.000,0.000,0.000,0.000,0.000,0.000,0.000,0.000,0.000,0.850,0.000,0.000,0.000,0.000,0.150,Z08,0.850
C00683,C00683,26.3173,38.4847,60,0.983,21.0,0.000,0.000,0.000,0.000,0.000,0.000,0.000,0.000,0.000,0.000,0.000,0.867,0.000,0.000,0.000,0.000,0.133,Z08,0.867
C00684,C00684,26.3288,38.4847,60,0.983,18.0,0.000,0.000,0.000,0.000,0.000,0.000,0.000,0.000,0.000,0.000,0.000,0.950,0.000,0.000,0.000,0.000,0.050,Z08,0.950
C00685,C00685,26.3403,38.4847,60,0.983,12.0,0.000,0.000,0.000,0.000,0.000,0.000,0.000,0.000,0.000,0.000,0.000,0.967,0.000,0.000,0.000,0.000,0.033,Z08,0.967
C00686,C00686,26.3518,38.4847,60,0.983,12.0,0.000,0.000,0.000,0.000,0.000,0.000,0.000,0.000,0.000,0.100,0.000,0.883,0.000,0.000,0.000,0.000,0.017,Z08,0.883
C00687,C00687,26.3633,38.4847,60,1.000,6.0,0.000,0.000,0.000,0.000,0.000,0.000,0.000,0.000,0.000,0.267,0.000,0.733,0.000,0.000,0.000,0.000,0.000,Z08,0.733
C00688,C00688,26.3748,38.4847,60,1.000,6.0,0.000,0.000,0.000,0.000,0.000,0.000,0.000,0.000,0.000,0.417,0.000,0.583,0.000,0.000,0.000,0.000,0.000,Z08,0.583
C00689,C00689,26.3863,38.4847,60,1.000,6.0,0.000,0.000,0.000,0.000,0.000,0.000,0.000,0.000,0.000,0.467,0.000,0.533,0.000,0.000,0.000,0.000,0.000,Z08,0.533
C00690,C00690,26.3978,38.4847,60,1.000,6.0,0.000,0.000,0.000,0.000,0.000,0.000,0.000,0.000,0.000,0.483,0.000,0.517,0.000,0.000,0.000,0.000,0.000,Z08,0.517
C00691,C00691,26.4094,38.4847,60,1.000,3.0,0.000,0.000,0.000,0.000,0.000,0.000,0.000,0.000,0.000,0.867,0.000,0.133,0.000,0.000,0.000,0.000,0.000,Z16,0.867
C00692,C00692,26.6396,38.4847,60,1.000,3.0,0.000,0.000,0.000,0.000,0.000,0.000,0.000,0.200,0.800,0.000,0.000,0.000,0.000,0.000,0.000,0.000,0.000,Z06,0.800
C00693,C00693,26.6511,38.4847,60,1.000,12.0,0.000,0.000,0.000,0.000,0.000,0.000,0.000,0.883,0.117,0.000,0.000,0.000,0.000,0.000,0.000,0.000,0.000,Z15,0.883
C00694,C00694,26.6626,38.4847,60,1.000,18.0,0.000,0.000,0.000,0.000,0.000,0.000,0.000,1.000,0.000,0.000,0.000,0.000,0.000,0.000,0.000,0.000,0.000,Z15,1.000
C00695,C00695,26.6741,38.4847,60,1.000,21.0,0.000,0.000,0.000,0.000,0.000,0.000,0.000,1.000,0.000,0.000,0.000,0.000,0.000,0.000,0.000,0.000,0.000,Z15,1.000
C00696,C00696,26.6856,38.4847,60,1.000,21.0,0.000,0.000,0.000,0.000,0.017,0.000,0.000,0.983,0.000,0.000,0.000,0.000,0.000,0.000,0.000,0.000,0.000,Z15,0.983
C00697,C00697,26.7432,38.4847,60,1.000,3.0,0.000,0.000,0.000,0.000,0.000,0.000,0.000,0.017,0.983,0.000,0.000,0.000,0.000,0.000,0.000,0.000,0.000,Z06,0.983
C00698,C00698,26.7547,38.4847,60,1.000,9.0,0.000,0.000,0.000,0.000,0.000,0.100,0.067,0.433,0.400,0.000,0.000,0.000,0.000,0.000,0.000,0.000,0.000,Z15,0.433
C00699,C00699,26.7662,38.4847,60,1.000,12.0,0.000,0.000,0.000,0.000,0.000,0.350,0.350,0.300,0.000,0.000,0.000,0.000,0.000,0.000,0.000,0.000,0.000,Z14,0.350
C00700,C00700,26.7777,38.4847,60,1.000,9.0,0.000,0.000,0.000,0.000,0.000,0.750,0.250,0.000,0.000,0.000,0.000,0.000,0.000,0.000,0.000,0.000,0.000,Z14,0.750
C00701,C00701,26.7892,38.4847,60,1.000,12.0,0.000,0.000,0.000,0.000,0.000,0.767,0.233,0.000,0.000,0.000,0.000,0.000,0.000,0.000,0.000,0.000,0.000,Z14,0.767
C00702,C00702,26.8008,38.4847,60,1.000,15.0,0.000,0.000,0.000,0.000,0.000,0.717,0.283,0.000,0.000,0.000,0.000,0.000,0.000,0.000,0.000,0.000,0.000,Z14,0.717
C00703,C00703,26.8123,38.4847,60,1.000,18.0,0.000,0.000,0.000,0.000,0.000,0.400,0.600,0.000,0.000,0.000,0.000,0.000,0.000,0.000,0.000,0.000,0.000,Z05,0.600
C00704,C00704,26.8238,38.4847,60,1.000,16.5,0.000,0.000,0.000,0.000,0.000,0.483,0.517,0.000,0.000,0.000,0.000,0.000,0.000,0.000,0.000,0.000,0.000,Z05,0.517
C00705,C00705,26.8353,38.4847,60,1.000,21.0,0.000,0.000,0.000,0.000,0.000,0.100,0.900,0.000,0.000,0.000,0.000,0.000,0.000,0.000,0.000,0.000,0.000,Z05,0.900
C00706,C00706,26.8468,38.4847,60,1.000,21.0,0.000,0.000,0.000,0.000,0.000,0.000,1.000,0.000,0.000,0.000,0.000,0.000,0.000,0.000,0.000,0.000,0.000,Z05,1.000
C00707,C00707,26.8583,38.4847,60,1.000,24.0,0.000,0.000,0.000,0.000,0.000,0.000,1.000,0.000,0.000,0.000,0.000,0.000,0.000,0.000,0.000,0.000,0.000,Z05,1.000
C00708,C00708,26.8698,38.4847,60,1.000,24.0,0.000,0.000,0.000,0.000,0.000,0.000,1.000,0.000,0.000,0.000,0.000,0.000,0.000,0.000,0.000,0.000,0.000,Z05,1.000
C00709,C00709,26.8813,38.4847,60,1.000,24.0,0.000,0.000,0.000,0.000,0.000,0.000,1.000,0.000,0.000,0.000,0.000,0.000,0.000,0.000,0.000,0.000,0.000,Z05,1.000
C00710,C00710,26.8928,38.4847,60,1.000,21.0,0.000,0.000,0.000,0.000,0.000,0.000,1.000,0.000,0.000,0.000,0.000,0.000,0.000,0.000,0.000,0.000,0.000,Z05,1.000
C00711,C00711,26.3058,38.4937,60,1.000,24.0,0.000,0.000,0.000,0.000,0.000,0.000,0.000,0.000,0.000,0.000,0.000,0.850,0.000,0.000,0.000,0.000,0.150,Z08,0.850
C00712,C00712,26.3173,38.4937,60,1.000,21.0,0.000,0.000,0.000,0.000,0.000,0.000,0.000,0.000,0.000,0.000,0.000,0.933,0.000,0.000,0.000,0.000,0.067,Z08,0.933
C00713,C00713,26.3288,38.4937,60,1.000,18.0,0.000,0.000,0.000,0.000,0.000,0.000,0.000,0.000,0.000,0.000,0.000,0.933,0.000,0.000,0.000,0.000,0.067,Z08,0.933
C00714,C00714,26.3403,38.4937,60,1.000,15.0,0.000,0.000,0.000,0.000,0.000,0.000,0.000,0.000,0.000,0.000,0.000,0.950,0.000,0.000,0.000,0.000,0.050,Z08,0.950
C00715,C00715,26.3518,38.4937,60,1.000,12.0,0.000,0.000,0.000,0.000,0.000,0.000,0.000,0.000,0.000,0.067,0.000,0.917,0.000,0.000,0.000,0.000,0.017,Z08,0.917
C00716,C00716,26.3633,38.4937,60,1.000,9.0,0.000,0.000,0.000,0.000,0.000,0.000,0.000,0.000,0.000,0.350,0.000,0.650,0.000,0.000,0.000,0.000,0.000,Z08,0.650
C00717,C00717,26.3748,38.4937,60,1.000,9.0,0.000,0.000,0.000,0.000,0.000,0.000,0.000,0.000,0.000,0.450,0.000,0.550,0.000,0.000,0.000,0.000,0.000,Z08,0.550
C00718,C00718,26.3863,38.4937,60,1.000,6.0,0.000,0.000,0.000,0.000,0.000,0.000,0.000,0.000,0.000,0.600,0.000,0.400,0.000,0.000,0.000,0.000,0.000,Z16,0.600
C00719,C00719,26.3978,38.4937,60,1.000,6.0,0.000,0.000,0.000,0.000,0.000,0.000,0.000,0.000,0.000,0.567,0.000,0.433,0.000,0.000,0.000,0.000,0.000,Z16,0.567
C00720,C00720,26.4094,38.4937,60,1.000,3.0,0.000,0.000,0.000,0.000,0.000,0.000,0.000,0.000,0.000,0.733,0.000,0.267,0.000,0.000,0.000,0.000,0.000,Z16,0.733
C00721,C00721,26.6396,38.4937,60,1.000,3.0,0.000,0.000,0.000,0.000,0.000,0.000,0.000,0.067,0.933,0.000,0.000,0.000,0.000,0.000,0.000,0.000,0.000,Z06,0.933
C00722,C00722,26.6511,38.4937,60,1.000,12.0,0.000,0.000,0.000,0.000,0.000,0.000,0.000,0.800,0.200,0.000,0.000,0.000,0.000,0.000,0.000,0.000,0.000,Z15,0.800
C00723,C00723,26.6626,38.4937,60,1.000,18.0,0.000,0.000,0.000,0.000,0.000,0.000,0.000,1.000,0.000,0.000,0.000,0.000,0.000,0.000,0.000,0.000,0.000,Z15,1.000
C00724,C00724,26.6741,38.4937,60,1.000,24.0,0.000,0.000,0.000,0.000,0.000,0.000,0.000,1.000,0.000,0.000,0.000,0.000,0.000,0.000,0.000,0.000,0.000,Z15,1.000
C00725,C00725,26.6856,38.4937,60,1.000,21.0,0.000,0.000,0.000,0.000,0.067,0.000,0.000,0.933,0.000,0.000,0.000,0.000,0.000,0.000,0.000,0.000,0.000,Z15,0.933
C00726,C00726,26.7317,38.4937,60,1.000,3.0,0.000,0.000,0.000,0.000,1.000,0.000,0.000,0.000,0.000,0.000,0.000,0.000,0.000,0.000,0.000,0.000,0.000,Z13,1.000
C00727,C00727,26.7432,38.4937,60,1.000,3.0,0.000,0.000,0.000,0.000,0.150,0.000,0.000,0.000,0.850,0.000,0.000,0.000,0.000,0.000,0.000,0.000,0.000,Z06,0.850
C00728,C00728,26.7547,38.4937,60,1.000,7.5,0.000,0.000,0.000,0.000,0.000,0.100,0.067,0.333,0.500,0.000,0.000,0.000,0.000,0.000,0.000,0.000,0.000,Z06,0.500
C00729,C00729,26.7662,38.4937,60,1.000,12.0,0.000,0.000,0.000,0.000,0.000,0.433,0.183,0.350,0.033,0.000,0.000,0.000,0.000,0.000,0.000,0.000,0.000,Z14,0.433
C00730,C00730,26.7777,38.4937,60,1.000,12.0,0.000,0.000,0.000,0.000,0.000,0.767,0.183,0.050,0.000,0.000,0.000,0.000,0.000,0.000,0.000,0.000,0.000,Z14,0.767
C00731,C00731,26.7892,38.4937,60,1.000,12.0,0.000,0.000,0.000,0.000,0.000,0.850,0.150,0.000,0.000,0.000,0.000,0.000,0.000,0.000,0.000,0.000,0.000,Z14,0.850
C00732,C00732,26.8008,38.4937,60,1.000,15.0,0.000,0.000,0.000,0.000,0.000,0.550,0.450,0.000,0.000,0.000,0.000,0.000,0.000,0.000,0.000,0.000,0.000,Z14,0.550
C00733,C00733,26.8123,38.4937,60,1.000,18.0,0.000,0.000,0.000,0.000,0.000,0.467,0.533,0.000,0.000,0.000,0.000,0.000,0.000,0.000,0.000,0.000,0.000,Z05,0.533
C00734,C00734,26.8238,38.4937,60,1.000,21.0,0.000,0.000,0.000,0.000,0.000,0.233,0.767,0.000,0.000,0.000,0.000,0.000,0.000,0.000,0.000,0.000,0.000,Z05,0.767
C00735,C00735,26.8353,38.4937,60,1.000,24.0,0.000,0.000,0.000,0.000,0.000,0.117,0.883,0.000,0.000,0.000,0.000,0.000,0.000,0.000,0.000,0.000,0.000,Z05,0.883
C00736,C00736,26.8468,38.4937,60,1.000,24.0,0.000,0.000,0.000,0.000,0.000,0.000,1.000,0.000,0.000,0.000,0.000,0.000,0.000,0.000,0.000,0.000,0.000,Z05,1.000
C00737,C00737,26.8583,38.4937,60,1.000,24.0,0.000,0.000,0.000,0.000,0.000,0.000,1.000,0.000,0.000,0.000,0.000,0.000,0.000,0.000,0.000,0.000,0.000,Z05,1.000
C00738,C00738,26.8698,38.4937,60,1.000,25.5,0.000,0.000,0.000,0.000,0.000,0.000,1.000,0.000,0.000,0.000,0.000,0.000,0.000,0.000,0.000,0.000,0.000,Z05,1.000
C00739,C00739,26.8813,38.4937,60,1.000,25.5,0.000,0.000,0.000,0.000,0.000,0.000,1.000,0.000,0.000,0.000,0.000,0.000,0.000,0.000,0.000,0.000,0.000,Z05,1.000
C00740,C00740,26.8928,38.4937,60,1.000,24.0,0.000,0.000,0.000,0.000,0.000,0.000,0.950,0.000,0.000,0.000,0.050,0.000,0.000,0.000,0.000,0.000,0.000,Z05,0.950
C00741,C00741,26.3058,38.5027,60,1.000,21.0,0.000,0.000,0.000,0.000,0.000,0.000,0.000,0.000,0.000,0.000,0.000,0.700,0.000,0.000,0.000,0.000,0.300,Z08,0.700
C00742,C00742,26.3173,38.5027,60,1.000,21.0,0.000,0.000,0.000,0.000,0.000,0.000,0.000,0.000,0.000,0.000,0.000,0.867,0.000,0.000,0.000,0.000,0.133,Z08,0.867
C00743,C00743,26.3288,38.5027,60,1.000,21.0,0.000,0.000,0.000,0.000,0.000,0.000,0.000,0.000,0.000,0.000,0.000,0.933,0.000,0.000,0.000,0.000,0.067,Z08,0.933
C00744,C00744,26.3403,38.5027,60,1.000,18.0,0.000,0.000,0.000,0.000,0.000,0.000,0.000,0.000,0.000,0.000,0.000,0.967,0.000,0.000,0.000,0.000,0.033,Z08,0.967
C00745,C00745,26.3518,38.5027,60,1.000,15.0,0.000,0.000,0.000,0.000,0.000,0.000,0.000,0.000,0.000,0.067,0.000,0.900,0.000,0.000,0.000,0.000,0.033,Z08,0.900
C00746,C00746,26.3633,38.5027,60,1.000,9.0,0.000,0.000,0.000,0.000,0.000,0.000,0.000,0.000,0.000,0.300,0.000,0.683,0.000,0.000,0.000,0.000,0.017,Z08,0.683
C00747,C00747,26.3748,38.5027,60,1.000,12.0,0.000,0.000,0.000,0.000,0.000,0.000,0.000,0.000,0.000,0.250,0.000,0.750,0.000,0.000,0.000,0.000,0.000,Z08,0.750
C00748,C00748,26.3863,38.5027,60,1.000,9.0,0.000,0.000,0.000,0.000,0.000,0.000,0.000,0.000,0.000,0.400,0.000,0.600,0.000,0.000,0.000,0.000,0.000,Z08,0.600
C00749,C00749,26.3978,38.5027,60,1.000,6.0,0.000,0.000,0.000,0.000,0.000,0.000,0.000,0.000,0.000,0.583,0.000,0.417,0.000,0.000,0.000,0.000,0.000,Z16,0.583
C00750,C00750,26.6396,38.5027,60,1.000,3.0,0.000,0.000,0.000,0.000,0.000,0.000,0.000,0.100,0.900,0.000,0.000,0.000,0.000,0.000,0.000,0.000,0.000,Z06,0.900
C00751,C00751,26.6511,38.5027,60,1.000,9.0,0.000,0.000,0.000,0.000,0.000,0.000,0.000,0.633,0.367,0.000,0.000,0.000,0.000,0.000,0.000,0.000,0.000,Z15,0.633
C00752,C00752,26.6626,38.5027,60,1.000,21.0,0.000,0.000,0.000,0.000,0.000,0.000,0.000,1.000,0.000,0.000,0.000,0.000,0.000,0.000,0.000,0.000,0.000,Z15,1.000
C00753,C00753,26.6741,38.5027,60,1.000,21.0,0.000,0.000,0.000,0.000,0.000,0.000,0.000,1.000,0.000,0.000,0.000,0.000,0.000,0.000,0.000,0.000,0.000,Z15,1.000
C00754,C00754,26.6856,38.5027,60,1.000,21.0,0.000,0.000,0.000,0.000,0.033,0.000,0.000,0.967,0.000,0.000,0.000,0.000,0.000,0.000,0.000,0.000,0.000,Z15,0.967
C00755,C00755,26.6971,38.5027,60,1.000,15.0,0.000,0.000,0.000,0.000,0.483,0.000,0.000,0.517,0.000,0.000,0.000,0.000,0.000,0.000,0.000,0.000,0.000,Z15,0.517
C00756,C00756,26.7317,38.5027,60,1.000,3.0,0.000,0.000,0.000,0.000,0.983,0.000,0.000,0.000,0.017,0.000,0.000,0.000,0.000,0.000,0.000,0.000,0.000,Z13,0.983
C00757,C00757,26.7432,38.5027,60,1.000,3.0,0.000,0.000,0.000,0.000,0.317,0.000,0.000,0.000,0.683,0.000,0.000,0.000,0.000,0.000,0.000,0.000,0.000,Z06,0.683
C00758,C00758,26.7547,38.5027,60,1.000,6.0,0.000,0.000,0.000,0.000,0.000,0.067,0.083,0.233,0.617,0.000,0.000,0.000,0.000,0.000,0.000,0.000,0.000,Z06,0.617
C00759,C00759,26.7662,38.5027,60,1.000,12.0,0.000,0.000,0.000,0.000,0.000,0.317,0.167,0.317,0.200,0.000,0.000,0.000,0.000,0.000,0.000,0.000,0.000,Z14,0.317
C00760,C00760,26.7777,38.5027,60,1.000,12.0,0.000,0.000,0.000,0.000,0.000,0.567,0.283,0.117,0.033,0.000,0.000,0.000,0.000,0.000,0.000,0.000,0.000,Z14,0.567
C00761,C00761,26.7892,38.5027,60,1.000,12.0,0.000,0.000,0.000,0.000,0.000,0.800,0.183,0.017,0.000,0.000,0.000,0.000,0.000,0.000,0.000,0.000,0.000,Z14,0.800
C00762,C00762,26.8008,38.5027,60,1.000,15.0,0.000,0.000,0.000,0.000,0.000,0.650,0.350,0.000,0.000,0.000,0.000,0.000,0.000,0.000,0.000,0.000,0.000,Z14,0.650
C00763,C00763,26.8123,38.5027,60,1.000,21.0,0.000,0.000,0.000,0.000,0.000,0.467,0.533,0.000,0.000,0.000,0.000,0.000,0.000,0.000,0.000,0.000,0.000,Z05,0.533
C00764,C00764,26.8238,38.5027,60,1.000,22.5,0.000,0.000,0.000,0.000,0.000,0.283,0.717,0.000,0.000,0.000,0.000,0.000,0.000,0.000,0.000,0.000,0.000,Z05,0.717
C00765,C00765,26.8353,38.5027,60,1.000,24.0,0.000,0.000,0.000,0.000,0.000,0.017,0.983,0.000,0.000,0.000,0.000,0.000,0.000,0.000,0.000,0.000,0.000,Z05,0.983
C00766,C00766,26.8468,38.5027,60,1.000,24.0,0.000,0.000,0.000,0.000,0.000,0.000,1.000,0.000,0.000,0.000,0.000,0.000,0.000,0.000,0.000,0.000,0.000,Z05,1.000
C00767,C00767,26.8583,38.5027,60,1.000,27.0,0.000,0.000,0.000,0.000,0.000,0.000,1.000,0.000,0.000,0.000,0.000,0.000,0.000,0.000,0.000,0.000,0.000,Z05,1.000
C00768,C00768,26.8698,38.5027,60,1.000,27.0,0.000,0.000,0.000,0.000,0.000,0.000,1.000,0.000,0.000,0.000,0.000,0.000,0.000,0.000,0.000,0.000,0.000,Z05,1.000
C00769,C00769,26.8813,38.5027,60,1.000,27.0,0.000,0.000,0.000,0.000,0.000,0.000,0.933,0.000,0.000,0.000,0.067,0.000,0.000,0.000,0.000,0.000,0.000,Z05,0.933
C00770,C00770,26.3058,38.5117,60,1.000,6.0,0.000,0.000,0.000,0.000,0.000,0.000,0.000,0.000,0.000,0.000,0.000,0.467,0.000,0.000,0.000,0.000,0.533,Z12,0.533
C00771,C00771,26.3173,38.5117,60,1.000,24.0,0.000,0.000,0.000,0.000,0.000,0.000,0.000,0.000,0.000,0.000,0.000,0.733,0.000,0.000,0.000,0.000,0.267,Z08,0.733
C00772,C00772,26.3288,38.5117,60,0.983,21.0,0.000,0.000,0.000,0.000,0.000,0.000,0.000,0.000,0.000,0.000,0.000,0.883,0.000,0.000,0.000,0.000,0.117,Z08,0.883
C00773,C00773,26.3403,38.5117,60,1.000,21.0,0.000,0.000,0.000,0.000,0.000,0.000,0.000,0.000,0.000,0.000,0.000,0.950,0.000,0.000,0.000,0.000,0.050,Z08,0.950
C00774,C00774,26.3518,38.5117,60,1.000,15.0,0.000,0.000,0.000,0.000,0.000,0.000,0.000,0.000,0.000,0.000,0.000,0.950,0.000,0.000,0.000,0.000,0.050,Z08,0.950
C00775,C00775,26.3633,38.5117,60,1.000,12.0,0.000,0.000,0.000,0.000,0.000,0.000,0.000,0.000,0.000,0.167,0.000,0.833,0.000,0.000,0.000,0.000,0.000,Z08,0.833
C00776,C00776,26.3748,38.5117,60,1.000,12.0,0.000,0.000,0.000,0.000,0.000,0.000,0.000,0.000,0.000,0.367,0.000,0.633,0.000,0.000,0.000,0.000,0.000,Z08,0.633
C00777,C00777,26.3863,38.5117,60,1.000,12.0,0.000,0.000,0.000,0.000,0.000,0.000,0.000,0.000,0.000,0.350,0.000,0.650,0.000,0.000,0.000,0.000,0.000,Z08,0.650
C00778,C00778,26.6396,38.5117,60,1.000,3.0,0.000,0.000,0.000,0.000,0.000,0.000,0.000,0.083,0.917,0.000,0.000,0.000,0.000,0.000,0.000,0.000,0.000,Z06,0.917
C00779,C00779,26.6511,38.5117,60,1.000,9.0,0.000,0.000,0.000,0.000,0.000,0.000,0.000,0.550,0.450,0.000,0.000,0.000,0.000,0.000,0.000,0.000,0.000,Z15,0.550
C00780,C00780,26.6626,38.5117,60,1.000,21.0,0.000,0.000,0.000,0.000,0.000,0.000,0.000,0.967,0.033,0.000,0.000,0.000,0.000,0.000,0.000,0.000,0.000,Z15,0.967
C00781,C00781,26.6741,38.5117,60,1.000,24.0,0.000,0.000,0.000,0.000,0.000,0.000,0.000,1.000,0.000,0.000,0.000,0.000,0.000,0.000,0.000,0.000,0.000,Z15,1.000
C00782,C00782,26.6856,38.5117,60,1.000,24.0,0.000,0.000,0.000,0.000,0.067,0.000,0.000,0.933,0.000,0.000,0.000,0.000,0.000,0.000,0.000,0.000,0.000,Z15,0.933
C00783,C00783,26.6971,38.5117,60,1.000,15.0,0.000,0.000,0.000,0.000,0.400,0.000,0.000,0.600,0.000,0.000,0.000,0.000,0.000,0.000,0.000,0.000,0.000,Z15,0.600
C00784,C00784,26.7317,38.5117,60,1.000,3.0,0.000,0.000,0.000,0.000,1.000,0.000,0.000,0.000,0.000,0.000,0.000,0.000,0.000,0.000,0.000,0.000,0.000,Z13,1.000
C00785,C00785,26.7432,38.5117,60,1.000,6.0,0.000,0.000,0.000,0.000,0.517,0.017,0.000,0.017,0.450,0.000,0.000,0.000,0.000,0.000,0.000,0.000,0.000,Z13,0.517
C00786,C00786,26.7547,38.5117,60,1.000,6.0,0.000,0.000,0.000,0.000,0.083,0.067,0.017,0.117,0.717,0.000,0.000,0.000,0.000,0.000,0.000,0.000,0.000,Z06,0.717
C00787,C00787,26.7662,38.5117,60,1.000,12.0,0.000,0.000,0.000,0.000,0.000,0.350,0.167,0.200,0.283,0.000,0.000,0.000,0.000,0.000,0.000,0.000,0.000,Z14,0.350
C00788,C00788,26.7777,38.5117,60,1.000,15.0,0.000,0.000,0.000,0.000,0.000,0.683,0.183,0.117,0.017,0.000,0.000,0.000,0.000,0.000,0.000,0.000,0.000,Z14,0.683
C00789,C00789,26.7892,38.5117,60,1.000,15.0,0.000,0.000,0.000,0.000,0.000,0.667,0.333,0.000,0.000,0.000,0.000,0.000,0.000,0.000,0.000,0.000,0.000,Z14,0.667
C00790,C00790,26.8008,38.5117,60,1.000,18.0,0.000,0.000,0.000,0.000,0.000,0.650,0.350,0.000,0.000,0.000,0.000,0.000,0.000,0.000,0.000,0.000,0.000,Z14,0.650
C00791,C00791,26.8123,38.5117,60,1.000,21.0,0.000,0.000,0.000,0.000,0.000,0.533,0.467,0.000,0.000,0.000,0.000,0.000,0.000,0.000,0.000,0.000,0.000,Z14,0.533
C00792,C00792,26.8238,38.5117,60,1.000,24.0,0.000,0.000,0.000,0.000,0.000,0.267,0.733,0.000,0.000,0.000,0.000,0.000,0.000,0.000,0.000,0.000,0.000,Z05,0.733
C00793,C00793,26.8353,38.5117,60,1.000,27.0,0.000,0.000,0.000,0.000,0.000,0.017,0.983,0.000,0.000,0.000,0.000,0.000,0.000,0.000,0.000,0.000,0.000,Z05,0.983
C00794,C00794,26.8468,38.5117,60,1.000,27.0,0.000,0.000,0.000,0.000,0.000,0.000,0.983,0.000,0.000,0.000,0.017,0.000,0.000,0.000,0.000,0.000,0.000,Z05,0.983
C00795,C00795,26.8583,38.5117,60,1.000,27.0,0.000,0.000,0.000,0.000,0.000,0.000,0.883,0.000,0.000,0.000,0.117,0.000,0.000,0.000,0.000,0.000,0.000,Z05,0.883
C00796,C00796,26.3058,38.5207,60,1.000,6.0,0.000,0.000,0.000,0.000,0.000,0.000,0.000,0.000,0.000,0.000,0.000,0.367,0.000,0.000,0.000,0.000,0.633,Z12,0.633
C00797,C00797,26.3173,38.5207,60,1.000,21.0,0.000,0.000,0.000,0.000,0.000,0.000,0.000,0.000,0.000,0.000,0.000,0.650,0.000,0.000,0.000,0.000,0.350,Z08,0.650
C00798,C00798,26.3288,38.5207,60,0.983,24.0,0.000,0.000,0.000,0.000,0.000,0.000,0.000,0.000,0.000,0.000,0.000,0.883,0.000,0.000,0.000,0.000,0.117,Z08,0.883
C00799,C00799,26.3403,38.5207,60,0.983,21.0,0.000,0.000,0.000,0.000,0.000,0.000,0.000,0.000,0.000,0.000,0.000,0.917,0.000,0.000,0.000,0.000,0.083,Z08,0.917
C00800,C00800,26.3518,38.5207,60,1.000,18.0,0.000,0.000,0.000,0.000,0.000,0.000,0.000,0.000,0.000,0.000,0.000,0.967,0.000,0.000,0.000,0.000,0.033,Z08,0.967
C00801,C00801,26.3633,38.5207,60,1.000,12.0,0.000,0.000,0.000,0.000,0.000,0.000,0.000,0.000,0.000,0.200,0.000,0.800,0.000,0.000,0.000,0.000,0.000,Z08,0.800
C00802,C00802,26.3748,38.5207,60,1.000,12.0,0.000,0.000,0.000,0.000,0.000,0.000,0.000,0.000,0.000,0.350,0.000,0.650,0.000,0.000,0.000,0.000,0.000,Z08,0.650
C00803,C00803,26.3863,38.5207,60,1.000,9.0,0.000,0.000,0.000,0.000,0.000,0.000,0.000,0.000,0.000,0.300,0.000,0.700,0.000,0.000,0.000,0.000,0.000,Z08,0.700
C00804,C00804,26.6281,38.5207,60,1.000,3.0,0.000,0.000,0.000,0.000,0.000,0.000,0.000,0.000,1.000,0.000,0.000,0.000,0.000,0.000,0.000,0.000,0.000,Z06,1.000
C00805,C00805,26.6396,38.5207,60,1.000,3.0,0.000,0.000,0.000,0.000,0.000,0.000,0.000,0.033,0.967,0.000,0.000,0.000,0.000,0.000,0.000,0.000,0.000,Z06,0.967
C00806,C00806,26.6511,38.5207,60,1.000,9.0,0.000,0.000,0.000,0.000,0.000,0.000,0.000,0.450,0.550,0.000,0.000,0.000,0.000,0.000,0.000,0.000,0.000,Z06,0.550
C00807,C00807,26.6626,38.5207,60,1.000,21.0,0.000,0.000,0.000,0.000,0.000,0.000,0.000,0.900,0.100,0.000,0.000,0.000,0.000,0.000,0.000,0.000,0.000,Z15,0.900
C00808,C00808,26.6741,38.5207,60,1.000,24.0,0.000,0.000,0.000,0.000,0.000,0.000,0.000,1.000,0.000,0.000,0.000,0.000,0.000,0.000,0.000,0.000,0.000,Z15,1.000
C00809,C00809,26.6856,38.5207,60,1.000,24.0,0.000,0.000,0.000,0.000,0.000,0.000,0.000,1.000,0.000,0.000,0.000,0.000,0.000,0.000,0.000,0.000,0.000,Z15,1.000
C00810,C00810,26.6971,38.5207,60,1.000,15.0,0.000,0.000,0.000,0.000,0.483,0.000,0.000,0.517,0.000,0.000,0.000,0.000,0.000,0.000,0.000,0.000,0.000,Z15,0.517
C00811,C00811,26.7317,38.5207,60,1.000,3.0,0.000,0.000,0.000,0.000,0.983,0.000,0.000,0.000,0.017,0.000,0.000,0.000,0.000,0.000,0.000,0.000,0.000,Z13,0.983
C00812,C00812,26.7432,38.5207,60,1.000,6.0,0.000,0.000,0.000,0.000,0.733,0.033,0.000,0.000,0.233,0.000,0.000,0.000,0.000,0.000,0.000,0.000,0.000,Z13,0.733
C00813,C00813,26.7547,38.5207,60,1.000,9.0,0.000,0.000,0.000,0.000,0.133,0.100,0.033,0.067,0.667,0.000,0.000,0.000,0.000,0.000,0.000,0.000,0.000,Z06,0.667
C00814,C00814,26.7662,38.5207,60,1.000,15.0,0.000,0.000,0.000,0.000,0.000,0.417,0.083,0.133,0.367,0.000,0.000,0.000,0.000,0.000,0.000,0.000,0.000,Z14,0.417
C00815,C00815,26.7777,38.5207,60,1.000,15.0,0.000,0.000,0.000,0.000,0.000,0.517,0.317,0.100,0.067,0.000,0.000,0.000,0.000,0.000,0.000,0.000,0.000,Z14,0.517
C00816,C00816,26.7892,38.5207,60,1.000,15.0,0.000,0.000,0.000,0.000,0.000,0.817,0.183,0.000,0.000,0.000,0.000,0.000,0.000,0.000,0.000,0.000,0.000,Z14,0.817
C00817,C00817,26.8008,38.5207,60,1.000,18.0,0.000,0.000,0.000,0.000,0.000,0.717,0.283,0.000,0.000,0.000,0.000,0.000,0.000,0.000,0.000,0.000,0.000,Z14,0.717
C00818,C00818,26.8123,38.5207,60,1.000,21.0,0.000,0.000,0.000,0.000,0.000,0.517,0.483,0.000,0.000,0.000,0.000,0.000,0.000,0.000,0.000,0.000,0.000,Z14,0.517
C00819,C00819,26.8238,38.5207,60,1.000,24.0,0.000,0.000,0.000,0.000,0.000,0.233,0.767,0.000,0.000,0.000,0.000,0.000,0.000,0.000,0.000,0.000,0.000,Z05,0.767
C00820,C00820,26.8353,38.5207,60,1.000,24.0,0.000,0.000,0.000,0.000,0.000,0.400,0.583,0.000,0.000,0.000,0.017,0.000,0.000,0.000,0.000,0.000,0.000,Z05,0.583
C00821,C00821,26.3058,38.5297,60,0.983,6.0,0.000,0.000,0.000,0.000,0.000,0.000,0.000,0.000,0.000,0.000,0.000,0.233,0.000,0.000,0.000,0.000,0.767,Z12,0.767
C00822,C00822,26.3173,38.5297,60,1.000,18.0,0.000,0.000,0.000,0.000,0.000,0.000,0.000,0.000,0.000,0.000,0.000,0.550,0.000,0.000,0.000,0.000,0.450,Z08,0.550
C00823,C00823,26.3288,38.5297,60,1.000,21.0,0.000,0.000,0.000,0.000,0.000,0.000,0.000,0.000,0.000,0.000,0.000,0.783,0.000,0.000,0.000,0.000,0.217,Z08,0.783
C00824,C00824,26.3403,38.5297,60,1.000,21.0,0.000,0.000,0.000,0.000,0.000,0.000,0.000,0.000,0.000,0.000,0.000,0.917,0.000,0.000,0.000,0.000,0.083,Z08,0.917
C00825,C00825,26.3518,38.5297,60,1.000,21.0,0.000,0.000,0.000,0.000,0.000,0.000,0.000,0.000,0.000,0.000,0.000,0.967,0.000,0.000,0.000,0.000,0.033,Z08,0.967
C00826,C00826,26.3633,38.5297,60,1.000,16.5,0.000,0.000,0.000,0.000,0.000,0.000,0.000,0.000,0.000,0.100,0.000,0.883,0.000,0.000,0.000,0.000,0.017,Z08,0.883
C00827,C00827,26.3748,38.5297,60,1.000,9.0,0.000,0.000,0.000,0.000,0.000,0.000,0.000,0.000,0.000,0.517,0.000,0.483,0.000,0.000,0.000,0.000,0.000,Z16,0.517
C00828,C00828,26.6166,38.5297,60,1.000,3.0,0.000,0.000,0.000,0.000,0.000,0.000,0.000,0.000,1.000,0.000,0.000,0.000,0.000,0.000,0.000,0.000,0.000,Z06,1.000
C00829,C00829,26.6281,38.5297,60,1.000,3.0,0.000,0.000,0.000,0.000,0.000,0.000,0.000,0.000,1.000,0.000,0.000,0.000,0.000,0.000,0.000,0.000,0.000,Z06,1.000
C00830,C00830,26.6396,38.5297,60,1.000,6.0,0.000,0.000,0.000,0.000,0.000,0.000,0.000,0.100,0.900,0.000,0.000,0.000,0.000,0.000,0.000,0.000,0.000,Z06,0.900
C00831,C00831,26.6511,38.5297,60,1.000,9.0,0.000,0.000,0.000,0.000,0.000,0.000,0.000,0.367,0.633,0.000,0.000,0.000,0.000,0.000,0.000,0.000,0.000,Z06,0.633
C00832,C00832,26.6626,38.5297,60,1.000,21.0,0.000,0.000,0.000,0.000,0.000,0.000,0.000,0.850,0.150,0.000,0.000,0.000,0.000,0.000,0.000,0.000,0.000,Z15,0.850
C00833,C00833,26.6741,38.5297,60,1.000,22.5,0.000,0.000,0.000,0.000,0.000,0.000,0.000,0.967,0.033,0.000,0.000,0.000,0.000,0.000,0.000,0.000,0.000,Z15,0.967
C00834,C00834,26.6856,38.5297,60,1.000,24.0,0.000,0.000,0.000,0.000,0.033,0.000,0.000,0.967,0.000,0.000,0.000,0.000,0.000,0.000,0.000,0.000,0.000,Z15,0.967
C00835,C00835,26.6971,38.5297,60,1.000,13.5,0.000,0.000,0.000,0.000,0.483,0.000,0.000,0.517,0.000,0.000,0.000,0.000,0.000,0.000,0.000,0.000,0.000,Z15,0.517
C00836,C00836,26.7087,38.5297,60,1.000,3.0,0.000,0.000,0.000,0.000,0.817,0.000,0.000,0.183,0.000,0.000,0.000,0.000,0.000,0.000,0.000,0.000,0.000,Z13,0.817
C00837,C00837,26.7317,38.5297,60,1.000,3.0,0.000,0.000,0.000,0.000,1.000,0.000,0.000,0.000,0.000,0.000,0.000,0.000,0.000,0.000,0.000,0.000,0.000,Z13,1.000
C00838,C00838,26.7432,38.5297,60,1.000,6.0,0.000,0.000,0.000,0.000,0.767,0.050,0.000,0.000,0.183,0.000,0.000,0.000,0.000,0.000,0.000,0.000,0.000,Z13,0.767
C00839,C00839,26.7547,38.5297,60,1.000,9.0,0.000,0.000,0.000,0.000,0.350,0.217,0.033,0.033,0.367,0.000,0.000,0.000,0.000,0.000,0.000,0.000,0.000,Z06,0.367
C00840,C00840,26.7662,38.5297,60,1.000,12.0,0.000,0.000,0.000,0.000,0.067,0.317,0.117,0.000,0.500,0.000,0.000,0.000,0.000,0.000,0.000,0.000,0.000,Z06,0.500
C00841,C00841,26.7777,38.5297,60,1.000,15.0,0.000,0.000,0.000,0.000,0.000,0.517,0.233,0.050,0.200,0.000,0.000,0.000,0.000,0.000,0.000,0.000,0.000,Z14,0.517
C00842,C00842,26.7892,38.5297,60,1.000,18.0,0.000,0.000,0.000,0.000,0.000,0.650,0.350,0.000,0.000,0.000,0.000,0.000,0.000,0.000,0.000,0.000,0.000,Z14,0.650
C00843,C00843,26.8008,38.5297,60,1.000,18.0,0.000,0.000,0.000,0.000,0.000,0.767,0.233,0.000,0.000,0.000,0.000,0.000,0.000,0.000,0.000,0.000,0.000,Z14,0.767
C00844,C00844,26.8123,38.5297,60,1.000,21.0,0.000,0.000,0.000,0.000,0.000,0.667,0.333,0.000,0.000,0.000,0.000,0.000,0.000,0.000,0.000,0.000,0.000,Z14,0.667
C00845,C00845,26.8238,38.5297,60,1.000,24.0,0.000,0.000,0.000,0.000,0.000,0.417,0.533,0.000,0.000,0.000,0.050,0.000,0.000,0.000,0.000,0.000,0.000,Z05,0.533
C00846,C00846,26.3058,38.5387,60,1.000,7.5,0.000,0.000,0.000,0.000,0.000,0.000,0.000,0.000,0.000,0.000,0.000,0.217,0.000,0.000,0.000,0.000,0.783,Z12,0.783
C00847,C00847,26.3173,38.5387,60,0.983,18.0,0.000,0.000,0.000,0.000,0.000,0.000,0.000,0.000,0.000,0.000,0.000,0.483,0.000,0.000,0.000,0.000,0.517,Z12,0.517
C00848,C00848,26.3288,38.5387,60,1.000,24.0,0.000,0.000,0.000,0.000,0.000,0.000,0.000,0.000,0.000,0.000,0.000,0.633,0.000,0.000,0.000,0.000,0.367,Z08,0.633
C00849,C00849,26.3403,38.5387,60,0.983,24.0,0.000,0.000,0.000,0.000,0.000,0.000,0.000,0.000,0.000,0.000,0.000,0.867,0.000,0.000,0.000,0.000,0.133,Z08,0.867
C00850,C00850,26.3518,38.5387,60,1.000,21.0,0.000,0.000,0.000,0.000,0.000,0.000,0.000,0.000,0.000,0.000,0.000,0.967,0.000,0.000,0.000,0.000,0.033,Z08,0.967
C00851,C00851,26.3633,38.5387,60,1.000,18.0,0.000,0.000,0.000,0.000,0.000,0.000,0.000,0.000,0.000,0.017,0.000,0.950,0.000,0.000,0.000,0.000,0.033,Z08,0.950
C00852,C00852,26.3748,38.5387,60,1.000,9.0,0.000,0.000,0.000,0.000,0.000,0.000,0.000,0.000,0.000,0.483,0.000,0.517,0.000,0.000,0.000,0.000,0.000,Z08,0.517
C00853,C00853,26.5935,38.5387,60,1.000,3.0,0.000,0.000,0.000,0.000,0.000,0.000,0.000,0.000,1.000,0.000,0.000,0.000,0.000,0.000,0.000,0.000,0.000,Z06,1.000
C00854,C00854,26.6051,38.5387,60,1.000,3.0,0.000,0.000,0.000,0.000,0.000,0.000,0.000,0.000,1.000,0.000,0.000,0.000,0.000,0.000,0.000,0.000,0.000,Z06,1.000
C00855,C00855,26.6166,38.5387,60,1.000,3.0,0.000,0.000,0.000,0.000,0.000,0.000,0.000,0.000,1.000,0.000,0.000,0.000,0.000,0.000,0.000,0.000,0.000,Z06,1.000
C00856,C00856,26.6281,38.5387,60,1.000,3.0,0.000,0.000,0.000,0.000,0.000,0.000,0.000,0.000,1.000,0.000,0.000,0.000,0.000,0.000,0.000,0.000,0.000,Z06,1.000
C00857,C00857,26.6396,38.5387,60,1.000,6.0,0.000,0.000,0.000,0.000,0.000,0.000,0.000,0.050,0.950,0.000,0.000,0.000,0.000,0.000,0.000,0.000,0.000,Z06,0.950
C00858,C00858,26.6511,38.5387,60,1.000,9.0,0.000,0.000,0.000,0.000,0.000,0.000,0.000,0.400,0.600,0.000,0.000,0.000,0.000,0.000,0.000,0.000,0.000,Z06,0.600
C00859,C00859,26.6626,38.5387,60,1.000,21.0,0.000,0.000,0.000,0.000,0.000,0.000,0.000,0.700,0.300,0.000,0.000,0.000,0.000,0.000,0.000,0.000,0.000,Z15,0.700
C00860,C00860,26.6741,38.5387,60,1.000,24.0,0.000,0.000,0.000,0.000,0.000,0.000,0.000,0.933,0.067,0.000,0.000,0.000,0.000,0.000,0.000,0.000,0.000,Z15,0.933
C00861,C00861,26.6856,38.5387,60,1.000,24.0,0.000,0.000,0.000,0.000,0.050,0.000,0.000,0.950,0.000,0.000,0.000,0.000,0.000,0.000,0.000,0.000,0.000,Z15,0.950
C00862,C00862,26.6971,38.5387,60,1.000,13.5,0.000,0.000,0.000,0.000,0.500,0.000,0.000,0.500,0.000,0.000,0.000,0.000,0.000,0.000,0.000,0.000,0.000,Z13,0.500
C00863,C00863,26.7087,38.5387,60,1.000,3.0,0.000,0.000,0.000,0.000,0.867,0.000,0.000,0.133,0.000,0.000,0.000,0.000,0.000,0.000,0.000,0.000,0.000,Z13,0.867
C00864,C00864,26.7202,38.5387,60,1.000,3.0,0.000,0.000,0.000,0.000,1.000,0.000,0.000,0.000,0.000,0.000,0.000,0.000,0.000,0.000,0.000,0.000,0.000,Z13,1.000
C00865,C00865,26.7317,38.5387,60,1.000,3.0,0.000,0.000,0.000,0.000,0.950,0.033,0.000,0.000,0.017,0.000,0.000,0.000,0.000,0.000,0.000,0.000,0.000,Z13,0.950
C00866,C00866,26.7432,38.5387,60,1.000,6.0,0.000,0.000,0.000,0.000,0.850,0.017,0.000,0.000,0.133,0.000,0.000,0.000,0.000,0.000,0.000,0.000,0.000,Z13,0.850
C00867,C00867,26.7547,38.5387,60,1.000,9.0,0.000,0.000,0.000,0.000,0.533,0.183,0.000,0.000,0.283,0.000,0.000,0.000,0.000,0.000,0.000,0.000,0.000,Z13,0.533
C00868,C00868,26.7662,38.5387,60,1.000,12.0,0.000,0.000,0.000,0.000,0.183,0.317,0.033,0.000,0.467,0.000,0.000,0.000,0.000,0.000,0.000,0.000,0.000,Z06,0.467
C00869,C00869,26.7777,38.5387,60,1.000,18.0,0.000,0.000,0.000,0.000,0.017,0.433,0.317,0.000,0.233,0.000,0.000,0.000,0.000,0.000,0.000,0.000,0.000,Z14,0.433
C00870,C00870,26.7892,38.5387,60,1.000,19.5,0.000,0.000,0.000,0.000,0.000,0.767,0.200,0.000,0.033,0.000,0.000,0.000,0.000,0.000,0.000,0.000,0.000,Z14,0.767
C00871,C00871,26.8008,38.5387,60,1.000,19.5,0.000,0.000,0.000,0.000,0.000,0.867,0.133,0.000,0.000,0.000,0.000,0.000,0.000,0.000,0.000,0.000,0.000,Z14,0.867
C00872,C00872,26.8123,38.5387,60,1.000,21.0,0.000,0.000,0.000,0.000,0.000,0.667,0.300,0.000,0.000,0.000,0.033,0.000,0.000,0.000,0.000,0.000,0.000,Z14,0.667
C00873,C00873,26.3058,38.5477,60,1.000,9.0,0.000,0.000,0.000,0.000,0.000,0.000,0.000,0.000,0.000,0.000,0.000,0.133,0.000,0.000,0.000,0.000,0.867,Z12,0.867
C00874,C00874,26.3173,38.5477,60,0.983,9.0,0.000,0.000,0.000,0.000,0.000,0.000,0.000,0.000,0.000,0.000,0.000,0.317,0.000,0.000,0.000,0.000,0.683,Z12,0.683
C00875,C00875,26.3288,38.5477,60,1.000,24.0,0.000,0.000,0.000,0.000,0.000,0.000,0.000,0.000,0.000,0.000,0.000,0.600,0.000,0.000,0.000,0.000,0.400,Z08,0.600
C00876,C00876,26.3403,38.5477,60,1.000,21.0,0.000,0.000,0.000,0.000,0.000,0.000,0.000,0.000,0.000,0.000,0.000,0.750,0.000,0.000,0.000,0.000,0.250,Z08,0.750
C00877,C00877,26.3518,38.5477,60,1.000,21.0,0.000,0.000,0.000,0.000,0.000,0.000,0.000,0.000,0.000,0.033,0.000,0.917,0.000,0.000,0.000,0.000,0.050,Z08,0.917
C00878,C00878,26.3633,38.5477,60,1.000,18.0,0.000,0.000,0.000,0.000,0.000,0.000,0.000,0.000,0.000,0.083,0.000,0.917,0.000,0.000,0.000,0.000,0.000,Z08,0.917
C00879,C00879,26.3748,38.5477,60,1.000,9.0,0.000,0.000,0.000,0.000,0.000,0.000,0.000,0.000,0.000,0.417,0.000,0.583,0.000,0.000,0.000,0.000,0.000,Z08,0.583
C00880,C00880,26.5820,38.5477,60,1.000,3.0,0.000,0.000,0.000,0.000,0.000,0.000,0.000,0.000,1.000,0.000,0.000,0.000,0.000,0.000,0.000,0.000,0.000,Z06,1.000
C00881,C00881,26.5935,38.5477,60,1.000,3.0,0.000,0.000,0.000,0.000,0.000,0.000,0.000,0.000,1.000,0.000,0.000,0.000,0.000,0.000,0.000,0.000,0.000,Z06,1.000
C00882,C00882,26.6051,38.5477,60,1.000,3.0,0.000,0.000,0.000,0.000,0.000,0.000,0.000,0.000,1.000,0.000,0.000,0.000,0.000,0.000,0.000,0.000,0.000,Z06,1.000
C00883,C00883,26.6166,38.5477,60,1.000,3.0,0.000,0.000,0.000,0.000,0.000,0.000,0.000,0.000,1.000,0.000,0.000,0.000,0.000,0.000,0.000,0.000,0.000,Z06,1.000
C00884,C00884,26.6281,38.5477,60,1.000,6.0,0.000,0.000,0.000,0.000,0.000,0.000,0.000,0.000,1.000,0.000,0.000,0.000,0.000,0.000,0.000,0.000,0.000,Z06,1.000
C00885,C00885,26.6396,38.5477,60,1.000,6.0,0.000,0.000,0.000,0.000,0.000,0.000,0.000,0.100,0.900,0.000,0.000,0.000,0.000,0.000,0.000,0.000,0.000,Z06,0.900
C00886,C00886,26.6511,38.5477,60,1.000,9.0,0.000,0.000,0.000,0.000,0.000,0.000,0.000,0.333,0.667,0.000,0.000,0.000,0.000,0.000,0.000,0.000,0.000,Z06,0.667
C00887,C00887,26.6626,38.5477,60,1.000,21.0,0.000,0.000,0.000,0.000,0.000,0.000,0.000,0.617,0.383,0.000,0.000,0.000,0.000,0.000,0.000,0.000,0.000,Z15,0.617
C00888,C00888,26.6741,38.5477,60,1.000,24.0,0.000,0.000,0.000,0.000,0.000,0.000,0.000,0.917,0.083,0.000,0.000,0.000,0.000,0.000,0.000,0.000,0.000,Z15,0.917
C00889,C00889,26.6856,38.5477,60,1.000,27.0,0.000,0.000,0.000,0.000,0.017,0.000,0.000,0.983,0.000,0.000,0.000,0.000,0.000,0.000,0.000,0.000,0.000,Z15,0.983
C00890,C00890,26.6971,38.5477,60,1.000,21.0,0.000,0.000,0.000,0.000,0.317,0.000,0.000,0.683,0.000,0.000,0.000,0.000,0.000,0.000,0.000,0.000,0.000,Z15,0.683
C00891,C00891,26.7087,38.5477,60,1.000,3.0,0.000,0.000,0.000,0.000,0.967,0.000,0.000,0.033,0.000,0.000,0.000,0.000,0.000,0.000,0.000,0.000,0.000,Z13,0.967
C00892,C00892,26.7202,38.5477,60,1.000,3.0,0.000,0.000,0.000,0.000,1.000,0.000,0.000,0.000,0.000,0.000,0.000,0.000,0.000,0.000,0.000,0.000,0.000,Z13,1.000
C00893,C00893,26.7317,38.5477,60,1.000,6.0,0.000,0.000,0.000,0.000,0.983,0.017,0.000,0.000,0.000,0.000,0.000,0.000,0.000,0.000,0.000,0.000,0.000,Z13,0.983
C00894,C00894,26.7432,38.5477,60,1.000,6.0,0.000,0.000,0.000,0.000,0.783,0.083,0.033,0.017,0.083,0.000,0.000,0.000,0.000,0.000,0.000,0.000,0.000,Z13,0.783
C00895,C00895,26.7547,38.5477,60,1.000,9.0,0.000,0.000,0.000,0.000,0.567,0.183,0.033,0.000,0.217,0.000,0.000,0.000,0.000,0.000,0.000,0.000,0.000,Z13,0.567
C00896,C00896,26.7662,38.5477,60,1.000,12.0,0.000,0.000,0.000,0.000,0.217,0.350,0.050,0.017,0.367,0.000,0.000,0.000,0.000,0.000,0.000,0.000,0.000,Z06,0.367
C00897,C00897,26.7777,38.5477,60,1.000,18.0,0.000,0.000,0.000,0.000,0.033,0.550,0.100,0.000,0.317,0.000,0.000,0.000,0.000,0.000,0.000,0.000,0.000,Z14,0.550
C00898,C00898,26.7892,38.5477,60,1.000,18.0,0.000,0.000,0.000,0.000,0.000,0.783,0.167,0.000,0.050,0.000,0.000,0.000,0.000,0.000,0.000,0.000,0.000,Z14,0.783
C00899,C00899,26.8008,38.5477,60,1.000,21.0,0.000,0.000,0.000,0.000,0.000,0.700,0.283,0.000,0.017,0.000,0.000,0.000,0.000,0.000,0.000,0.000,0.000,Z14,0.700
C00900,C00900,26.8123,38.5477,60,1.000,21.0,0.000,0.000,0.000,0.000,0.000,0.583,0.233,0.000,0.000,0.000,0.183,0.000,0.000,0.000,0.000,0.000,0.000,Z14,0.583
C00901,C00901,26.3058,38.5568,60,0.967,9.0,0.000,0.000,0.000,0.000,0.000,0.000,0.000,0.000,0.000,0.000,0.000,0.133,0.000,0.000,0.000,0.000,0.867,Z12,0.867
C00902,C00902,26.3173,38.5568,60,0.967,9.0,0.000,0.000,0.000,0.000,0.000,0.000,0.000,0.000,0.000,0.000,0.000,0.233,0.000,0.000,0.000,0.000,0.767,Z12,0.767
C00903,C00903,26.3288,38.5568,60,1.000,24.0,0.000,0.000,0.000,0.000,0.000,0.000,0.000,0.000,0.000,0.000,0.000,0.567,0.000,0.000,0.000,0.000,0.433,Z08,0.567
C00904,C00904,26.3403,38.5568,60,1.000,24.0,0.000,0.000,0.000,0.000,0.000,0.000,0.000,0.000,0.000,0.000,0.000,0.750,0.000,0.000,0.000,0.000,0.250,Z08,0.750
C00905,C00905,26.3518,38.5568,60,1.000,21.0,0.000,0.000,0.000,0.000,0.000,0.000,0.000,0.000,0.000,0.000,0.000,0.900,0.000,0.000,0.000,0.000,0.100,Z08,0.900
C00906,C00906,26.3633,38.5568,60,1.000,19.5,0.000,0.000,0.000,0.000,0.000,0.000,0.000,0.000,0.000,0.067,0.000,0.933,0.000,0.000,0.000,0.000,0.000,Z08,0.933
C00907,C00907,26.5705,38.5568,60,1.000,3.0,0.000,0.000,0.000,0.000,0.000,0.000,0.000,0.000,1.000,0.000,0.000,0.000,0.000,0.000,0.000,0.000,0.000,Z06,1.000
C00908,C00908,26.5820,38.5568,60,1.000,3.0,0.000,0.000,0.000,0.000,0.000,0.000,0.000,0.000,1.000,0.000,0.000,0.000,0.000,0.000,0.000,0.000,0.000,Z06,1.000
C00909,C00909,26.5935,38.5568,60,1.000,3.0,0.000,0.000,0.000,0.000,0.000,0.000,0.000,0.000,1.000,0.000,0.000,0.000,0.000,0.000,0.000,0.000,0.000,Z06,1.000
C00910,C00910,26.6051,38.5568,60,1.000,6.0,0.000,0.000,0.000,0.000,0.000,0.000,0.000,0.000,1.000,0.000,0.000,0.000,0.000,0.000,0.000,0.000,0.000,Z06,1.000
C00911,C00911,26.6166,38.5568,60,1.000,6.0,0.000,0.000,0.000,0.000,0.000,0.000,0.000,0.000,1.000,0.000,0.000,0.000,0.000,0.000,0.000,0.000,0.000,Z06,1.000
C00912,C00912,26.6281,38.5568,60,1.000,6.0,0.000,0.000,0.000,0.000,0.000,0.000,0.000,0.017,0.983,0.000,0.000,0.000,0.000,0.000,0.000,0.000,0.000,Z06,0.983
C00913,C00913,26.6396,38.5568,60,1.000,9.0,0.000,0.000,0.000,0.000,0.000,0.000,0.000,0.117,0.883,0.000,0.000,0.000,0.000,0.000,0.000,0.000,0.000,Z06,0.883
C00914,C00914,26.6511,38.5568,60,1.000,9.0,0.000,0.000,0.000,0.000,0.000,0.000,0.000,0.367,0.633,0.000,0.000,0.000,0.000,0.000,0.000,0.000,0.000,Z06,0.633
C00915,C00915,26.6626,38.5568,60,1.000,22.5,0.000,0.000,0.000,0.000,0.000,0.000,0.000,0.533,0.467,0.000,0.000,0.000,0.000,0.000,0.000,0.000,0.000,Z15,0.533
C00916,C00916,26.6741,38.5568,60,1.000,24.0,0.000,0.000,0.000,0.000,0.000,0.000,0.000,0.883,0.117,0.000,0.000,0.000,0.000,0.000,0.000,0.000,0.000,Z15,0.883
C00917,C00917,26.6856,38.5568,60,1.000,27.0,0.000,0.000,0.000,0.000,0.033,0.000,0.000,0.950,0.017,0.000,0.000,0.000,0.000,0.000,0.000,0.000,0.000,Z15,0.950
C00918,C00918,26.6971,38.5568,60,1.000,27.0,0.000,0.000,0.000,0.000,0.183,0.000,0.000,0.817,0.000,0.000,0.000,0.000,0.000,0.000,0.000,0.000,0.000,Z15,0.817
C00919,C00919,26.7087,38.5568,60,1.000,6.0,0.000,0.000,0.000,0.000,0.733,0.000,0.000,0.267,0.000,0.000,0.000,0.000,0.000,0.000,0.000,0.000,0.000,Z13,0.733
C00920,C00920,26.7202,38.5568,60,1.000,6.0,0.000,0.000,0.000,0.000,0.933,0.000,0.000,0.067,0.000,0.000,0.000,0.000,0.000,0.000,0.000,0.000,0.000,Z13,0.933
C00921,C00921,26.7317,38.5568,60,1.000,6.0,0.000,0.000,0.000,0.000,0.983,0.017,0.000,0.000,0.000,0.000,0.000,0.000,0.000,0.000,0.000,0.000,0.000,Z13,0.983
C00922,C00922,26.7432,38.5568,60,1.000,9.0,0.000,0.000,0.000,0.000,0.817,0.117,0.000,0.050,0.017,0.000,0.000,0.000,0.000,0.000,0.000,0.000,0.000,Z13,0.817
C00923,C00923,26.7547,38.5568,60,1.000,9.0,0.000,0.000,0.000,0.000,0.733,0.217,0.000,0.050,0.000,0.000,0.000,0.000,0.000,0.000,0.000,0.000,0.000,Z13,0.733
C00924,C00924,26.7662,38.5568,60,1.000,12.0,0.000,0.000,0.000,0.000,0.450,0.350,0.000,0.000,0.200,0.000,0.000,0.000,0.000,0.000,0.000,0.000,0.000,Z13,0.450
C00925,C00925,26.7777,38.5568,60,1.000,18.0,0.000,0.000,0.000,0.000,0.100,0.517,0.083,0.000,0.300,0.000,0.000,0.000,0.000,0.000,0.000,0.000,0.000,Z14,0.517
C00926,C00926,26.7892,38.5568,60,1.000,18.0,0.000,0.000,0.000,0.000,0.000,0.733,0.167,0.000,0.100,0.000,0.000,0.000,0.000,0.000,0.000,0.000,0.000,Z14,0.733
C00927,C00927,26.8008,38.5568,60,1.000,21.0,0.000,0.000,0.000,0.000,0.000,0.683,0.317,0.000,0.000,0.000,0.000,0.000,0.000,0.000,0.000,0.000,0.000,Z14,0.683
C00928,C00928,26.8123,38.5568,60,1.000,21.0,0.000,0.000,0.000,0.000,0.000,0.700,0.267,0.000,0.000,0.000,0.033,0.000,0.000,0.000,0.000,0.000,0.000,Z14,0.700
C00929,C00929,26.8238,38.5568,60,1.000,4.5,0.000,0.000,0.000,0.000,0.000,0.267,0.150,0.000,0.000,0.000,0.583,0.000,0.000,0.000,0.000,0.000,0.000,Z07,0.583
C00930,C00930,26.3058,38.5658,60,0.933,12.0,0.000,0.000,0.000,0.000,0.000,0.000,0.000,0.000,0.000,0.000,0.000,0.133,0.000,0.000,0.000,0.000,0.867,Z12,0.867
C00931,C00931,26.3173,38.5658,60,0.983,9.0,0.000,0.000,0.000,0.000,0.000,0.000,0.000,0.000,0.000,0.000,0.000,0.150,0.000,0.000,0.000,0.000,0.850,Z12,0.850
C00932,C00932,26.3288,38.5658,60,1.000,24.0,0.000,0.000,0.000,0.000,0.000,0.000,0.000,0.000,0.000,0.000,0.000,0.467,0.000,0.000,0.000,0.000,0.533,Z12,0.533
C00933,C00933,26.3403,38.5658,60,1.000,21.0,0.000,0.000,0.000,0.000,0.000,0.000,0.000,0.000,0.000,0.000,0.000,0.700,0.000,0.000,0.000,0.000,0.300,Z08,0.700
C00934,C00934,26.3518,38.5658,60,1.000,21.0,0.000,0.000,0.000,0.000,0.000,0.000,0.000,0.000,0.000,0.000,0.000,0.917,0.000,0.000,0.000,0.000,0.083,Z08,0.917
C00935,C00935,26.3633,38.5658,60,1.000,21.0,0.000,0.000,0.000,0.000,0.000,0.000,0.000,0.000,0.000,0.050,0.000,0.900,0.000,0.000,0.000,0.000,0.050,Z08,0.900
C00936,C00936,26.5705,38.5658,60,1.000,3.0,0.000,0.000,0.000,0.000,0.000,0.000,0.000,0.000,1.000,0.000,0.000,0.000,0.000,0.000,0.000,0.000,0.000,Z06,1.000
C00937,C00937,26.5820,38.5658,60,1.000,3.0,0.000,0.000,0.000,0.000,0.000,0.000,0.000,0.000,1.000,0.000,0.000,0.000,0.000,0.000,0.000,0.000,0.000,Z06,1.000
C00938,C00938,26.5935,38.5658,60,1.000,3.0,0.000,0.000,0.000,0.000,0.000,0.000,0.000,0.000,1.000,0.000,0.000,0.000,0.000,0.000,0.000,0.000,0.000,Z06,1.000
C00939,C00939,26.6051,38.5658,60,1.000,6.0,0.000,0.000,0.000,0.000,0.000,0.000,0.000,0.000,1.000,0.000,0.000,0.000,0.000,0.000,0.000,0.000,0.000,Z06,1.000
C00940,C00940,26.6166,38.5658,60,1.000,6.0,0.000,0.000,0.000,0.000,0.000,0.000,0.000,0.000,1.000,0.000,0.000,0.000,0.000,0.000,0.000,0.000,0.000,Z06,1.000
C00941,C00941,26.6281,38.5658,60,1.000,9.0,0.000,0.000,0.000,0.000,0.000,0.000,0.000,0.017,0.983,0.000,0.000,0.000,0.000,0.000,0.000,0.000,0.000,Z06,0.983
C00942,C00942,26.6396,38.5658,60,1.000,9.0,0.000,0.000,0.000,0.000,0.000,0.000,0.000,0.133,0.867,0.000,0.000,0.000,0.000,0.000,0.000,0.000,0.000,Z06,0.867
C00943,C00943,26.6511,38.5658,60,1.000,12.0,0.000,0.000,0.000,0.000,0.000,0.000,0.000,0.367,0.633,0.000,0.000,0.000,0.000,0.000,0.000,0.000,0.000,Z06,0.633
C00944,C00944,26.6626,38.5658,60,1.000,22.5,0.000,0.000,0.000,0.000,0.000,0.000,0.000,0.533,0.467,0.000,0.000,0.000,0.000,0.000,0.000,0.000,0.000,Z15,0.533
C00945,C00945,26.6741,38.5658,60,1.000,27.0,0.000,0.000,0.000,0.000,0.000,0.000,0.000,0.783,0.217,0.000,0.000,0.000,0.000,0.000,0.000,0.000,0.000,Z15,0.783
C00946,C00946,26.6856,38.5658,60,1.000,27.0,0.000,0.000,0.000,0.000,0.033,0.000,0.000,0.917,0.050,0.000,0.000,0.000,0.000,0.000,0.000,0.000,0.000,Z15,0.917
C00947,C00947,26.6971,38.5658,60,1.000,27.0,0.000,0.000,0.000,0.000,0.200,0.000,0.000,0.783,0.017,0.000,0.000,0.000,0.000,0.000,0.000,0.000,0.000,Z15,0.783
C00948,C00948,26.7087,38.5658,60,1.000,24.0,0.000,0.000,0.000,0.000,0.433,0.000,0.000,0.567,0.000,0.000,0.000,0.000,0.000,0.000,0.000,0.000,0.000,Z15,0.567
C00949,C00949,26.7202,38.5658,60,1.000,9.0,0.000,0.000,0.000,0.000,0.750,0.000,0.000,0.250,0.000,0.000,0.000,0.000,0.000,0.000,0.000,0.000,0.000,Z13,0.750
C00950,C00950,26.7317,38.5658,60,1.000,6.0,0.000,0.000,0.000,0.000,0.850,0.050,0.000,0.100,0.000,0.000,0.000,0.000,0.000,0.000,0.000,0.000,0.000,Z13,0.850
C00951,C00951,26.7432,38.5658,60,1.000,9.0,0.000,0.000,0.000,0.000,0.800,0.117,0.000,0.083,0.000,0.000,0.000,0.000,0.000,0.000,0.000,0.000,0.000,Z13,0.800
C00952,C00952,26.7547,38.5658,60,1.000,9.0,0.000,0.000,0.000,0.000,0.717,0.133,0.000,0.150,0.000,0.000,0.000,0.000,0.000,0.000,0.000,0.000,0.000,Z13,0.717
C00953,C00953,26.7662,38.5658,60,1.000,12.0,0.000,0.000,0.000,0.000,0.433,0.300,0.017,0.100,0.150,0.000,0.000,0.000,0.000,0.000,0.000,0.000,0.000,Z13,0.433
C00954,C00954,26.7777,38.5658,60,1.000,15.0,0.000,0.000,0.000,0.000,0.167,0.483,0.017,0.067,0.267,0.000,0.000,0.000,0.000,0.000,0.000,0.000,0.000,Z14,0.483
C00955,C00955,26.7892,38.5658,60,1.000,18.0,0.000,0.000,0.000,0.000,0.000,0.833,0.083,0.017,0.067,0.000,0.000,0.000,0.000,0.000,0.000,0.000,0.000,Z14,0.833
C00956,C00956,26.8008,38.5658,60,1.000,21.0,0.000,0.000,0.000,0.000,0.000,0.817,0.150,0.017,0.017,0.000,0.000,0.000,0.000,0.000,0.000,0.000,0.000,Z14,0.817
C00957,C00957,26.8123,38.5658,60,1.000,27.0,0.000,0.000,0.000,0.000,0.000,0.633,0.350,0.000,0.000,0.000,0.017,0.000,0.000,0.000,0.000,0.000,0.000,Z14,0.633
C00958,C00958,26.8238,38.5658,60,1.000,21.0,0.000,0.000,0.000,0.000,0.000,0.433,0.200,0.000,0.000,0.000,0.367,0.000,0.000,0.000,0.000,0.000,0.000,Z14,0.433
C00959,C00959,26.3058,38.5748,60,0.967,12.0,0.000,0.000,0.000,0.000,0.000,0.000,0.000,0.000,0.000,0.000,0.000,0.167,0.000,0.000,0.000,0.000,0.833,Z12,0.833
C00960,C00960,26.3173,38.5748,60,0.983,12.0,0.000,0.000,0.000,0.000,0.000,0.000,0.000,0.000,0.000,0.000,0.000,0.167,0.000,0.000,0.000,0.000,0.833,Z12,0.833
C00961,C00961,26.3288,38.5748,60,1.000,24.0,0.000,0.000,0.000,0.000,0.000,0.000,0.000,0.000,0.000,0.000,0.000,0.417,0.000,0.000,0.000,0.000,0.583,Z12,0.583
C00962,C00962,26.3403,38.5748,60,1.000,24.0,0.000,0.000,0.000,0.000,0.000,0.000,0.000,0.000,0.000,0.000,0.000,0.683,0.000,0.000,0.000,0.000,0.317,Z08,0.683
C00963,C00963,26.3518,38.5748,60,1.000,21.0,0.000,0.000,0.000,0.000,0.000,0.000,0.000,0.000,0.000,0.017,0.000,0.767,0.000,0.000,0.000,0.000,0.217,Z08,0.767
C00964,C00964,26.3633,38.5748,60,1.000,22.5,0.000,0.000,0.000,0.000,0.000,0.000,0.000,0.000,0.000,0.067,0.000,0.850,0.000,0.000,0.000,0.000,0.083,Z08,0.850
C00965,C00965,26.5705,38.5748,60,1.000,3.0,0.000,0.000,0.000,0.000,0.000,0.000,0.000,0.000,1.000,0.000,0.000,0.000,0.000,0.000,0.000,0.000,0.000,Z06,1.000
C00966,C00966,26.5820,38.5748,60,1.000,3.0,0.000,0.000,0.000,0.000,0.000,0.000,0.000,0.000,1.000,0.000,0.000,0.000,0.000,0.000,0.000,0.000,0.000,Z06,1.000
C00967,C00967,26.5935,38.5748,60,1.000,6.0,0.000,0.000,0.000,0.000,0.000,0.000,0.000,0.000,1.000,0.000,0.000,0.000,0.000,0.000,0.000,0.000,0.000,Z06,1.000
C00968,C00968,26.6051,38.5748,60,1.000,6.0,0.000,0.000,0.000,0.000,0.000,0.000,0.000,0.000,1.000,0.000,0.000,0.000,0.000,0.000,0.000,0.000,0.000,Z06,1.000
C00969,C00969,26.6166,38.5748,60,1.000,9.0,0.000,0.000,0.000,0.000,0.000,0.000,0.000,0.000,1.000,0.000,0.000,0.000,0.000,0.000,0.000,0.000,0.000,Z06,1.000
C00970,C00970,26.6281,38.5748,60,1.000,9.0,0.000,0.000,0.000,0.000,0.000,0.000,0.000,0.067,0.933,0.000,0.000,0.000,0.000,0.000,0.000,0.000,0.000,Z06,0.933
C00971,C00971,26.6396,38.5748,60,1.000,9.0,0.000,0.000,0.000,0.000,0.000,0.000,0.000,0.200,0.800,0.000,0.000,0.000,0.000,0.000,0.000,0.000,0.000,Z06,0.800
C00972,C00972,26.6511,38.5748,60,1.000,12.0,0.000,0.000,0.000,0.000,0.000,0.000,0.000,0.350,0.650,0.000,0.000,0.000,0.000,0.000,0.000,0.000,0.000,Z06,0.650
C00973,C00973,26.6626,38.5748,60,1.000,24.0,0.000,0.000,0.000,0.000,0.000,0.000,0.000,0.550,0.450,0.000,0.000,0.000,0.000,0.000,0.000,0.000,0.000,Z15,0.550
C00974,C00974,26.6741,38.5748,60,1.000,27.0,0.000,0.000,0.000,0.000,0.000,0.000,0.000,0.817,0.183,0.000,0.000,0.000,0.000,0.000,0.000,0.000,0.000,Z15,0.817
C00975,C00975,26.6856,38.5748,60,1.000,30.0,0.000,0.000,0.000,0.000,0.033,0.000,0.000,0.883,0.083,0.000,0.000,0.000,0.000,0.000,0.000,0.000,0.000,Z15,0.883
C00976,C00976,26.6971,38.5748,60,1.000,30.0,0.000,0.000,0.000,0.000,0.167,0.000,0.000,0.833,0.000,0.000,0.000,0.000,0.000,0.000,0.000,0.000,0.000,Z15,0.833
C00977,C00977,26.7087,38.5748,60,1.000,27.0,0.000,0.000,0.000,0.000,0.333,0.000,0.000,0.667,0.000,0.000,0.000,0.000,0.000,0.000,0.000,0.000,0.000,Z15,0.667
C00978,C00978,26.7202,38.5748,60,1.000,18.0,0.000,0.000,0.000,0.000,0.483,0.000,0.000,0.517,0.000,0.000,0.000,0.000,0.000,0.000,0.000,0.000,0.000,Z15,0.517
C00979,C00979,26.7317,38.5748,60,1.000,9.0,0.000,0.000,0.000,0.000,0.750,0.000,0.000,0.250,0.000,0.000,0.000,0.000,0.000,0.000,0.000,0.000,0.000,Z13,0.750
C00980,C00980,26.7432,38.5748,60,1.000,9.0,0.000,0.000,0.000,0.000,0.800,0.017,0.000,0.117,0.067,0.000,0.000,0.000,0.000,0.000,0.000,0.000,0.000,Z13,0.800
C00981,C00981,26.7547,38.5748,60,1.000,9.0,0.000,0.000,0.000,0.000,0.717,0.100,0.000,0.150,0.033,0.000,0.000,0.000,0.000,0.000,0.000,0.000,0.000,Z13,0.717
C00982,C00982,26.7662,38.5748,60,1.000,12.0,0.000,0.000,0.000,0.000,0.650,0.083,0.000,0.267,0.000,0.000,0.000,0.000,0.000,0.000,0.000,0.000,0.000,Z13,0.650
C00983,C00983,26.7777,38.5748,60,1.000,18.0,0.000,0.000,0.000,0.000,0.050,0.483,0.050,0.233,0.183,0.000,0.000,0.000,0.000,0.000,0.000,0.000,0.000,Z14,0.483
C00984,C00984,26.7892,38.5748,60,1.000,18.0,0.000,0.000,0.000,0.000,0.000,0.833,0.067,0.050,0.050,0.000,0.000,0.000,0.000,0.000,0.000,0.000,0.000,Z14,0.833
C00985,C00985,26.8008,38.5748,60,1.000,21.0,0.000,0.000,0.000,0.000,0.000,0.817,0.167,0.017,0.000,0.000,0.000,0.000,0.000,0.000,0.000,0.000,0.000,Z14,0.817
C00986,C00986,26.8123,38.5748,60,1.000,24.0,0.000,0.000,0.000,0.000,0.000,0.733,0.267,0.000,0.000,0.000,0.000,0.000,0.000,0.000,0.000,0.000,0.000,Z14,0.733
C00987,C00987,26.8238,38.5748,60,1.000,24.0,0.000,0.000,0.000,0.000,0.000,0.467,0.200,0.000,0.000,0.000,0.333,0.000,0.000,0.000,0.000,0.000,0.000,Z14,0.467
C00988,C00988,26.8353,38.5748,60,1.000,3.0,0.000,0.000,0.000,0.000,0.000,0.000,0.033,0.000,0.000,0.000,0.967,0.000,0.000,0.000,0.000,0.000,0.000,Z07,0.967
C00989,C00989,26.3058,38.5838,60,0.933,15.0,0.000,0.000,0.000,0.000,0.000,0.000,0.000,0.000,0.000,0.000,0.000,0.133,0.000,0.000,0.000,0.000,0.867,Z12,0.867
C00990,C00990,26.3173,38.5838,60,0.983,12.0,0.000,0.000,0.000,0.000,0.000,0.000,0.000,0.000,0.000,0.000,0.000,0.150,0.000,0.000,0.000,0.000,0.850,Z12,0.850
C00991,C00991,26.3288,38.5838,60,0.967,12.0,0.000,0.000,0.000,0.000,0.000,0.000,0.000,0.000,0.000,0.000,0.000,0.283,0.000,0.000,0.000,0.000,0.717,Z12,0.717
C00992,C00992,26.3403,38.5838,60,1.000,24.0,0.000,0.000,0.000,0.000,0.000,0.000,0.000,0.000,0.000,0.000,0.000,0.650,0.000,0.000,0.000,0.000,0.350,Z08,0.650
C00993,C00993,26.3518,38.5838,60,1.000,24.0,0.000,0.000,0.000,0.000,0.000,0.000,0.000,0.000,0.000,0.000,0.000,0.783,0.000,0.000,0.000,0.000,0.217,Z08,0.783
C00994,C00994,26.3633,38.5838,60,1.000,21.0,0.000,0.000,0.000,0.000,0.000,0.000,0.000,0.000,0.000,0.167,0.000,0.717,0.000,0.000,0.000,0.000,0.117,Z08,0.717
C00995,C00995,26.5705,38.5838,60,1.000,3.0,0.000,0.000,0.000,0.000,0.000,0.000,0.000,0.000,1.000,0.000,0.000,0.000,0.000,0.000,0.000,0.000,0.000,Z06,1.000
C00996,C00996,26.5820,38.5838,60,1.000,6.0,0.000,0.000,0.000,0.000,0.000,0.000,0.000,0.000,1.000,0.000,0.000,0.000,0.000,0.000,0.000,0.000,0.000,Z06,1.000
C00997,C00997,26.5935,38.5838,60,1.000,6.0,0.000,0.000,0.000,0.000,0.000,0.000,0.000,0.000,1.000,0.000,0.000,0.000,0.000,0.000,0.000,0.000,0.000,Z06,1.000
C00998,C00998,26.6051,38.5838,60,1.000,9.0,0.000,0.000,0.000,0.000,0.000,0.000,0.000,0.000,1.000,0.000,0.000,0.000,0.000,0.000,0.000,0.000,0.000,Z06,1.000
C00999,C00999,26.6166,38.5838,60,1.000,9.0,0.000,0.000,0.000,0.000,0.000,0.000,0.000,0.017,0.983,0.000,0.000,0.000,0.000,0.000,0.000,0.000,0.000,Z06,0.983
C01000,C01000,26.6281,38.5838,60,1.000,9.0,0.000,0.000,0.000,0.000,0.000,0.000,0.000,0.050,0.950,0.000,0.000,0.000,0.000,0.000,0.000,0.000,0.000,Z06,0.950
C01001,C01001,26.6396,38.5838,60,1.000,12.0,0.000,0.000,0.000,0.000,0.000,0.000,0.000,0.183,0.817,0.000,0.000,0.000,0.000,0.000,0.000,0.000,0.000,Z06,0.817
C01002,C01002,26.6511,38.5838,60,1.000,12.0,0.000,0.000,0.000,0.000,0.000,0.000,0.000,0.317,0.683,0.000,0.000,0.000,0.000,0.000,0.000,0.000,0.000,Z06,0.683
C01003,C01003,26.6626,38.5838,60,1.000,24.0,0.000,0.000,0.000,0.000,0.000,0.000,0.000,0.533,0.467,0.000,0.000,0.000,0.000,0.000,0.000,0.000,0.000,Z15,0.533
C01004,C01004,26.6741,38.5838,60,1.000,24.0,0.000,0.000,0.000,0.000,0.017,0.000,0.000,0.717,0.267,0.000,0.000,0.000,0.000,0.000,0.000,0.000,0.000,Z15,0.717
C01005,C01005,26.6856,38.5838,60,1.000,27.0,0.000,0.000,0.000,0.000,0.067,0.000,0.000,0.917,0.017,0.000,0.000,0.000,0.000,0.000,0.000,0.000,0.000,Z15,0.917
C01006,C01006,26.6971,38.5838,60,1.000,30.0,0.000,0.000,0.000,0.000,0.183,0.000,0.000,0.817,0.000,0.000,0.000,0.000,0.000,0.000,0.000,0.000,0.000,Z15,0.817
C01007,C01007,26.7087,38.5838,60,1.000,30.0,0.000,0.000,0.000,0.000,0.300,0.000,0.000,0.700,0.000,0.000,0.000,0.000,0.000,0.000,0.000,0.000,0.000,Z15,0.700
C01008,C01008,26.7202,38.5838,60,1.000,21.0,0.000,0.000,0.000,0.000,0.400,0.017,0.000,0.583,0.000,0.000,0.000,0.000,0.000,0.000,0.000,0.000,0.000,Z15,0.583
C01009,C01009,26.7317,38.5838,60,1.000,15.0,0.000,0.000,0.000,0.000,0.583,0.000,0.000,0.300,0.117,0.000,0.000,0.000,0.000,0.000,0.000,0.000,0.000,Z13,0.583
C01010,C01010,26.7432,38.5838,60,1.000,9.0,0.000,0.000,0.000,0.000,0.767,0.000,0.000,0.167,0.067,0.000,0.000,0.000,0.000,0.000,0.000,0.000,0.000,Z13,0.767
C01011,C01011,26.7547,38.5838,60,1.000,12.0,0.000,0.000,0.000,0.000,0.650,0.050,0.000,0.233,0.067,0.000,0.000,0.000,0.000,0.000,0.000,0.000,0.000,Z13,0.650
C01012,C01012,26.7662,38.5838,60,1.000,13.5,0.000,0.000,0.000,0.000,0.517,0.100,0.033,0.300,0.050,0.000,0.000,0.000,0.000,0.000,0.000,0.000,0.000,Z13,0.517
C01013,C01013,26.7777,38.5838,60,1.000,21.0,0.000,0.000,0.000,0.000,0.117,0.300,0.050,0.383,0.150,0.000,0.000,0.000,0.000,0.000,0.000,0.000,0.000,Z15,0.383
C01014,C01014,26.7892,38.5838,60,1.000,22.5,0.000,0.000,0.000,0.000,0.017,0.483,0.200,0.267,0.033,0.000,0.000,0.000,0.000,0.000,0.000,0.000,0.000,Z14,0.483
C01015,C01015,26.8008,38.5838,60,1.000,24.0,0.000,0.000,0.000,0.000,0.000,0.650,0.150,0.200,0.000,0.000,0.000,0.000,0.000,0.000,0.000,0.000,0.000,Z14,0.650
C01016,C01016,26.8123,38.5838,60,1.000,24.0,0.000,0.000,0.000,0.000,0.000,0.767,0.233,0.000,0.000,0.000,0.000,0.000,0.000,0.000,0.000,0.000,0.000,Z14,0.767
C01017,C01017,26.3058,38.5928,60,0.950,18.0,0.000,0.000,0.000,0.000,0.000,0.000,0.000,0.000,0.000,0.000,0.000,0.067,0.000,0.000,0.000,0.000,0.933,Z12,0.933
C01018,C01018,26.3173,38.5928,60,0.933,15.0,0.000,0.000,0.000,0.000,0.000,0.000,0.000,0.000,0.000,0.000,0.000,0.067,0.000,0.000,0.000,0.000,0.933,Z12,0.933
C01019,C01019,26.3288,38.5928,60,0.950,15.0,0.000,0.000,0.000,0.000,0.000,0.000,0.000,0.000,0.000,0.000,0.000,0.267,0.000,0.000,0.000,0.000,0.733,Z12,0.733
C01020,C01020,26.3403,38.5928,60,0.983,24.0,0.000,0.000,0.000,0.000,0.000,0.000,0.000,0.000,0.000,0.000,0.000,0.583,0.000,0.000,0.000,0.000,0.417,Z08,0.583
C01021,C01021,26.3518,38.5928,60,1.000,19.5,0.000,0.000,0.000,0.000,0.000,0.000,0.000,0.000,0.000,0.067,0.000,0.683,0.000,0.000,0.000,0.000,0.250,Z08,0.683
C01022,C01022,26.3633,38.5928,60,1.000,21.0,0.000,0.000,0.000,0.000,0.000,0.000,0.000,0.000,0.000,0.233,0.000,0.583,0.000,0.000,0.000,0.000,0.183,Z08,0.583
C01023,C01023,26.5705,38.5928,60,1.000,3.0,0.000,0.000,0.000,0.000,0.000,0.000,0.000,0.000,1.000,0.000,0.000,0.000,0.000,0.000,0.000,0.000,0.000,Z06,1.000
C01024,C01024,26.5820,38.5928,60,1.000,6.0,0.000,0.000,0.000,0.000,0.000,0.000,0.000,0.000,1.000,0.000,0.000,0.000,0.000,0.000,0.000,0.000,0.000,Z06,1.000
C01025,C01025,26.5935,38.5928,60,1.000,6.0,0.000,0.000,0.000,0.000,0.000,0.000,0.000,0.000,1.000,0.000,0.000,0.000,0.000,0.000,0.000,0.000,0.000,Z06,1.000
C01026,C01026,26.6051,38.5928,60,1.000,9.0,0.000,0.000,0.000,0.000,0.000,0.000,0.000,0.000,1.000,0.000,0.000,0.000,0.000,0.000,0.000,0.000,0.000,Z06,1.000
C01027,C01027,26.6166,38.5928,60,1.000,9.0,0.000,0.000,0.000,0.000,0.000,0.000,0.000,0.000,1.000,0.000,0.000,0.000,0.000,0.000,0.000,0.000,0.000,Z06,1.000
C01028,C01028,26.6281,38.5928,60,1.000,12.0,0.000,0.000,0.000,0.000,0.000,0.000,0.000,0.150,0.850,0.000,0.000,0.000,0.000,0.000,0.000,0.000,0.000,Z06,0.850
C01029,C01029,26.6396,38.5928,60,1.000,12.0,0.000,0.000,0.000,0.000,0.000,0.000,0.000,0.250,0.750,0.000,0.000,0.000,0.000,0.000,0.000,0.000,0.000,Z06,0.750
C01030,C01030,26.6511,38.5928,60,1.000,12.0,0.000,0.000,0.000,0.000,0.000,0.000,0.000,0.367,0.633,0.000,0.000,0.000,0.000,0.000,0.000,0.000,0.000,Z06,0.633
C01031,C01031,26.6626,38.5928,60,1.000,12.0,0.000,0.000,0.000,0.000,0.000,0.000,0.000,0.433,0.567,0.000,0.000,0.000,0.000,0.000,0.000,0.000,0.000,Z06,0.567
C01032,C01032,26.6741,38.5928,60,1.000,25.5,0.000,0.000,0.000,0.000,0.000,0.000,0.000,0.700,0.300,0.000,0.000,0.000,0.000,0.000,0.000,0.000,0.000,Z15,0.700
C01033,C01033,26.6856,38.5928,60,1.000,30.0,0.000,0.000,0.000,0.000,0.067,0.000,0.000,0.883,0.050,0.000,0.000,0.000,0.000,0.000,0.000,0.000,0.000,Z15,0.883
C01034,C01034,26.6971,38.5928,60,1.000,31.5,0.000,0.000,0.000,0.000,0.100,0.000,0.000,0.900,0.000,0.000,0.000,0.000,0.000,0.000,0.000,0.000,0.000,Z15,0.900
C01035,C01035,26.7087,38.5928,60,1.000,28.5,0.000,0.000,0.000,0.000,0.300,0.000,0.000,0.700,0.000,0.000,0.000,0.000,0.000,0.000,0.000,0.000,0.000,Z15,0.700
C01036,C01036,26.7202,38.5928,60,1.000,28.5,0.000,0.000,0.000,0.000,0.367,0.000,0.000,0.633,0.000,0.000,0.000,0.000,0.000,0.000,0.000,0.000,0.000,Z15,0.633
C01037,C01037,26.7317,38.5928,60,1.000,18.0,0.000,0.000,0.000,0.000,0.500,0.000,0.000,0.450,0.050,0.000,0.000,0.000,0.000,0.000,0.000,0.000,0.000,Z13,0.500
C01038,C01038,26.7432,38.5928,60,1.000,12.0,0.000,0.000,0.000,0.000,0.667,0.000,0.000,0.183,0.150,0.000,0.000,0.000,0.000,0.000,0.000,0.000,0.000,Z13,0.667
C01039,C01039,26.7547,38.5928,60,1.000,12.0,0.000,0.000,0.000,0.000,0.667,0.000,0.000,0.067,0.267,0.000,0.000,0.000,0.000,0.000,0.000,0.000,0.000,Z13,0.667
C01040,C01040,26.7662,38.5928,60,1.000,15.0,0.000,0.000,0.000,0.000,0.550,0.067,0.000,0.183,0.200,0.000,0.000,0.000,0.000,0.000,0.000,0.000,0.000,Z13,0.550
C01041,C01041,26.7777,38.5928,60,1.000,24.0,0.000,0.000,0.000,0.000,0.067,0.267,0.017,0.483,0.167,0.000,0.000,0.000,0.000,0.000,0.000,0.000,0.000,Z15,0.483
C01042,C01042,26.7892,38.5928,60,1.000,24.0,0.000,0.000,0.000,0.000,0.000,0.417,0.067,0.450,0.033,0.000,0.033,0.000,0.000,0.000,0.000,0.000,0.000,Z15,0.450
C01043,C01043,26.8008,38.5928,60,1.000,21.0,0.000,0.000,0.000,0.000,0.000,0.717,0.050,0.150,0.000,0.000,0.083,0.000,0.000,0.000,0.000,0.000,0.000,Z14,0.717
C01044,C01044,26.8123,38.5928,60,1.000,27.0,0.000,0.000,0.000,0.000,0.000,0.767,0.150,0.067,0.000,0.000,0.017,0.000,0.000,0.000,0.000,0.000,0.000,Z14,0.767
C01045,C01045,26.8238,38.5928,60,1.000,27.0,0.000,0.000,0.000,0.000,0.000,0.550,0.167,0.000,0.000,0.000,0.283,0.000,0.000,0.000,0.000,0.000,0.000,Z14,0.550
C01046,C01046,26.3058,38.6018,60,0.983,18.0,0.000,0.000,0.000,0.000,0.000,0.000,0.000,0.000,0.000,0.000,0.000,0.083,0.000,0.000,0.000,0.000,0.917,Z12,0.917
C01047,C01047,26.3173,38.6018,60,0.933,18.0,0.000,0.000,0.000,0.000,0.000,0.000,0.000,0.000,0.000,0.000,0.000,0.117,0.000,0.000,0.000,0.000,0.883,Z12,0.883
C01048,C01048,26.3288,38.6018,60,0.983,18.0,0.000,0.000,0.000,0.000,0.000,0.000,0.000,0.000,0.000,0.000,0.000,0.200,0.000,0.000,0.000,0.000,0.800,Z12,0.800
C01049,C01049,26.3403,38.6018,60,1.000,27.0,0.000,0.000,0.000,0.000,0.000,0.000,0.000,0.000,0.000,0.000,0.000,0.550,0.000,0.000,0.000,0.000,0.450,Z08,0.550
C01050,C01050,26.3518,38.6018,60,0.983,24.0,0.000,0.000,0.000,0.000,0.000,0.000,0.000,0.000,0.000,0.000,0.000,0.767,0.000,0.000,0.000,0.000,0.233,Z08,0.767
C01051,C01051,26.3633,38.6018,60,1.000,21.0,0.000,0.000,0.000,0.000,0.000,0.000,0.000,0.000,0.000,0.133,0.000,0.650,0.000,0.000,0.000,0.000,0.217,Z08,0.650
C01052,C01052,26.5590,38.6018,60,1.000,3.0,0.000,0.000,0.000,0.000,0.000,0.000,0.000,0.000,1.000,0.000,0.000,0.000,0.000,0.000,0.000,0.000,0.000,Z06,1.000
C01053,C01053,26.5705,38.6018,60,1.000,3.0,0.000,0.000,0.000,0.000,0.000,0.000,0.000,0.000,1.000,0.000,0.000,0.000,0.000,0.000,0.000,0.000,0.000,Z06,1.000
C01054,C01054,26.5820,38.6018,60,1.000,6.0,0.000,0.000,0.000,0.000,0.000,0.000,0.000,0.000,1.000,0.000,0.000,0.000,0.000,0.000,0.000,0.000,0.000,Z06,1.000
C01055,C01055,26.5935,38.6018,60,1.000,9.0,0.000,0.000,0.000,0.000,0.000,0.000,0.000,0.000,1.000,0.000,0.000,0.000,0.000,0.000,0.000,0.000,0.000,Z06,1.000
C01056,C01056,26.6051,38.6018,60,1.000,9.0,0.000,0.000,0.000,0.000,0.000,0.000,0.000,0.000,1.000,0.000,0.000,0.000,0.000,0.000,0.000,0.000,0.000,Z06,1.000
C01057,C01057,26.6166,38.6018,60,1.000,9.0,0.000,0.000,0.000,0.000,0.000,0.000,0.000,0.033,0.967,0.000,0.000,0.000,0.000,0.000,0.000,0.000,0.000,Z06,0.967
C01058,C01058,26.6281,38.6018,60,1.000,12.0,0.000,0.000,0.000,0.000,0.000,0.000,0.000,0.117,0.883,0.000,0.000,0.000,0.000,0.000,0.000,0.000,0.000,Z06,0.883
C01059,C01059,26.6396,38.6018,60,1.000,12.0,0.000,0.000,0.000,0.000,0.000,0.000,0.000,0.250,0.750,0.000,0.000,0.000,0.000,0.000,0.000,0.000,0.000,Z06,0.750
C01060,C01060,26.6511,38.6018,60,1.000,15.0,0.000,0.000,0.000,0.000,0.000,0.000,0.000,0.350,0.650,0.000,0.000,0.000,0.000,0.000,0.000,0.000,0.000,Z06,0.650
C01061,C01061,26.6626,38.6018,60,1.000,24.0,0.000,0.000,0.000,0.000,0.000,0.000,0.000,0.550,0.450,0.000,0.000,0.000,0.000,0.000,0.000,0.000,0.000,Z15,0.550
C01062,C01062,26.6741,38.6018,60,1.000,25.5,0.000,0.000,0.000,0.000,0.017,0.000,0.000,0.633,0.350,0.000,0.000,0.000,0.000,0.000,0.000,0.000,0.000,Z15,0.633
C01063,C01063,26.6856,38.6018,60,1.000,28.5,0.000,0.000,0.000,0.000,0.000,0.000,0.000,0.933,0.067,0.000,0.000,0.000,0.000,0.000,0.000,0.000,0.000,Z15,0.933
C01064,C01064,26.6971,38.6018,60,1.000,30.0,0.000,0.000,0.000,0.000,0.117,0.000,0.000,0.883,0.000,0.000,0.000,0.000,0.000,0.000,0.000,0.000,0.000,Z15,0.883
C01065,C01065,26.7087,38.6018,60,1.000,30.0,0.000,0.000,0.000,0.000,0.283,0.000,0.000,0.717,0.000,0.000,0.000,0.000,0.000,0.000,0.000,0.000,0.000,Z15,0.717
C01066,C01066,26.7202,38.6018,60,1.000,27.0,0.000,0.000,0.000,0.000,0.367,0.000,0.000,0.633,0.000,0.000,0.000,0.000,0.000,0.000,0.000,0.000,0.000,Z15,0.633
C01067,C01067,26.7317,38.6018,60,1.000,15.0,0.000,0.000,0.000,0.000,0.550,0.000,0.000,0.383,0.067,0.000,0.000,0.000,0.000,0.000,0.000,0.000,0.000,Z13,0.550
C01068,C01068,26.7432,38.6018,60,1.000,15.0,0.000,0.000,0.000,0.000,0.817,0.000,0.000,0.083,0.100,0.000,0.000,0.000,0.000,0.000,0.000,0.000,0.000,Z13,0.817
C01069,C01069,26.7547,38.6018,60,1.000,12.0,0.000,0.000,0.000,0.000,0.667,0.000,0.000,0.133,0.200,0.000,0.000,0.000,0.000,0.000,0.000,0.000,0.000,Z13,0.667
C01070,C01070,26.7662,38.6018,60,1.000,15.0,0.000,0.000,0.000,0.000,0.467,0.033,0.000,0.233,0.267,0.000,0.000,0.000,0.000,0.000,0.000,0.000,0.000,Z13,0.467
C01071,C01071,26.7777,38.6018,60,1.000,24.0,0.000,0.000,0.000,0.000,0.050,0.200,0.050,0.383,0.317,0.000,0.000,0.000,0.000,0.000,0.000,0.000,0.000,Z15,0.383
C01072,C01072,26.7892,38.6018,60,1.000,24.0,0.000,0.000,0.000,0.000,0.000,0.250,0.083,0.467,0.117,0.000,0.083,0.000,0.000,0.000,0.000,0.000,0.000,Z15,0.467
C01073,C01073,26.8008,38.6018,60,1.000,21.0,0.000,0.000,0.000,0.000,0.000,0.417,0.017,0.200,0.017,0.000,0.350,0.000,0.000,0.000,0.000,0.000,0.000,Z14,0.417
C01074,C01074,26.8123,38.6018,60,1.000,27.0,0.000,0.000,0.000,0.000,0.000,0.617,0.200,0.083,0.000,0.000,0.100,0.000,0.000,0.000,0.000,0.000,0.000,Z14,0.617
C01075,C01075,26.8238,38.6018,60,1.000,27.0,0.000,0.000,0.000,0.000,0.000,0.533,0.133,0.000,0.000,0.000,0.333,0.000,0.000,0.000,0.000,0.000,0.000,Z14,0.533
C01076,C01076,26.3058,38.6108,60,0.900,21.0,0.000,0.000,0.000,0.000,0.000,0.000,0.000,0.000,0.000,0.000,0.000,0.017,0.000,0.000,0.000,0.000,0.983,Z12,0.983
C01077,C01077,26.3173,38.6108,60,0.950,21.0,0.000,0.000,0.000,0.000,0.000,0.000,0.000,0.000,0.000,0.000,0.000,0.083,0.000,0.000,0.000,0.000,0.917,Z12,0.917
C01078,C01078,26.3288,38.6108,60,0.950,18.0,0.000,0.000,0.000,0.000,0.000,0.000,0.000,0.000,0.000,0.000,0.000,0.200,0.000,0.000,0.000,0.000,0.800,Z12,0.800
C01079,C01079,26.3403,38.6108,60,1.000,24.0,0.000,0.000,0.000,0.000,0.000,0.000,0.000,0.000,0.000,0.017,0.000,0.500,0.000,0.000,0.000,0.000,0.483,Z08,0.500
C01080,C01080,26.3518,38.6108,60,1.000,24.0,0.000,0.000,0.000,0.000,0.000,0.000,0.000,0.000,0.000,0.083,0.000,0.683,0.000,0.000,0.000,0.000,0.233,Z08,0.683
C01081,C01081,26.5475,38.6108,60,1.000,3.0,0.000,0.000,0.000,0.000,0.000,0.000,0.000,0.000,1.000,0.000,0.000,0.000,0.000,0.000,0.000,0.000,0.000,Z06,1.000
C01082,C01082,26.5590,38.6108,60,1.000,3.0,0.000,0.000,0.000,0.000,0.000,0.000,0.000,0.000,1.000,0.000,0.000,0.000,0.000,0.000,0.000,0.000,0.000,Z06,1.000
C01083,C01083,26.5705,38.6108,60,1.000,3.0,0.000,0.000,0.000,0.000,0.000,0.000,0.000,0.000,1.000,0.000,0.000,0.000,0.000,0.000,0.000,0.000,0.000,Z06,1.000
C01084,C01084,26.5820,38.6108,60,1.000,6.0,0.000,0.000,0.000,0.000,0.000,0.000,0.000,0.000,1.000,0.000,0.000,0.000,0.000,0.000,0.000,0.000,0.000,Z06,1.000
C01085,C01085,26.5935,38.6108,60,1.000,9.0,0.000,0.000,0.000,0.000,0.000,0.000,0.000,0.000,1.000,0.000,0.000,0.000,0.000,0.000,0.000,0.000,0.000,Z06,1.000
C01086,C01086,26.6051,38.6108,60,1.000,9.0,0.000,0.000,0.000,0.000,0.000,0.000,0.000,0.000,1.000,0.000,0.000,0.000,0.000,0.000,0.000,0.000,0.000,Z06,1.000
C01087,C01087,26.6166,38.6108,60,1.000,12.0,0.000,0.000,0.000,0.000,0.000,0.000,0.000,0.017,0.983,0.000,0.000,0.000,0.000,0.000,0.000,0.000,0.000,Z06,0.983
C01088,C01088,26.6281,38.6108,60,1.000,12.0,0.000,0.000,0.000,0.000,0.000,0.000,0.000,0.100,0.900,0.000,0.000,0.000,0.000,0.000,0.000,0.000,0.000,Z06,0.900
C01089,C01089,26.6396,38.6108,60,1.000,12.0,0.000,0.000,0.000,0.000,0.000,0.000,0.000,0.200,0.800,0.000,0.000,0.000,0.000,0.000,0.000,0.000,0.000,Z06,0.800
C01090,C01090,26.6511,38.6108,60,1.000,15.0,0.000,0.000,0.000,0.000,0.000,0.000,0.000,0.300,0.700,0.000,0.000,0.000,0.000,0.000,0.000,0.000,0.000,Z06,0.700
C01091,C01091,26.6626,38.6108,60,1.000,15.0,0.000,0.000,0.000,0.000,0.000,0.000,0.000,0.317,0.683,0.000,0.000,0.000,0.000,0.000,0.000,0.000,0.000,Z06,0.683
C01092,C01092,26.6741,38.6108,60,1.000,27.0,0.000,0.000,0.000,0.000,0.000,0.000,0.000,0.600,0.400,0.000,0.000,0.000,0.000,0.000,0.000,0.000,0.000,Z15,0.600
C01093,C01093,26.6856,38.6108,60,1.000,30.0,0.000,0.000,0.000,0.000,0.000,0.000,0.000,0.867,0.133,0.000,0.000,0.000,0.000,0.000,0.000,0.000,0.000,Z15,0.867
C01094,C01094,26.6971,38.6108,60,1.000,30.0,0.000,0.000,0.000,0.000,0.117,0.000,0.000,0.867,0.017,0.000,0.000,0.000,0.000,0.000,0.000,0.000,0.000,Z15,0.867
C01095,C01095,26.7087,38.6108,60,1.000,30.0,0.000,0.000,0.000,0.000,0.267,0.000,0.000,0.717,0.017,0.000,0.000,0.000,0.000,0.000,0.000,0.000,0.000,Z15,0.717
C01096,C01096,26.7202,38.6108,60,1.000,27.0,0.000,0.000,0.000,0.000,0.383,0.000,0.000,0.617,0.000,0.000,0.000,0.000,0.000,0.000,0.000,0.000,0.000,Z15,0.617
C01097,C01097,26.7317,38.6108,60,1.000,19.5,0.000,0.000,0.000,0.000,0.600,0.000,0.000,0.383,0.017,0.000,0.000,0.000,0.000,0.000,0.000,0.000,0.000,Z13,0.600
C01098,C01098,26.7432,38.6108,60,1.000,15.0,0.000,0.000,0.000,0.000,0.683,0.000,0.000,0.150,0.167,0.000,0.000,0.000,0.000,0.000,0.000,0.000,0.000,Z13,0.683
C01099,C01099,26.7547,38.6108,60,1.000,15.0,0.000,0.000,0.000,0.000,0.700,0.000,0.000,0.033,0.267,0.000,0.000,0.000,0.000,0.000,0.000,0.000,0.000,Z13,0.700
C01100,C01100,26.7662,38.6108,60,1.000,21.0,0.000,0.000,0.000,0.000,0.333,0.033,0.000,0.183,0.450,0.000,0.000,0.000,0.000,0.000,0.000,0.000,0.000,Z06,0.450
C01101,C01101,26.7777,38.6108,60,1.000,24.0,0.000,0.000,0.000,0.000,0.017,0.100,0.050,0.533,0.267,0.000,0.033,0.000,0.000,0.000,0.000,0.000,0.000,Z15,0.533
C01102,C01102,26.7892,38.6108,60,1.000,24.0,0.000,0.000,0.000,0.000,0.017,0.200,0.033,0.550,0.100,0.000,0.100,0.000,0.000,0.000,0.000,0.000,0.000,Z15,0.550
C01103,C01103,26.3058,38.6198,60,0.983,21.0,0.000,0.000,0.000,0.000,0.000,0.000,0.000,0.000,0.000,0.000,0.000,0.050,0.000,0.000,0.000,0.000,0.950,Z12,0.950
C01104,C01104,26.3173,38.6198,60,0.917,21.0,0.000,0.000,0.000,0.000,0.000,0.000,0.000,0.000,0.000,0.000,0.000,0.083,0.000,0.000,0.000,0.000,0.917,Z12,0.917
C01105,C01105,26.3288,38.6198,60,1.000,21.0,0.000,0.000,0.000,0.000,0.000,0.000,0.000,0.000,0.000,0.000,0.000,0.217,0.000,0.000,0.000,0.000,0.783,Z12,0.783
C01106,C01106,26.3403,38.6198,60,1.000,24.0,0.000,0.000,0.000,0.000,0.000,0.000,0.000,0.000,0.000,0.000,0.000,0.517,0.000,0.000,0.000,0.000,0.483,Z08,0.517
C01107,C01107,26.3518,38.6198,60,1.000,24.0,0.000,0.000,0.000,0.000,0.000,0.000,0.000,0.000,0.000,0.133,0.000,0.667,0.000,0.000,0.000,0.000,0.200,Z08,0.667
C01108,C01108,26.5360,38.6198,60,1.000,3.0,0.000,0.000,0.000,0.000,0.000,0.000,0.000,0.000,1.000,0.000,0.000,0.000,0.000,0.000,0.000,0.000,0.000,Z06,1.000
C01109,C01109,26.5475,38.6198,60,1.000,3.0,0.000,0.000,0.000,0.000,0.000,0.000,0.000,0.000,1.000,0.000,0.000,0.000,0.000,0.000,0.000,0.000,0.000,Z06,1.000
C01110,C01110,26.5590,38.6198,60,1.000,3.0,0.000,0.000,0.000,0.000,0.000,0.000,0.000,0.000,1.000,0.000,0.000,0.000,0.000,0.000,0.000,0.000,0.000,Z06,1.000
C01111,C01111,26.5705,38.6198,60,1.000,6.0,0.000,0.000,0.000,0.000,0.000,0.000,0.000,0.000,1.000,0.000,0.000,0.000,0.000,0.000,0.000,0.000,0.000,Z06,1.000
C01112,C01112,26.5820,38.6198,60,1.000,6.0,0.000,0.000,0.000,0.000,0.000,0.000,0.000,0.000,1.000,0.000,0.000,0.000,0.000,0.000,0.000,0.000,0.000,Z06,1.000
C01113,C01113,26.5935,38.6198,60,1.000,9.0,0.000,0.000,0.000,0.000,0.000,0.000,0.000,0.000,1.000,0.000,0.000,0.000,0.000,0.000,0.000,0.000,0.000,Z06,1.000
C01114,C01114,26.6051,38.6198,60,1.000,9.0,0.000,0.000,0.000,0.000,0.000,0.000,0.000,0.000,1.000,0.000,0.000,0.000,0.000,0.000,0.000,0.000,0.000,Z06,1.000
C01115,C01115,26.6166,38.6198,60,1.000,12.0,0.000,0.000,0.000,0.000,0.000,0.000,0.000,0.000,1.000,0.000,0.000,0.000,0.000,0.000,0.000,0.000,0.000,Z06,1.000
C01116,C01116,26.6281,38.6198,60,1.000,12.0,0.000,0.000,0.000,0.000,0.000,0.000,0.000,0.000,1.000,0.000,0.000,0.000,0.000,0.000,0.000,0.000,0.000,Z06,1.000
C01117,C01117,26.6396,38.6198,60,1.000,15.0,0.000,0.000,0.000,0.000,0.000,0.000,0.000,0.100,0.900,0.000,0.000,0.000,0.000,0.000,0.000,0.000,0.000,Z06,0.900
C01118,C01118,26.6511,38.6198,60,1.000,15.0,0.000,0.000,0.000,0.000,0.000,0.000,0.000,0.183,0.817,0.000,0.000,0.000,0.000,0.000,0.000,0.000,0.000,Z06,0.817
C01119,C01119,26.6626,38.6198,60,1.000,18.0,0.000,0.000,0.000,0.000,0.000,0.000,0.000,0.233,0.767,0.000,0.000,0.000,0.000,0.000,0.000,0.000,0.000,Z06,0.767
C01120,C01120,26.6741,38.6198,60,1.000,24.0,0.000,0.000,0.000,0.000,0.000,0.000,0.000,0.517,0.483,0.000,0.000,0.000,0.000,0.000,0.000,0.000,0.000,Z15,0.517
C01121,C01121,26.6856,38.6198,60,1.000,27.0,0.000,0.000,0.000,0.000,0.000,0.000,0.000,0.767,0.233,0.000,0.000,0.000,0.000,0.000,0.000,0.000,0.000,Z15,0.767
C01122,C01122,26.6971,38.6198,60,1.000,30.0,0.000,0.000,0.000,0.000,0.100,0.000,0.000,0.733,0.167,0.000,0.000,0.000,0.000,0.000,0.000,0.000,0.000,Z15,0.733
C01123,C01123,26.7087,38.6198,60,1.000,30.0,0.000,0.000,0.000,0.000,0.267,0.000,0.000,0.717,0.017,0.000,0.000,0.000,0.000,0.000,0.000,0.000,0.000,Z15,0.717
C01124,C01124,26.7202,38.6198,60,1.000,30.0,0.000,0.000,0.000,0.000,0.367,0.000,0.000,0.633,0.000,0.000,0.000,0.000,0.000,0.000,0.000,0.000,0.000,Z15,0.633
C01125,C01125,26.7317,38.6198,60,1.000,21.0,0.000,0.000,0.000,0.000,0.600,0.000,0.000,0.383,0.017,0.000,0.000,0.000,0.000,0.000,0.000,0.000,0.000,Z13,0.600
C01126,C01126,26.7432,38.6198,60,1.000,15.0,0.000,0.000,0.000,0.000,0.817,0.000,0.000,0.117,0.067,0.000,0.000,0.000,0.000,0.000,0.000,0.000,0.000,Z13,0.817
C01127,C01127,26.7547,38.6198,60,1.000,12.0,0.000,0.000,0.000,0.000,0.717,0.000,0.000,0.017,0.083,0.000,0.183,0.000,0.000,0.000,0.000,0.000,0.000,Z13,0.717
C01128,C01128,26.3058,38.6288,60,0.967,21.0,0.000,0.000,0.000,0.000,0.000,0.000,0.000,0.000,0.000,0.000,0.000,0.033,0.000,0.000,0.000,0.000,0.967,Z12,0.967
C01129,C01129,26.3173,38.6288,60,0.933,21.0,0.000,0.000,0.000,0.000,0.000,0.000,0.000,0.000,0.000,0.000,0.000,0.067,0.000,0.000,0.000,0.000,0.933,Z12,0.933
C01130,C01130,26.3288,38.6288,60,0.983,21.0,0.000,0.000,0.000,0.000,0.000,0.000,0.000,0.000,0.000,0.000,0.000,0.167,0.000,0.000,0.000,0.000,0.833,Z12,0.833
C01131,C01131,26.3403,38.6288,60,0.950,30.0,0.000,0.000,0.000,0.000,0.000,0.000,0.000,0.000,0.000,0.000,0.000,0.517,0.000,0.000,0.000,0.000,0.483,Z08,0.517
C01132,C01132,26.3518,38.6288,60,1.000,24.0,0.000,0.000,0.000,0.000,0.000,0.000,0.000,0.000,0.000,0.100,0.000,0.667,0.000,0.000,0.000,0.000,0.233,Z08,0.667
C01133,C01133,26.5245,38.6288,60,1.000,3.0,0.000,0.000,0.000,0.000,0.000,0.000,0.000,0.000,1.000,0.000,0.000,0.000,0.000,0.000,0.000,0.000,0.000,Z06,1.000
C01134,C01134,26.5360,38.6288,60,1.000,3.0,0.000,0.000,0.000,0.000,0.000,0.000,0.000,0.000,1.000,0.000,0.000,0.000,0.000,0.000,0.000,0.000,0.000,Z06,1.000
C01135,C01135,26.5475,38.6288,60,1.000,3.0,0.000,0.000,0.000,0.000,0.000,0.000,0.000,0.000,1.000,0.000,0.000,0.000,0.000,0.000,0.000,0.000,0.000,Z06,1.000
C01136,C01136,26.5590,38.6288,60,1.000,6.0,0.000,0.000,0.000,0.000,0.000,0.000,0.000,0.000,1.000,0.000,0.000,0.000,0.000,0.000,0.000,0.000,0.000,Z06,1.000
C01137,C01137,26.5705,38.6288,60,1.000,6.0,0.000,0.000,0.000,0.000,0.000,0.000,0.000,0.000,1.000,0.000,0.000,0.000,0.000,0.000,0.000,0.000,0.000,Z06,1.000
C01138,C01138,26.5820,38.6288,60,1.000,6.0,0.000,0.000,0.000,0.000,0.000,0.000,0.000,0.000,1.000,0.000,0.000,0.000,0.000,0.000,0.000,0.000,0.000,Z06,1.000
C01139,C01139,26.5935,38.6288,60,1.000,9.0,0.000,0.000,0.000,0.000,0.000,0.000,0.000,0.000,1.000,0.000,0.000,0.000,0.000,0.000,0.000,0.000,0.000,Z06,1.000
C01140,C01140,26.6051,38.6288,60,1.000,12.0,0.000,0.000,0.000,0.000,0.000,0.000,0.000,0.000,1.000,0.000,0.000,0.000,0.000,0.000,0.000,0.000,0.000,Z06,1.000
C01141,C01141,26.6166,38.6288,60,1.000,12.0,0.000,0.000,0.000,0.000,0.000,0.000,0.000,0.000,1.000,0.000,0.000,0.000,0.000,0.000,0.000,0.000,0.000,Z06,1.000
C01142,C01142,26.6281,38.6288,60,1.000,12.0,0.000,0.000,0.000,0.000,0.000,0.000,0.000,0.000,1.000,0.000,0.000,0.000,0.000,0.000,0.000,0.000,0.000,Z06,1.000
C01143,C01143,26.6396,38.6288,60,1.000,15.0,0.000,0.000,0.000,0.000,0.000,0.000,0.000,0.000,1.000,0.000,0.000,0.000,0.000,0.000,0.000,0.000,0.000,Z06,1.000
C01144,C01144,26.6511,38.6288,60,1.000,15.0,0.000,0.000,0.000,0.000,0.000,0.000,0.000,0.050,0.950,0.000,0.000,0.000,0.000,0.000,0.000,0.000,0.000,Z06,0.950
C01145,C01145,26.6626,38.6288,60,1.000,18.0,0.000,0.000,0.000,0.000,0.000,0.000,0.000,0.233,0.767,0.000,0.000,0.000,0.000,0.000,0.000,0.000,0.000,Z06,0.767
C01146,C01146,26.6741,38.6288,60,1.000,24.0,0.000,0.000,0.000,0.000,0.000,0.000,0.000,0.400,0.600,0.000,0.000,0.000,0.000,0.000,0.000,0.000,0.000,Z06,0.600
C01147,C01147,26.6856,38.6288,60,1.000,27.0,0.000,0.000,0.000,0.000,0.017,0.000,0.000,0.567,0.417,0.000,0.000,0.000,0.000,0.000,0.000,0.000,0.000,Z15,0.567
C01148,C01148,26.6971,38.6288,60,1.000,30.0,0.000,0.000,0.000,0.000,0.083,0.000,0.000,0.650,0.267,0.000,0.000,0.000,0.000,0.000,0.000,0.000,0.000,Z15,0.650
C01149,C01149,26.7087,38.6288,60,1.000,30.0,0.000,0.000,0.000,0.000,0.200,0.000,0.000,0.733,0.067,0.000,0.000,0.000,0.000,0.000,0.000,0.000,0.000,Z15,0.733
C01150,C01150,26.7202,38.6288,60,1.000,28.5,0.000,0.000,0.000,0.000,0.417,0.000,0.000,0.550,0.033,0.000,0.000,0.000,0.000,0.000,0.000,0.000,0.000,Z15,0.550
C01151,C01151,26.7317,38.6288,60,1.000,21.0,0.000,0.000,0.000,0.000,0.517,0.000,0.000,0.483,0.000,0.000,0.000,0.000,0.000,0.000,0.000,0.000,0.000,Z13,0.517
C01152,C01152,26.7432,38.6288,60,1.000,15.0,0.000,0.000,0.000,0.000,0.917,0.000,0.000,0.083,0.000,0.000,0.000,0.000,0.000,0.000,0.000,0.000,0.000,Z13,0.917
C01153,C01153,26.7547,38.6288,60,1.000,15.0,0.000,0.000,0.000,0.000,0.617,0.000,0.000,0.017,0.133,0.000,0.233,0.000,0.000,0.000,0.000,0.000,0.000,Z13,0.617
C01154,C01154,26.7662,38.6288,60,1.000,3.0,0.000,0.000,0.000,0.000,0.117,0.000,0.000,0.000,0.033,0.000,0.850,0.000,0.000,0.000,0.000,0.000,0.000,Z07,0.850
C01155,C01155,26.3058,38.6378,60,0.983,24.0,0.000,0.000,0.000,0.000,0.000,0.000,0.000,0.000,0.000,0.000,0.000,0.100,0.000,0.000,0.000,0.000,0.900,Z12,0.900
C01156,C01156,26.3173,38.6378,60,0.917,24.0,0.000,0.000,0.000,0.000,0.000,0.000,0.000,0.000,0.000,0.000,0.000,0.100,0.000,0.000,0.000,0.000,0.900,Z12,0.900
C01157,C01157,26.3288,38.6378,60,1.000,21.0,0.000,0.000,0.000,0.000,0.000,0.000,0.000,0.000,0.000,0.000,0.000,0.150,0.000,0.000,0.000,0.000,0.850,Z12,0.850
C01158,C01158,26.3403,38.6378,60,0.983,21.0,0.000,0.000,0.000,0.000,0.000,0.000,0.000,0.000,0.000,0.000,0.000,0.333,0.000,0.000,0.000,0.000,0.667,Z12,0.667
C01159,C01159,26.3518,38.6378,60,1.000,25.5,0.000,0.000,0.000,0.000,0.000,0.000,0.000,0.000,0.000,0.133,0.000,0.533,0.000,0.000,0.000,0.000,0.333,Z08,0.533
C01160,C01160,26.5245,38.6378,60,1.000,3.0,0.000,0.000,0.000,0.000,0.000,0.000,0.000,0.000,1.000,0.000,0.000,0.000,0.000,0.000,0.000,0.000,0.000,Z06,1.000
C01161,C01161,26.5360,38.6378,60,1.000,3.0,0.000,0.000,0.000,0.000,0.000,0.000,0.000,0.000,1.000,0.000,0.000,0.000,0.000,0.000,0.000,0.000,0.000,Z06,1.000
C01162,C01162,26.5475,38.6378,60,1.000,3.0,0.000,0.000,0.000,0.000,0.000,0.000,0.000,0.000,1.000,0.000,0.000,0.000,0.000,0.000,0.000,0.000,0.000,Z06,1.000
C01163,C01163,26.5590,38.6378,60,1.000,6.0,0.000,0.000,0.000,0.000,0.000,0.000,0.000,0.000,1.000,0.000,0.000,0.000,0.000,0.000,0.000,0.000,0.000,Z06,1.000
C01164,C01164,26.5705,38.6378,60,1.000,6.0,0.000,0.000,0.000,0.000,0.000,0.000,0.000,0.000,1.000,0.000,0.000,0.000,0.000,0.000,0.000,0.000,0.000,Z06,1.000
C01165,C01165,26.5820,38.6378,60,1.000,9.0,0.000,0.000,0.000,0.000,0.000,0.000,0.000,0.000,1.000,0.000,0.000,0.000,0.000,0.000,0.000,0.000,0.000,Z06,1.000
C01166,C01166,26.5935,38.6378,60,1.000,9.0,0.000,0.000,0.000,0.000,0.000,0.000,0.000,0.000,1.000,0.000,0.000,0.000,0.000,0.000,0.000,0.000,0.000,Z06,1.000
C01167,C01167,26.6051,38.6378,60,1.000,9.0,0.000,0.000,0.000,0.000,0.000,0.000,0.000,0.000,1.000,0.000,0.000,0.000,0.000,0.000,0.000,0.000,0.000,Z06,1.000
C01168,C01168,26.6166,38.6378,60,1.000,12.0,0.000,0.000,0.000,0.000,0.000,0.000,0.000,0.000,1.000,0.000,0.000,0.000,0.000,0.000,0.000,0.000,0.000,Z06,1.000
C01169,C01169,26.6281,38.6378,60,1.000,12.0,0.000,0.000,0.000,0.000,0.000,0.000,0.000,0.000,1.000,0.000,0.000,0.000,0.000,0.000,0.000,0.000,0.000,Z06,1.000
C01170,C01170,26.6396,38.6378,60,1.000,15.0,0.000,0.000,0.000,0.000,0.000,0.000,0.000,0.000,1.000,0.000,0.000,0.000,0.000,0.000,0.000,0.000,0.000,Z06,1.000
C01171,C01171,26.6511,38.6378,60,1.000,15.0,0.000,0.000,0.000,0.000,0.000,0.000,0.000,0.000,1.000,0.000,0.000,0.000,0.000,0.000,0.000,0.000,0.000,Z06,1.000
C01172,C01172,26.6626,38.6378,60,1.000,18.0,0.000,0.000,0.000,0.000,0.000,0.000,0.000,0.067,0.933,0.000,0.000,0.000,0.000,0.000,0.000,0.000,0.000,Z06,0.933
C01173,C01173,26.6741,38.6378,60,1.000,21.0,0.000,0.000,0.000,0.000,0.000,0.000,0.000,0.250,0.750,0.000,0.000,0.000,0.000,0.000,0.000,0.000,0.000,Z06,0.750
C01174,C01174,26.6856,38.6378,60,1.000,24.0,0.000,0.000,0.000,0.000,0.000,0.000,0.000,0.333,0.667,0.000,0.000,0.000,0.000,0.000,0.000,0.000,0.000,Z06,0.667
C01175,C01175,26.6971,38.6378,60,1.000,27.0,0.000,0.000,0.000,0.000,0.100,0.000,0.000,0.533,0.367,0.000,0.000,0.000,0.000,0.000,0.000,0.000,0.000,Z15,0.533
C01176,C01176,26.7087,38.6378,60,1.000,30.0,0.000,0.000,0.000,0.000,0.167,0.000,0.000,0.717,0.117,0.000,0.000,0.000,0.000,0.000,0.000,0.000,0.000,Z15,0.717
C01177,C01177,26.7202,38.6378,60,1.000,30.0,0.000,0.000,0.000,0.000,0.350,0.000,0.000,0.600,0.050,0.000,0.000,0.000,0.000,0.000,0.000,0.000,0.000,Z15,0.600
C01178,C01178,26.7317,38.6378,60,1.000,21.0,0.000,0.000,0.000,0.000,0.517,0.000,0.000,0.483,0.000,0.000,0.000,0.000,0.000,0.000,0.000,0.000,0.000,Z13,0.517
C01179,C01179,26.7432,38.6378,60,1.000,15.0,0.000,0.000,0.000,0.000,0.867,0.000,0.000,0.050,0.083,0.000,0.000,0.000,0.000,0.000,0.000,0.000,0.000,Z13,0.867
C01180,C01180,26.7547,38.6378,60,1.000,7.5,0.000,0.000,0.000,0.000,0.433,0.000,0.000,0.033,0.033,0.000,0.500,0.000,0.000,0.000,0.000,0.000,0.000,Z07,0.500
C01181,C01181,26.3058,38.6468,60,0.933,24.0,0.000,0.000,0.000,0.000,0.000,0.000,0.000,0.000,0.000,0.000,0.000,0.033,0.000,0.000,0.000,0.000,0.967,Z12,0.967
C01182,C01182,26.3173,38.6468,60,0.983,24.0,0.000,0.000,0.000,0.000,0.000,0.000,0.000,0.000,0.000,0.000,0.000,0.133,0.000,0.000,0.000,0.000,0.867,Z12,0.867
C01183,C01183,26.3288,38.6468,60,0.983,24.0,0.000,0.000,0.000,0.000,0.000,0.000,0.000,0.000,0.000,0.000,0.000,0.200,0.000,0.000,0.000,0.000,0.800,Z12,0.800
C01184,C01184,26.3403,38.6468,60,0.983,21.0,0.000,0.000,0.000,0.000,0.000,0.000,0.000,0.000,0.000,0.017,0.000,0.267,0.000,0.000,0.000,0.000,0.717,Z12,0.717
C01185,C01185,26.3518,38.6468,60,1.000,21.0,0.000,0.000,0.000,0.000,0.000,0.000,0.000,0.000,0.000,0.183,0.000,0.433,0.000,0.000,0.000,0.000,0.383,Z08,0.433
C01186,C01186,26.5245,38.6468,60,1.000,3.0,0.000,0.000,0.000,0.000,0.000,0.000,0.000,0.000,1.000,0.000,0.000,0.000,0.000,0.000,0.000,0.000,0.000,Z06,1.000
C01187,C01187,26.5360,38.6468,60,1.000,3.0,0.000,0.000,0.000,0.000,0.000,0.000,0.000,0.000,1.000,0.000,0.000,0.000,0.000,0.000,0.000,0.000,0.000,Z06,1.000
C01188,C01188,26.5475,38.6468,60,1.000,6.0,0.000,0.000,0.000,0.000,0.000,0.000,0.000,0.000,1.000,0.000,0.000,0.000,0.000,0.000,0.000,0.000,0.000,Z06,1.000
C01189,C01189,26.5590,38.6468,60,1.000,6.0,0.000,0.000,0.000,0.000,0.000,0.000,0.000,0.000,1.000,0.000,0.000,0.000,0.000,0.000,0.000,0.000,0.000,Z06,1.000
C01190,C01190,26.5705,38.6468,60,1.000,6.0,0.000,0.000,0.000,0.000,0.000,0.000,0.000,0.000,1.000,0.000,0.000,0.000,0.000,0.000,0.000,0.000,0.000,Z06,1.000
C01191,C01191,26.5820,38.6468,60,1.000,9.0,0.000,0.000,0.000,0.000,0.000,0.000,0.000,0.000,1.000,0.000,0.000,0.000,0.000,0.000,0.000,0.000,0.000,Z06,1.000
C01192,C01192,26.5935,38.6468,60,1.000,9.0,0.000,0.000,0.000,0.000,0.000,0.000,0.000,0.000,1.000,0.000,0.000,0.000,0.000,0.000,0.000,0.000,0.000,Z06,1.000
C01193,C01193,26.6051,38.6468,60,1.000,9.0,0.000,0.000,0.000,0.000,0.000,0.000,0.000,0.000,1.000,0.000,0.000,0.000,0.000,0.000,0.000,0.000,0.000,Z06,1.000
C01194,C01194,26.6166,38.6468,60,1.000,12.0,0.000,0.000,0.000,0.000,0.000,0.000,0.000,0.000,1.000,0.000,0.000,0.000,0.000,0.000,0.000,0.000,0.000,Z06,1.000
C01195,C01195,26.6281,38.6468,60,1.000,15.0,0.000,0.000,0.000,0.000,0.000,0.000,0.000,0.000,1.000,0.000,0.000,0.000,0.000,0.000,0.000,0.000,0.000,Z06,1.000
C01196,C01196,26.6396,38.6468,60,1.000,15.0,0.000,0.000,0.000,0.000,0.000,0.000,0.000,0.000,1.000,0.000,0.000,0.000,0.000,0.000,0.000,0.000,0.000,Z06,1.000
C01197,C01197,26.6511,38.6468,60,1.000,18.0,0.000,0.000,0.000,0.000,0.000,0.000,0.000,0.000,1.000,0.000,0.000,0.000,0.000,0.000,0.000,0.000,0.000,Z06,1.000
C01198,C01198,26.6626,38.6468,60,1.000,18.0,0.000,0.000,0.000,0.000,0.000,0.000,0.000,0.033,0.967,0.000,0.000,0.000,0.000,0.000,0.000,0.000,0.000,Z06,0.967
C01199,C01199,26.6741,38.6468,60,1.000,18.0,0.000,0.000,0.000,0.000,0.000,0.000,0.000,0.083,0.917,0.000,0.000,0.000,0.000,0.000,0.000,0.000,0.000,Z06,0.917
C01200,C01200,26.6856,38.6468,60,1.000,21.0,0.000,0.000,0.000,0.000,0.000,0.000,0.000,0.233,0.767,0.000,0.000,0.000,0.000,0.000,0.000,0.000,0.000,Z06,0.767
C01201,C01201,26.6971,38.6468,60,1.000,31.5,0.000,0.000,0.000,0.000,0.000,0.000,0.000,0.533,0.467,0.000,0.000,0.000,0.000,0.000,0.000,0.000,0.000,Z15,0.533
C01202,C01202,26.7087,38.6468,60,1.000,30.0,0.000,0.000,0.000,0.000,0.100,0.000,0.000,0.567,0.333,0.000,0.000,0.000,0.000,0.000,0.000,0.000,0.000,Z15,0.567
C01203,C01203,26.7202,38.6468,60,1.000,30.0,0.000,0.000,0.000,0.000,0.267,0.000,0.000,0.550,0.183,0.000,0.000,0.000,0.000,0.000,0.000,0.000,0.000,Z15,0.550
C01204,C01204,26.7317,38.6468,60,1.000,21.0,0.000,0.000,0.000,0.000,0.483,0.000,0.000,0.450,0.067,0.000,0.000,0.000,0.000,0.000,0.000,0.000,0.000,Z13,0.483
C01205,C01205,26.3058,38.6559,60,1.000,24.0,0.000,0.000,0.000,0.000,0.000,0.000,0.000,0.000,0.000,0.000,0.000,0.033,0.000,0.000,0.000,0.000,0.967,Z12,0.967
C01206,C01206,26.3173,38.6559,60,0.933,27.0,0.000,0.000,0.000,0.000,0.000,0.000,0.000,0.000,0.000,0.000,0.000,0.050,0.000,0.000,0.000,0.000,0.950,Z12,0.950
C01207,C01207,26.3288,38.6559,60,1.000,24.0,0.000,0.000,0.000,0.000,0.000,0.000,0.000,0.000,0.000,0.000,0.000,0.183,0.000,0.000,0.000,0.000,0.817,Z12,0.817
C01208,C01208,26.3403,38.6559,60,0.983,24.0,0.000,0.000,0.000,0.000,0.000,0.000,0.000,0.000,0.000,0.017,0.000,0.217,0.000,0.000,0.000,0.000,0.767,Z12,0.767
C01209,C01209,26.3518,38.6559,60,1.000,21.0,0.000,0.000,0.000,0.000,0.000,0.000,0.000,0.000,0.000,0.150,0.000,0.367,0.000,0.000,0.000,0.000,0.483,Z12,0.483
C01210,C01210,26.3633,38.6559,60,1.000,21.0,0.000,0.000,0.000,0.000,0.000,0.000,0.000,0.000,0.000,0.367,0.000,0.283,0.000,0.000,0.000,0.000,0.350,Z16,0.367
C01211,C01211,26.5015,38.6559,60,1.000,3.0,0.000,0.000,0.000,0.000,0.000,0.000,0.000,0.000,1.000,0.000,0.000,0.000,0.000,0.000,0.000,0.000,0.000,Z06,1.000
C01212,C01212,26.5130,38.6559,60,1.000,3.0,0.000,0.000,0.000,0.000,0.000,0.000,0.000,0.000,1.000,0.000,0.000,0.000,0.000,0.000,0.000,0.000,0.000,Z06,1.000
C01213,C01213,26.5245,38.6559,60,1.000,3.0,0.000,0.000,0.000,0.000,0.000,0.000,0.000,0.000,1.000,0.000,0.000,0.000,0.000,0.000,0.000,0.000,0.000,Z06,1.000
C01214,C01214,26.5360,38.6559,60,1.000,3.0,0.000,0.000,0.000,0.000,0.000,0.000,0.000,0.000,1.000,0.000,0.000,0.000,0.000,0.000,0.000,0.000,0.000,Z06,1.000
C01215,C01215,26.5475,38.6559,60,1.000,6.0,0.000,0.000,0.000,0.000,0.000,0.000,0.000,0.000,1.000,0.000,0.000,0.000,0.000,0.000,0.000,0.000,0.000,Z06,1.000
C01216,C01216,26.5590,38.6559,60,1.000,6.0,0.000,0.000,0.000,0.000,0.000,0.000,0.000,0.000,1.000,0.000,0.000,0.000,0.000,0.000,0.000,0.000,0.000,Z06,1.000
C01217,C01217,26.5705,38.6559,60,1.000,9.0,0.000,0.000,0.000,0.000,0.000,0.000,0.000,0.000,1.000,0.000,0.000,0.000,0.000,0.000,0.000,0.000,0.000,Z06,1.000
C01218,C01218,26.5820,38.6559,60,1.000,9.0,0.000,0.000,0.000,0.000,0.000,0.000,0.000,0.000,1.000,0.000,0.000,0.000,0.000,0.000,0.000,0.000,0.000,Z06,1.000
C01219,C01219,26.5935,38.6559,60,1.000,9.0,0.000,0.000,0.000,0.000,0.000,0.000,0.000,0.000,1.000,0.000,0.000,0.000,0.000,0.000,0.000,0.000,0.000,Z06,1.000
C01220,C01220,26.6051,38.6559,60,1.000,12.0,0.000,0.000,0.000,0.000,0.000,0.000,0.000,0.000,1.000,0.000,0.000,0.000,0.000,0.000,0.000,0.000,0.000,Z06,1.000
C01221,C01221,26.6166,38.6559,60,1.000,12.0,0.000,0.000,0.000,0.000,0.000,0.000,0.000,0.000,1.000,0.000,0.000,0.000,0.000,0.000,0.000,0.000,0.000,Z06,1.000
C01222,C01222,26.6281,38.6559,60,1.000,15.0,0.000,0.000,0.000,0.000,0.000,0.000,0.000,0.000,1.000,0.000,0.000,0.000,0.000,0.000,0.000,0.000,0.000,Z06,1.000
C01223,C01223,26.6396,38.6559,60,1.000,15.0,0.000,0.000,0.000,0.000,0.000,0.000,0.000,0.000,1.000,0.000,0.000,0.000,0.000,0.000,0.000,0.000,0.000,Z06,1.000
C01224,C01224,26.6511,38.6559,60,1.000,18.0,0.000,0.000,0.000,0.000,0.000,0.000,0.000,0.000,1.000,0.000,0.000,0.000,0.000,0.000,0.000,0.000,0.000,Z06,1.000
C01225,C01225,26.6626,38.6559,60,1.000,18.0,0.000,0.000,0.000,0.000,0.000,0.000,0.000,0.000,1.000,0.000,0.000,0.000,0.000,0.000,0.000,0.000,0.000,Z06,1.000
C01226,C01226,26.6741,38.6559,60,1.000,21.0,0.000,0.000,0.000,0.000,0.000,0.000,0.000,0.033,0.967,0.000,0.000,0.000,0.000,0.000,0.000,0.000,0.000,Z06,0.967
C01227,C01227,26.6856,38.6559,60,1.000,21.0,0.000,0.000,0.000,0.000,0.000,0.000,0.000,0.067,0.933,0.000,0.000,0.000,0.000,0.000,0.000,0.000,0.000,Z06,0.933
C01228,C01228,26.6971,38.6559,60,1.000,24.0,0.000,0.000,0.000,0.000,0.017,0.000,0.000,0.233,0.750,0.000,0.000,0.000,0.000,0.000,0.000,0.000,0.000,Z06,0.750
C01229,C01229,26.7087,38.6559,60,1.000,36.0,0.000,0.000,0.000,0.000,0.100,0.000,0.000,0.567,0.333,0.000,0.000,0.000,0.000,0.000,0.000,0.000,0.000,Z15,0.567
C01230,C01230,26.7202,38.6559,60,1.000,30.0,0.000,0.000,0.000,0.000,0.183,0.000,0.000,0.533,0.283,0.000,0.000,0.000,0.000,0.000,0.000,0.000,0.000,Z15,0.533
C01231,C01231,26.7317,38.6559,60,1.000,3.0,0.000,0.000,0.000,0.000,0.033,0.000,0.000,0.183,0.783,0.000,0.000,0.000,0.000,0.000,0.000,0.000,0.000,Z06,0.783
C01232,C01232,26.3058,38.6649,60,1.000,27.0,0.000,0.000,0.000,0.000,0.000,0.000,0.000,0.000,0.000,0.000,0.000,0.017,0.000,0.000,0.000,0.000,0.983,Z12,0.983
C01233,C01233,26.3173,38.6649,60,0.967,27.0,0.000,0.000,0.000,0.000,0.000,0.000,0.000,0.000,0.000,0.000,0.000,0.083,0.000,0.000,0.000,0.000,0.917,Z12,0.917
C01234,C01234,26.3288,38.6649,60,0.983,27.0,0.000,0.000,0.000,0.000,0.000,0.000,0.000,0.000,0.000,0.000,0.000,0.133,0.000,0.000,0.000,0.000,0.867,Z12,0.867
C01235,C01235,26.3403,38.6649,60,0.983,27.0,0.000,0.000,0.000,0.000,0.000,0.000,0.000,0.000,0.000,0.000,0.000,0.217,0.000,0.000,0.000,0.000,0.783,Z12,0.783
C01236,C01236,26.3518,38.6649,60,1.000,24.0,0.000,0.000,0.000,0.000,0.000,0.000,0.000,0.000,0.000,0.133,0.000,0.217,0.000,0.000,0.000,0.000,0.650,Z12,0.650
C01237,C01237,26.3633,38.6649,60,1.000,12.0,0.000,0.000,0.000,0.000,0.000,0.000,0.000,0.000,0.000,0.450,0.000,0.167,0.000,0.000,0.000,0.000,0.383,Z16,0.450
C01238,C01238,26.3748,38.6649,60,1.000,3.0,0.000,0.000,0.000,0.000,0.000,0.000,0.000,0.000,0.000,0.833,0.000,0.033,0.000,0.000,0.000,0.000,0.133,Z16,0.833
C01239,C01239,26.3863,38.6649,60,1.000,3.0,0.000,0.000,0.000,0.000,0.000,0.000,0.000,0.000,0.000,1.000,0.000,0.000,0.000,0.000,0.000,0.000,0.000,Z16,1.000
C01240,C01240,26.3978,38.6649,60,1.000,3.0,0.000,0.000,0.000,0.000,0.000,0.000,0.000,0.000,0.000,1.000,0.000,0.000,0.000,0.000,0.000,0.000,0.000,Z16,1.000
C01241,C01241,26.4439,38.6649,60,1.000,3.0,0.000,0.000,0.000,0.000,0.000,0.000,0.000,0.000,1.000,0.000,0.000,0.000,0.000,0.000,0.000,0.000,0.000,Z06,1.000
C01242,C01242,26.4899,38.6649,60,1.000,3.0,0.000,0.000,0.000,0.000,0.000,0.000,0.000,0.000,1.000,0.000,0.000,0.000,0.000,0.000,0.000,0.000,0.000,Z06,1.000
C01243,C01243,26.5015,38.6649,60,1.000,3.0,0.000,0.000,0.000,0.000,0.000,0.000,0.000,0.000,1.000,0.000,0.000,0.000,0.000,0.000,0.000,0.000,0.000,Z06,1.000
C01244,C01244,26.5130,38.6649,60,1.000,3.0,0.000,0.000,0.000,0.000,0.000,0.000,0.000,0.000,1.000,0.000,0.000,0.000,0.000,0.000,0.000,0.000,0.000,Z06,1.000
C01245,C01245,26.5245,38.6649,60,1.000,3.0,0.000,0.000,0.000,0.000,0.000,0.000,0.000,0.000,1.000,0.000,0.000,0.000,0.000,0.000,0.000,0.000,0.000,Z06,1.000
C01246,C01246,26.5360,38.6649,60,1.000,3.0,0.000,0.000,0.000,0.000,0.000,0.000,0.000,0.000,1.000,0.000,0.000,0.000,0.000,0.000,0.000,0.000,0.000,Z06,1.000
C01247,C01247,26.5475,38.6649,60,1.000,6.0,0.000,0.000,0.000,0.000,0.000,0.000,0.000,0.000,1.000,0.000,0.000,0.000,0.000,0.000,0.000,0.000,0.000,Z06,1.000
C01248,C01248,26.5590,38.6649,60,1.000,7.5,0.000,0.000,0.000,0.000,0.000,0.000,0.000,0.000,1.000,0.000,0.000,0.000,0.000,0.000,0.000,0.000,0.000,Z06,1.000
C01249,C01249,26.5705,38.6649,60,1.000,9.0,0.000,0.000,0.000,0.000,0.000,0.000,0.000,0.000,1.000,0.000,0.000,0.000,0.000,0.000,0.000,0.000,0.000,Z06,1.000
C01250,C01250,26.5820,38.6649,60,1.000,9.0,0.000,0.000,0.000,0.000,0.000,0.000,0.000,0.000,1.000,0.000,0.000,0.000,0.000,0.000,0.000,0.000,0.000,Z06,1.000
C01251,C01251,26.5935,38.6649,60,1.000,12.0,0.000,0.000,0.000,0.000,0.000,0.000,0.000,0.000,1.000,0.000,0.000,0.000,0.000,0.000,0.000,0.000,0.000,Z06,1.000
C01252,C01252,26.6051,38.6649,60,1.000,12.0,0.000,0.000,0.000,0.000,0.000,0.000,0.000,0.000,1.000,0.000,0.000,0.000,0.000,0.000,0.000,0.000,0.000,Z06,1.000
C01253,C01253,26.6166,38.6649,60,1.000,12.0,0.000,0.000,0.000,0.000,0.000,0.000,0.000,0.000,1.000,0.000,0.000,0.000,0.000,0.000,0.000,0.000,0.000,Z06,1.000
C01254,C01254,26.6281,38.6649,60,1.000,15.0,0.000,0.000,0.000,0.000,0.000,0.000,0.000,0.000,1.000,0.000,0.000,0.000,0.000,0.000,0.000,0.000,0.000,Z06,1.000
C01255,C01255,26.6396,38.6649,60,1.000,15.0,0.000,0.000,0.000,0.000,0.000,0.000,0.000,0.000,1.000,0.000,0.000,0.000,0.000,0.000,0.000,0.000,0.000,Z06,1.000
C01256,C01256,26.6511,38.6649,60,1.000,18.0,0.000,0.000,0.000,0.000,0.000,0.000,0.000,0.000,1.000,0.000,0.000,0.000,0.000,0.000,0.000,0.000,0.000,Z06,1.000
C01257,C01257,26.6626,38.6649,60,1.000,18.0,0.000,0.000,0.000,0.000,0.000,0.000,0.000,0.000,1.000,0.000,0.000,0.000,0.000,0.000,0.000,0.000,0.000,Z06,1.000
C01258,C01258,26.6741,38.6649,60,1.000,18.0,0.000,0.000,0.000,0.000,0.000,0.000,0.000,0.017,0.983,0.000,0.000,0.000,0.000,0.000,0.000,0.000,0.000,Z06,0.983
C01259,C01259,26.6856,38.6649,60,1.000,21.0,0.000,0.000,0.000,0.000,0.000,0.000,0.000,0.000,1.000,0.000,0.000,0.000,0.000,0.000,0.000,0.000,0.000,Z06,1.000
C01260,C01260,26.6971,38.6649,60,1.000,24.0,0.000,0.000,0.000,0.000,0.017,0.000,0.000,0.067,0.917,0.000,0.000,0.000,0.000,0.000,0.000,0.000,0.000,Z06,0.917
C01261,C01261,26.7087,38.6649,60,1.000,27.0,0.000,0.000,0.000,0.000,0.033,0.000,0.000,0.300,0.667,0.000,0.000,0.000,0.000,0.000,0.000,0.000,0.000,Z06,0.667
C01262,C01262,26.7202,38.6649,60,1.000,30.0,0.000,0.000,0.000,0.000,0.083,0.000,0.000,0.533,0.383,0.000,0.000,0.000,0.000,0.000,0.000,0.000,0.000,Z15,0.533
C01263,C01263,26.7317,38.6649,60,1.000,3.0,0.000,0.000,0.000,0.000,0.017,0.000,0.000,0.150,0.833,0.000,0.000,0.000,0.000,0.000,0.000,0.000,0.000,Z06,0.833
C01264,C01264,26.7432,38.6649,60,1.000,3.0,0.000,0.000,0.000,0.000,0.000,0.000,0.000,0.017,0.983,0.000,0.000,0.000,0.000,0.000,0.000,0.000,0.000,Z06,0.983
C01265,C01265,26.7547,38.6649,60,1.000,3.0,0.000,0.000,0.000,0.000,0.017,0.000,0.000,0.050,0.817,0.000,0.117,0.000,0.000,0.000,0.000,0.000,0.000,Z06,0.817
C01266,C01266,26.3058,38.6739,60,1.000,30.0,0.000,0.000,0.000,0.000,0.000,0.000,0.000,0.000,0.000,0.000,0.000,0.033,0.000,0.000,0.000,0.000,0.967,Z12,0.967
C01267,C01267,26.3173,38.6739,60,0.950,30.0,0.000,0.000,0.000,0.000,0.000,0.000,0.000,0.000,0.000,0.000,0.000,0.050,0.000,0.000,0.000,0.000,0.950,Z12,0.950
C01268,C01268,26.3288,38.6739,60,0.983,30.0,0.000,0.000,0.000,0.000,0.000,0.000,0.000,0.000,0.000,0.000,0.000,0.100,0.000,0.000,0.000,0.000,0.900,Z12,0.900
C01269,C01269,26.3403,38.6739,60,1.000,30.0,0.000,0.000,0.000,0.000,0.000,0.000,0.000,0.000,0.000,0.000,0.000,0.250,0.000,0.000,0.000,0.000,0.750,Z12,0.750
C01270,C01270,26.3518,38.6739,60,0.983,24.0,0.000,0.000,0.000,0.000,0.000,0.000,0.000,0.000,0.000,0.150,0.000,0.117,0.000,0.000,0.000,0.000,0.733,Z12,0.733
C01271,C01271,26.3633,38.6739,60,1.000,16.5,0.000,0.000,0.000,0.000,0.000,0.000,0.000,0.000,0.000,0.317,0.000,0.050,0.000,0.000,0.000,0.000,0.633,Z12,0.633
C01272,C01272,26.3748,38.6739,60,1.000,12.0,0.000,0.000,0.000,0.000,0.000,0.000,0.000,0.000,0.000,0.433,0.000,0.100,0.000,0.000,0.000,0.000,0.467,Z12,0.467
C01273,C01273,26.3863,38.6739,60,1.000,3.0,0.000,0.000,0.000,0.000,0.000,0.000,0.000,0.000,0.000,0.800,0.000,0.033,0.000,0.000,0.000,0.000,0.167,Z16,0.800
C01274,C01274,26.3978,38.6739,60,1.000,3.0,0.000,0.000,0.000,0.000,0.000,0.000,0.000,0.000,0.000,0.983,0.000,0.000,0.000,0.000,0.000,0.000,0.017,Z16,0.983
C01275,C01275,26.4094,38.6739,60,1.000,3.0,0.000,0.000,0.000,0.000,0.000,0.000,0.000,0.000,0.000,1.000,0.000,0.000,0.000,0.000,0.000,0.000,0.000,Z16,1.000
C01276,C01276,26.4324,38.6739,60,1.000,3.0,0.000,0.000,0.000,0.000,0.000,0.000,0.000,0.000,1.000,0.000,0.000,0.000,0.000,0.000,0.000,0.000,0.000,Z06,1.000
C01277,C01277,26.4439,38.6739,60,1.000,3.0,0.000,0.000,0.000,0.000,0.000,0.000,0.000,0.000,1.000,0.000,0.000,0.000,0.000,0.000,0.000,0.000,0.000,Z06,1.000
C01278,C01278,26.4554,38.6739,60,1.000,3.0,0.000,0.000,0.000,0.000,0.000,0.000,0.000,0.000,1.000,0.000,0.000,0.000,0.000,0.000,0.000,0.000,0.000,Z06,1.000
C01279,C01279,26.4669,38.6739,60,1.000,3.0,0.000,0.000,0.000,0.000,0.000,0.000,0.000,0.000,1.000,0.000,0.000,0.000,0.000,0.000,0.000,0.000,0.000,Z06,1.000
C01280,C01280,26.4784,38.6739,60,1.000,3.0,0.000,0.000,0.000,0.000,0.000,0.000,0.000,0.000,1.000,0.000,0.000,0.000,0.000,0.000,0.000,0.000,0.000,Z06,1.000
C01281,C01281,26.4899,38.6739,60,1.000,3.0,0.000,0.000,0.000,0.000,0.000,0.000,0.000,0.000,1.000,0.000,0.000,0.000,0.000,0.000,0.000,0.000,0.000,Z06,1.000
C01282,C01282,26.5015,38.6739,60,1.000,3.0,0.000,0.000,0.000,0.000,0.000,0.000,0.000,0.000,1.000,0.000,0.000,0.000,0.000,0.000,0.000,0.000,0.000,Z06,1.000
C01283,C01283,26.5130,38.6739,60,1.000,3.0,0.000,0.000,0.000,0.000,0.000,0.000,0.000,0.000,1.000,0.000,0.000,0.000,0.000,0.000,0.000,0.000,0.000,Z06,1.000
C01284,C01284,26.5245,38.6739,60,1.000,6.0,0.000,0.000,0.000,0.000,0.000,0.000,0.000,0.000,1.000,0.000,0.000,0.000,0.000,0.000,0.000,0.000,0.000,Z06,1.000
C01285,C01285,26.5360,38.6739,60,1.000,6.0,0.000,0.000,0.000,0.000,0.000,0.000,0.000,0.000,1.000,0.000,0.000,0.000,0.000,0.000,0.000,0.000,0.000,Z06,1.000
C01286,C01286,26.5475,38.6739,60,1.000,6.0,0.000,0.000,0.000,0.000,0.000,0.000,0.000,0.000,1.000,0.000,0.000,0.000,0.000,0.000,0.000,0.000,0.000,Z06,1.000
C01287,C01287,26.5590,38.6739,60,1.000,6.0,0.000,0.000,0.000,0.000,0.000,0.000,0.000,0.000,1.000,0.000,0.000,0.000,0.000,0.000,0.000,0.000,0.000,Z06,1.000
C01288,C01288,26.5705,38.6739,60,1.000,9.0,0.000,0.000,0.000,0.000,0.000,0.000,0.000,0.000,1.000,0.000,0.000,0.000,0.000,0.000,0.000,0.000,0.000,Z06,1.000
C01289,C01289,26.5820,38.6739,60,1.000,9.0,0.000,0.000,0.000,0.000,0.000,0.000,0.000,0.000,1.000,0.000,0.000,0.000,0.000,0.000,0.000,0.000,0.000,Z06,1.000
C01290,C01290,26.5935,38.6739,60,1.000,10.5,0.000,0.000,0.000,0.000,0.000,0.000,0.000,0.000,1.000,0.000,0.000,0.000,0.000,0.000,0.000,0.000,0.000,Z06,1.000
C01291,C01291,26.6051,38.6739,60,1.000,12.0,0.000,0.000,0.000,0.000,0.000,0.000,0.000,0.000,1.000,0.000,0.000,0.000,0.000,0.000,0.000,0.000,0.000,Z06,1.000
C01292,C01292,26.6166,38.6739,60,1.000,12.0,0.000,0.000,0.000,0.000,0.000,0.000,0.000,0.000,1.000,0.000,0.000,0.000,0.000,0.000,0.000,0.000,0.000,Z06,1.000
C01293,C01293,26.6281,38.6739,60,1.000,15.0,0.000,0.000,0.000,0.000,0.000,0.000,0.000,0.000,1.000,0.000,0.000,0.000,0.000,0.000,0.000,0.000,0.000,Z06,1.000
C01294,C01294,26.6396,38.6739,60,1.000,18.0,0.000,0.000,0.000,0.000,0.000,0.000,0.000,0.000,1.000,0.000,0.000,0.000,0.000,0.000,0.000,0.000,0.000,Z06,1.000
C01295,C01295,26.6511,38.6739,60,1.000,18.0,0.000,0.000,0.000,0.000,0.000,0.000,0.000,0.000,1.000,0.000,0.000,0.000,0.000,0.000,0.000,0.000,0.000,Z06,1.000
C01296,C01296,26.6626,38.6739,60,1.000,18.0,0.000,0.000,0.000,0.000,0.000,0.000,0.000,0.000,1.000,0.000,0.000,0.000,0.000,0.000,0.000,0.000,0.000,Z06,1.000
C01297,C01297,26.6741,38.6739,60,1.000,21.0,0.000,0.000,0.000,0.000,0.000,0.000,0.000,0.000,1.000,0.000,0.000,0.000,0.000,0.000,0.000,0.000,0.000,Z06,1.000
C01298,C01298,26.6856,38.6739,60,1.000,21.0,0.000,0.000,0.000,0.000,0.017,0.000,0.000,0.067,0.917,0.000,0.000,0.000,0.000,0.000,0.000,0.000,0.000,Z06,0.917
C01299,C01299,26.6971,38.6739,60,1.000,24.0,0.000,0.000,0.000,0.000,0.000,0.000,0.000,0.083,0.917,0.000,0.000,0.000,0.000,0.000,0.000,0.000,0.000,Z06,0.917
C01300,C01300,26.7087,38.6739,60,1.000,27.0,0.000,0.000,0.000,0.000,0.050,0.000,0.000,0.250,0.700,0.000,0.000,0.000,0.000,0.000,0.000,0.000,0.000,Z06,0.700
C01301,C01301,26.7202,38.6739,60,1.000,24.0,0.000,0.000,0.000,0.000,0.100,0.000,0.000,0.333,0.567,0.000,0.000,0.000,0.000,0.000,0.000,0.000,0.000,Z06,0.567
C01302,C01302,26.7317,38.6739,60,1.000,3.0,0.000,0.000,0.000,0.000,0.033,0.000,0.000,0.150,0.817,0.000,0.000,0.000,0.000,0.000,0.000,0.000,0.000,Z06,0.817
C01303,C01303,26.7432,38.6739,60,1.000,3.0,0.000,0.000,0.000,0.000,0.050,0.000,0.000,0.000,0.900,0.000,0.050,0.000,0.000,0.000,0.000,0.000,0.000,Z06,0.900
C01304,C01304,26.3058,38.6829,60,1.000,33.0,0.000,0.000,0.000,0.000,0.000,0.000,0.000,0.000,0.000,0.000,0.000,0.000,0.000,0.000,0.000,0.000,1.000,Z12,1.000
C01305,C01305,26.3173,38.6829,60,0.983,30.0,0.000,0.000,0.000,0.000,0.000,0.000,0.000,0.000,0.000,0.000,0.000,0.050,0.000,0.000,0.000,0.000,0.950,Z12,0.950
C01306,C01306,26.3288,38.6829,60,0.967,30.0,0.000,0.000,0.000,0.000,0.000,0.000,0.000,0.000,0.000,0.000,0.000,0.083,0.000,0.000,0.000,0.000,0.917,Z12,0.917
C01307,C01307,26.3403,38.6829,60,0.967,30.0,0.000,0.000,0.000,0.000,0.000,0.000,0.000,0.000,0.000,0.000,0.000,0.217,0.000,0.000,0.000,0.000,0.783,Z12,0.783
C01308,C01308,26.3518,38.6829,60,1.000,30.0,0.000,0.000,0.000,0.000,0.000,0.000,0.000,0.000,0.000,0.050,0.000,0.217,0.000,0.000,0.000,0.000,0.733,Z12,0.733
C01309,C01309,26.3633,38.6829,60,1.000,21.0,0.000,0.000,0.000,0.000,0.000,0.000,0.000,0.000,0.000,0.300,0.000,0.033,0.000,0.000,0.000,0.000,0.667,Z12,0.667
C01310,C01310,26.3748,38.6829,60,1.000,18.0,0.000,0.000,0.000,0.000,0.000,0.000,0.000,0.000,0.000,0.333,0.000,0.083,0.000,0.000,0.000,0.000,0.583,Z12,0.583
C01311,C01311,26.3863,38.6829,60,1.000,15.0,0.000,0.000,0.000,0.000,0.000,0.000,0.000,0.000,0.000,0.467,0.000,0.183,0.000,0.000,0.000,0.000,0.350,Z16,0.467
C01312,C01312,26.3978,38.6829,60,1.000,3.0,0.000,0.000,0.000,0.000,0.000,0.000,0.000,0.000,0.000,0.783,0.000,0.067,0.000,0.000,0.000,0.000,0.150,Z16,0.783
C01313,C01313,26.4094,38.6829,60,1.000,3.0,0.000,0.000,0.000,0.000,0.000,0.000,0.000,0.000,0.000,0.900,0.000,0.033,0.000,0.000,0.000,0.000,0.067,Z16,0.900
C01314,C01314,26.4209,38.6829,60,1.000,3.0,0.000,0.000,0.000,0.000,0.000,0.000,0.000,0.000,0.183,0.817,0.000,0.000,0.000,0.000,0.000,0.000,0.000,Z16,0.817
C01315,C01315,26.4324,38.6829,60,1.000,3.0,0.000,0.000,0.000,0.000,0.000,0.000,0.000,0.000,0.850,0.150,0.000,0.000,0.000,0.000,0.000,0.000,0.000,Z06,0.850
C01316,C01316,26.4439,38.6829,60,1.000,3.0,0.000,0.000,0.000,0.000,0.000,0.000,0.000,0.000,0.967,0.033,0.000,0.000,0.000,0.000,0.000,0.000,0.000,Z06,0.967
C01317,C01317,26.4554,38.6829,60,1.000,3.0,0.000,0.000,0.000,0.000,0.000,0.000,0.000,0.000,1.000,0.000,0.000,0.000,0.000,0.000,0.000,0.000,0.000,Z06,1.000
C01318,C01318,26.4669,38.6829,60,1.000,3.0,0.000,0.000,0.000,0.000,0.000,0.000,0.000,0.000,1.000,0.000,0.000,0.000,0.000,0.000,0.000,0.000,0.000,Z06,1.000
C01319,C01319,26.4784,38.6829,60,1.000,3.0,0.000,0.000,0.000,0.000,0.000,0.000,0.000,0.000,1.000,0.000,0.000,0.000,0.000,0.000,0.000,0.000,0.000,Z06,1.000
C01320,C01320,26.4899,38.6829,60,1.000,3.0,0.000,0.000,0.000,0.000,0.000,0.000,0.000,0.000,1.000,0.000,0.000,0.000,0.000,0.000,0.000,0.000,0.000,Z06,1.000
C01321,C01321,26.5015,38.6829,60,1.000,6.0,0.000,0.000,0.000,0.000,0.000,0.000,0.000,0.000,1.000,0.000,0.000,0.000,0.000,0.000,0.000,0.000,0.000,Z06,1.000
C01322,C01322,26.5130,38.6829,60,1.000,6.0,0.000,0.000,0.000,0.000,0.000,0.000,0.000,0.000,1.000,0.000,0.000,0.000,0.000,0.000,0.000,0.000,0.000,Z06,1.000
C01323,C01323,26.5245,38.6829,60,1.000,6.0,0.000,0.000,0.000,0.000,0.000,0.000,0.000,0.000,1.000,0.000,0.000,0.000,0.000,0.000,0.000,0.000,0.000,Z06,1.000
C01324,C01324,26.5360,38.6829,60,1.000,6.0,0.000,0.000,0.000,0.000,0.000,0.000,0.000,0.000,1.000,0.000,0.000,0.000,0.000,0.000,0.000,0.000,0.000,Z06,1.000
C01325,C01325,26.5475,38.6829,60,1.000,6.0,0.000,0.000,0.000,0.000,0.000,0.000,0.000,0.000,1.000,0.000,0.000,0.000,0.000,0.000,0.000,0.000,0.000,Z06,1.000
C01326,C01326,26.5590,38.6829,60,1.000,9.0,0.000,0.000,0.000,0.000,0.000,0.000,0.000,0.000,1.000,0.000,0.000,0.000,0.000,0.000,0.000,0.000,0.000,Z06,1.000
C01327,C01327,26.5705,38.6829,60,1.000,9.0,0.000,0.000,0.000,0.000,0.000,0.000,0.000,0.000,1.000,0.000,0.000,0.000,0.000,0.000,0.000,0.000,0.000,Z06,1.000
C01328,C01328,26.5820,38.6829,60,1.000,9.0,0.000,0.000,0.000,0.000,0.000,0.000,0.000,0.000,1.000,0.000,0.000,0.000,0.000,0.000,0.000,0.000,0.000,Z06,1.000
C01329,C01329,26.5935,38.6829,60,1.000,10.5,0.000,0.000,0.000,0.000,0.000,0.000,0.000,0.000,1.000,0.000,0.000,0.000,0.000,0.000,0.000,0.000,0.000,Z06,1.000
C01330,C01330,26.6051,38.6829,60,1.000,12.0,0.000,0.000,0.000,0.000,0.000,0.000,0.000,0.000,1.000,0.000,0.000,0.000,0.000,0.000,0.000,0.000,0.000,Z06,1.000
C01331,C01331,26.6166,38.6829,60,1.000,12.0,0.000,0.000,0.000,0.000,0.000,0.000,0.000,0.000,1.000,0.000,0.000,0.000,0.000,0.000,0.000,0.000,0.000,Z06,1.000
C01332,C01332,26.6281,38.6829,60,1.000,15.0,0.000,0.000,0.000,0.000,0.000,0.000,0.000,0.000,1.000,0.000,0.000,0.000,0.000,0.000,0.000,0.000,0.000,Z06,1.000
C01333,C01333,26.6396,38.6829,60,1.000,18.0,0.000,0.000,0.000,0.000,0.000,0.000,0.000,0.000,1.000,0.000,0.000,0.000,0.000,0.000,0.000,0.000,0.000,Z06,1.000
C01334,C01334,26.6511,38.6829,60,1.000,18.0,0.000,0.000,0.000,0.000,0.000,0.000,0.000,0.000,1.000,0.000,0.000,0.000,0.000,0.000,0.000,0.000,0.000,Z06,1.000
C01335,C01335,26.6626,38.6829,60,1.000,18.0,0.000,0.000,0.000,0.000,0.000,0.000,0.000,0.000,1.000,0.000,0.000,0.000,0.000,0.000,0.000,0.000,0.000,Z06,1.000
C01336,C01336,26.6741,38.6829,60,1.000,21.0,0.000,0.000,0.000,0.000,0.000,0.000,0.000,0.000,1.000,0.000,0.000,0.000,0.000,0.000,0.000,0.000,0.000,Z06,1.000
C01337,C01337,26.6856,38.6829,60,1.000,21.0,0.000,0.000,0.000,0.000,0.000,0.000,0.000,0.000,1.000,0.000,0.000,0.000,0.000,0.000,0.000,0.000,0.000,Z06,1.000
C01338,C01338,26.6971,38.6829,60,1.000,24.0,0.000,0.000,0.000,0.000,0.000,0.000,0.000,0.033,0.967,0.000,0.000,0.000,0.000,0.000,0.000,0.000,0.000,Z06,0.967
C01339,C01339,26.7087,38.6829,60,1.000,27.0,0.000,0.000,0.000,0.000,0.000,0.000,0.000,0.133,0.867,0.000,0.000,0.000,0.000,0.000,0.000,0.000,0.000,Z06,0.867
C01340,C01340,26.7202,38.6829,60,1.000,3.0,0.000,0.000,0.000,0.000,0.067,0.000,0.000,0.067,0.867,0.000,0.000,0.000,0.000,0.000,0.000,0.000,0.000,Z06,0.867
C01341,C01341,26.7317,38.6829,60,1.000,3.0,0.000,0.000,0.000,0.000,0.000,0.000,0.000,0.117,0.883,0.000,0.000,0.000,0.000,0.000,0.000,0.000,0.000,Z06,0.883
C01342,C01342,26.3058,38.6919,60,1.000,33.0,0.000,0.000,0.000,0.000,0.000,0.000,0.000,0.000,0.000,0.000,0.000,0.033,0.000,0.000,0.000,0.000,0.967,Z12,0.967
C01343,C01343,26.3173,38.6919,60,1.000,33.0,0.000,0.000,0.000,0.000,0.000,0.000,0.000,0.000,0.000,0.000,0.000,0.000,0.000,0.000,0.000,0.000,1.000,Z12,1.000
C01344,C01344,26.3288,38.6919,60,0.967,33.0,0.000,0.000,0.000,0.000,0.000,0.000,0.000,0.000,0.000,0.000,0.000,0.100,0.000,0.000,0.000,0.000,0.900,Z12,0.900
C01345,C01345,26.3403,38.6919,60,0.967,33.0,0.000,0.000,0.000,0.000,0.000,0.000,0.000,0.000,0.000,0.000,0.000,0.167,0.000,0.000,0.000,0.000,0.833,Z12,0.833
C01346,C01346,26.3518,38.6919,60,0.983,33.0,0.000,0.000,0.000,0.000,0.000,0.000,0.000,0.000,0.000,0.017,0.000,0.250,0.000,0.000,0.000,0.000,0.733,Z12,0.733
C01347,C01347,26.3633,38.6919,60,0.983,27.0,0.000,0.000,0.000,0.000,0.000,0.000,0.000,0.000,0.000,0.183,0.000,0.133,0.000,0.000,0.000,0.000,0.683,Z12,0.683
C01348,C01348,26.3748,38.6919,60,1.000,21.0,0.000,0.000,0.000,0.000,0.000,0.000,0.000,0.000,0.000,0.333,0.000,0.033,0.000,0.000,0.000,0.000,0.633,Z12,0.633
C01349,C01349,26.3863,38.6919,60,1.000,21.0,0.000,0.000,0.000,0.000,0.000,0.000,0.000,0.000,0.000,0.333,0.000,0.017,0.000,0.000,0.000,0.000,0.650,Z12,0.650
C01350,C01350,26.3978,38.6919,60,1.000,22.5,0.000,0.000,0.000,0.000,0.000,0.000,0.000,0.000,0.000,0.400,0.000,0.200,0.000,0.000,0.000,0.000,0.400,Z16,0.400
C01351,C01351,26.4094,38.6919,60,1.000,6.0,0.000,0.000,0.000,0.000,0.000,0.000,0.000,0.000,0.017,0.600,0.000,0.167,0.000,0.000,0.000,0.000,0.217,Z16,0.600
C01352,C01352,26.4209,38.6919,60,1.000,3.0,0.000,0.000,0.000,0.000,0.000,0.000,0.000,0.000,0.183,0.683,0.000,0.050,0.000,0.000,0.000,0.000,0.083,Z16,0.683
C01353,C01353,26.4324,38.6919,60,1.000,6.0,0.000,0.000,0.000,0.000,0.000,0.000,0.000,0.000,0.383,0.583,0.000,0.017,0.000,0.000,0.000,0.000,0.017,Z16,0.583
C01354,C01354,26.4439,38.6919,60,1.000,6.0,0.000,0.000,0.000,0.000,0.000,0.000,0.000,0.000,0.500,0.483,0.000,0.017,0.000,0.000,0.000,0.000,0.000,Z06,0.500
C01355,C01355,26.4554,38.6919,60,1.000,6.0,0.000,0.000,0.000,0.000,0.000,0.000,0.000,0.000,0.783,0.217,0.000,0.000,0.000,0.000,0.000,0.000,0.000,Z06,0.783
C01356,C01356,26.4669,38.6919,60,1.000,6.0,0.000,0.000,0.000,0.000,0.000,0.000,0.000,0.000,0.950,0.050,0.000,0.000,0.000,0.000,0.000,0.000,0.000,Z06,0.950
C01357,C01357,26.4784,38.6919,60,1.000,6.0,0.000,0.000,0.000,0.000,0.000,0.000,0.000,0.000,1.000,0.000,0.000,0.000,0.000,0.000,0.000,0.000,0.000,Z06,1.000
C01358,C01358,26.4899,38.6919,60,1.000,6.0,0.000,0.000,0.000,0.000,0.000,0.000,0.000,0.000,1.000,0.000,0.000,0.000,0.000,0.000,0.000,0.000,0.000,Z06,1.000
C01359,C01359,26.5015,38.6919,60,1.000,6.0,0.000,0.000,0.000,0.000,0.000,0.000,0.000,0.000,1.000,0.000,0.000,0.000,0.000,0.000,0.000,0.000,0.000,Z06,1.000
C01360,C01360,26.5130,38.6919,60,1.000,6.0,0.000,0.000,0.000,0.000,0.000,0.000,0.000,0.000,1.000,0.000,0.000,0.000,0.000,0.000,0.000,0.000,0.000,Z06,1.000
C01361,C01361,26.5245,38.6919,60,1.000,6.0,0.000,0.000,0.000,0.000,0.000,0.000,0.000,0.000,1.000,0.000,0.000,0.000,0.000,0.000,0.000,0.000,0.000,Z06,1.000
C01362,C01362,26.5360,38.6919,60,1.000,6.0,0.000,0.000,0.000,0.000,0.000,0.000,0.000,0.000,1.000,0.000,0.000,0.000,0.000,0.000,0.000,0.000,0.000,Z06,1.000
C01363,C01363,26.5475,38.6919,60,1.000,9.0,0.000,0.000,0.000,0.000,0.000,0.000,0.000,0.000,1.000,0.000,0.000,0.000,0.000,0.000,0.000,0.000,0.000,Z06,1.000
C01364,C01364,26.5590,38.6919,60,1.000,9.0,0.000,0.000,0.000,0.000,0.000,0.000,0.000,0.000,1.000,0.000,0.000,0.000,0.000,0.000,0.000,0.000,0.000,Z06,1.000
C01365,C01365,26.5705,38.6919,60,1.000,9.0,0.000,0.000,0.000,0.000,0.000,0.000,0.000,0.000,1.000,0.000,0.000,0.000,0.000,0.000,0.000,0.000,0.000,Z06,1.000
C01366,C01366,26.5820,38.6919,60,1.000,9.0,0.000,0.000,0.000,0.000,0.000,0.000,0.000,0.000,1.000,0.000,0.000,0.000,0.000,0.000,0.000,0.000,0.000,Z06,1.000
C01367,C01367,26.5935,38.6919,60,1.000,9.0,0.000,0.000,0.000,0.000,0.000,0.000,0.000,0.000,1.000,0.000,0.000,0.000,0.000,0.000,0.000,0.000,0.000,Z06,1.000
C01368,C01368,26.6051,38.6919,60,1.000,9.0,0.000,0.000,0.000,0.000,0.000,0.000,0.000,0.000,1.000,0.000,0.000,0.000,0.000,0.000,0.000,0.000,0.000,Z06,1.000
C01369,C01369,26.6166,38.6919,60,1.000,12.0,0.000,0.000,0.000,0.000,0.000,0.000,0.000,0.000,1.000,0.000,0.000,0.000,0.000,0.000,0.000,0.000,0.000,Z06,1.000
C01370,C01370,26.6281,38.6919,60,1.000,15.0,0.000,0.000,0.000,0.000,0.000,0.000,0.000,0.000,1.000,0.000,0.000,0.000,0.000,0.000,0.000,0.000,0.000,Z06,1.000
C01371,C01371,26.6396,38.6919,60,1.000,15.0,0.000,0.000,0.000,0.000,0.000,0.000,0.000,0.000,1.000,0.000,0.000,0.000,0.000,0.000,0.000,0.000,0.000,Z06,1.000
C01372,C01372,26.6511,38.6919,60,1.000,18.0,0.000,0.000,0.000,0.000,0.000,0.000,0.000,0.000,1.000,0.000,0.000,0.000,0.000,0.000,0.000,0.000,0.000,Z06,1.000
C01373,C01373,26.6626,38.6919,60,1.000,19.5,0.000,0.000,0.000,0.000,0.000,0.000,0.000,0.000,1.000,0.000,0.000,0.000,0.000,0.000,0.000,0.000,0.000,Z06,1.000
C01374,C01374,26.6741,38.6919,60,1.000,21.0,0.000,0.000,0.000,0.000,0.000,0.000,0.000,0.000,1.000,0.000,0.000,0.000,0.000,0.000,0.000,0.000,0.000,Z06,1.000
C01375,C01375,26.6856,38.6919,60,1.000,21.0,0.000,0.000,0.000,0.000,0.000,0.000,0.000,0.000,1.000,0.000,0.000,0.000,0.000,0.000,0.000,0.000,0.000,Z06,1.000
C01376,C01376,26.6971,38.6919,60,1.000,24.0,0.000,0.000,0.000,0.000,0.000,0.000,0.000,0.000,1.000,0.000,0.000,0.000,0.000,0.000,0.000,0.000,0.000,Z06,1.000
C01377,C01377,26.7087,38.6919,60,1.000,21.0,0.000,0.000,0.000,0.000,0.000,0.000,0.000,0.033,0.967,0.000,0.000,0.000,0.000,0.000,0.000,0.000,0.000,Z06,0.967
C01378,C01378,26.7202,38.6919,60,1.000,3.0,0.000,0.000,0.000,0.000,0.017,0.000,0.000,0.033,0.950,0.000,0.000,0.000,0.000,0.000,0.000,0.000,0.000,Z06,0.950
C01379,C01379,26.7317,38.6919,60,1.000,3.0,0.000,0.000,0.000,0.000,0.017,0.000,0.000,0.100,0.883,0.000,0.000,0.000,0.000,0.000,0.000,0.000,0.000,Z06,0.883
C01380,C01380,26.3058,38.7009,60,1.000,36.0,0.000,0.000,0.000,0.000,0.000,0.000,0.000,0.000,0.000,0.000,0.000,0.000,0.000,0.000,0.000,0.000,1.000,Z12,1.000
C01381,C01381,26.3173,38.7009,60,1.000,36.0,0.000,0.000,0.000,0.000,0.000,0.000,0.000,0.000,0.000,0.000,0.000,0.017,0.000,0.000,0.000,0.000,0.983,Z12,0.983
C01382,C01382,26.3288,38.7009,60,1.000,33.0,0.000,0.000,0.000,0.000,0.000,0.000,0.000,0.000,0.000,0.000,0.000,0.067,0.000,0.000,0.000,0.000,0.933,Z12,0.933
C01383,C01383,26.3403,38.7009,60,0.983,33.0,0.000,0.000,0.000,0.000,0.000,0.000,0.000,0.000,0.000,0.000,0.000,0.150,0.000,0.000,0.000,0.000,0.850,Z12,0.850
C01384,C01384,26.3518,38.7009,60,0.983,36.0,0.000,0.000,0.000,0.000,0.000,0.000,0.000,0.000,0.000,0.067,0.000,0.217,0.000,0.000,0.000,0.000,0.717,Z12,0.717
C01385,C01385,26.3633,38.7009,60,1.000,33.0,0.000,0.000,0.000,0.000,0.000,0.000,0.000,0.000,0.000,0.167,0.000,0.150,0.000,0.000,0.000,0.000,0.683,Z12,0.683
C01386,C01386,26.3748,38.7009,60,1.000,27.0,0.000,0.000,0.000,0.000,0.000,0.000,0.000,0.000,0.000,0.317,0.000,0.017,0.000,0.000,0.000,0.000,0.667,Z12,0.667
C01387,C01387,26.3863,38.7009,60,1.000,27.0,0.000,0.000,0.000,0.000,0.000,0.000,0.000,0.000,0.000,0.333,0.000,0.000,0.000,0.000,0.000,0.000,0.667,Z12,0.667
C01388,C01388,26.3978,38.7009,60,1.000,22.5,0.000,0.000,0.000,0.000,0.000,0.000,0.000,0.000,0.000,0.333,0.000,0.033,0.000,0.000,0.000,0.000,0.633,Z12,0.633
C01389,C01389,26.4094,38.7009,60,1.000,21.0,0.000,0.000,0.000,0.000,0.000,0.000,0.000,0.000,0.000,0.333,0.000,0.117,0.000,0.000,0.000,0.000,0.550,Z12,0.550
C01390,C01390,26.4209,38.7009,60,1.000,16.5,0.000,0.000,0.000,0.000,0.000,0.000,0.000,0.000,0.133,0.333,0.000,0.083,0.000,0.000,0.000,0.000,0.450,Z12,0.450
C01391,C01391,26.4324,38.7009,60,0.983,6.0,0.000,0.000,0.000,0.000,0.000,0.000,0.000,0.000,0.300,0.333,0.000,0.167,0.000,0.000,0.000,0.000,0.200,Z16,0.333
C01392,C01392,26.4439,38.7009,60,1.000,6.0,0.000,0.000,0.000,0.000,0.000,0.000,0.000,0.000,0.350,0.483,0.000,0.100,0.000,0.000,0.000,0.000,0.067,Z16,0.483
C01393,C01393,26.4554,38.7009,60,1.000,6.0,0.000,0.000,0.000,0.000,0.000,0.000,0.000,0.000,0.433,0.483,0.000,0.067,0.000,0.000,0.000,0.000,0.017,Z16,0.483
C01394,C01394,26.4669,38.7009,60,1.000,6.0,0.000,0.000,0.000,0.000,0.000,0.000,0.000,0.000,0.617,0.383,0.000,0.000,0.000,0.000,0.000,0.000,0.000,Z06,0.617
C01395,C01395,26.4784,38.7009,60,1.000,6.0,0.000,0.000,0.000,0.000,0.000,0.000,0.000,0.000,0.850,0.150,0.000,0.000,0.000,0.000,0.000,0.000,0.000,Z06,0.850
C01396,C01396,26.4899,38.7009,60,1.000,6.0,0.000,0.000,0.000,0.000,0.000,0.000,0.000,0.000,0.933,0.067,0.000,0.000,0.000,0.000,0.000,0.000,0.000,Z06,0.933
C01397,C01397,26.5015,38.7009,60,1.000,6.0,0.000,0.000,0.000,0.000,0.000,0.000,0.000,0.000,1.000,0.000,0.000,0.000,0.000,0.000,0.000,0.000,0.000,Z06,1.000
C01398,C01398,26.5130,38.7009,60,1.000,6.0,0.000,0.000,0.000,0.000,0.000,0.000,0.000,0.000,1.000,0.000,0.000,0.000,0.000,0.000,0.000,0.000,0.000,Z06,1.000
C01399,C01399,26.5245,38.7009,60,1.000,6.0,0.000,0.000,0.000,0.000,0.000,0.000,0.000,0.000,1.000,0.000,0.000,0.000,0.000,0.000,0.000,0.000,0.000,Z06,1.000
C01400,C01400,26.5360,38.7009,60,1.000,9.0,0.000,0.000,0.000,0.000,0.000,0.000,0.000,0.000,1.000,0.000,0.000,0.000,0.000,0.000,0.000,0.000,0.000,Z06,1.000
C01401,C01401,26.5475,38.7009,60,1.000,9.0,0.000,0.000,0.000,0.000,0.000,0.000,0.000,0.000,1.000,0.000,0.000,0.000,0.000,0.000,0.000,0.000,0.000,Z06,1.000
C01402,C01402,26.5590,38.7009,60,1.000,9.0,0.000,0.000,0.000,0.000,0.000,0.000,0.000,0.000,1.000,0.000,0.000,0.000,0.000,0.000,0.000,0.000,0.000,Z06,1.000
C01403,C01403,26.5705,38.7009,60,1.000,9.0,0.000,0.000,0.000,0.000,0.000,0.000,0.000,0.000,1.000,0.000,0.000,0.000,0.000,0.000,0.000,0.000,0.000,Z06,1.000
C01404,C01404,26.5820,38.7009,60,1.000,9.0,0.000,0.000,0.000,0.000,0.000,0.000,0.000,0.000,1.000,0.000,0.000,0.000,0.000,0.000,0.000,0.000,0.000,Z06,1.000
C01405,C01405,26.5935,38.7009,60,1.000,12.0,0.000,0.000,0.000,0.000,0.000,0.000,0.000,0.000,1.000,0.000,0.000,0.000,0.000,0.000,0.000,0.000,0.000,Z06,1.000
C01406,C01406,26.6051,38.7009,60,1.000,12.0,0.000,0.000,0.000,0.000,0.000,0.000,0.000,0.000,1.000,0.000,0.000,0.000,0.000,0.000,0.000,0.000,0.000,Z06,1.000
C01407,C01407,26.6166,38.7009,60,1.000,12.0,0.000,0.000,0.000,0.000,0.000,0.000,0.000,0.000,1.000,0.000,0.000,0.000,0.000,0.000,0.000,0.000,0.000,Z06,1.000
C01408,C01408,26.6281,38.7009,60,1.000,15.0,0.000,0.000,0.000,0.000,0.000,0.000,0.000,0.000,1.000,0.000,0.000,0.000,0.000,0.000,0.000,0.000,0.000,Z06,1.000
C01409,C01409,26.6396,38.7009,60,1.000,15.0,0.000,0.000,0.000,0.000,0.000,0.000,0.000,0.000,1.000,0.000,0.000,0.000,0.000,0.000,0.000,0.000,0.000,Z06,1.000
C01410,C01410,26.6511,38.7009,60,1.000,18.0,0.000,0.000,0.000,0.000,0.000,0.000,0.000,0.000,1.000,0.000,0.000,0.000,0.000,0.000,0.000,0.000,0.000,Z06,1.000
C01411,C01411,26.6626,38.7009,60,1.000,21.0,0.000,0.000,0.000,0.000,0.000,0.000,0.000,0.000,1.000,0.000,0.000,0.000,0.000,0.000,0.000,0.000,0.000,Z06,1.000
C01412,C01412,26.6741,38.7009,60,1.000,21.0,0.000,0.000,0.000,0.000,0.000,0.000,0.000,0.000,1.000,0.000,0.000,0.000,0.000,0.000,0.000,0.000,0.000,Z06,1.000
C01413,C01413,26.6856,38.7009,60,1.000,21.0,0.000,0.000,0.000,0.000,0.000,0.000,0.000,0.000,1.000,0.000,0.000,0.000,0.000,0.000,0.000,0.000,0.000,Z06,1.000
C01414,C01414,26.6971,38.7009,60,1.000,24.0,0.000,0.000,0.000,0.000,0.000,0.000,0.000,0.033,0.967,0.000,0.000,0.000,0.000,0.000,0.000,0.000,0.000,Z06,0.967
C01415,C01415,26.7087,38.7009,60,1.000,21.0,0.000,0.000,0.000,0.000,0.000,0.000,0.000,0.000,1.000,0.000,0.000,0.000,0.000,0.000,0.000,0.000,0.000,Z06,1.000
C01416,C01416,26.7202,38.7009,60,1.000,3.0,0.000,0.000,0.000,0.000,0.017,0.000,0.000,0.000,0.983,0.000,0.000,0.000,0.000,0.000,0.000,0.000,0.000,Z06,0.983
C01417,C01417,26.7317,38.7009,60,1.000,3.0,0.000,0.000,0.000,0.000,0.000,0.000,0.000,0.067,0.933,0.000,0.000,0.000,0.000,0.000,0.000,0.000,0.000,Z06,0.933
C01418,C01418,26.3058,38.7099,60,1.000,36.0,0.000,0.000,0.000,0.000,0.000,0.000,0.000,0.000,0.000,0.000,0.000,0.000,0.000,0.000,0.000,0.000,1.000,Z12,1.000
C01419,C01419,26.3173,38.7099,60,1.000,36.0,0.000,0.000,0.000,0.000,0.000,0.000,0.000,0.000,0.000,0.000,0.000,0.000,0.000,0.000,0.000,0.000,1.000,Z12,1.000
C01420,C01420,26.3288,38.7099,60,1.000,36.0,0.000,0.000,0.000,0.000,0.000,0.000,0.000,0.000,0.000,0.000,0.000,0.033,0.000,0.000,0.000,0.000,0.967,Z12,0.967
C01421,C01421,26.3403,38.7099,60,1.000,36.0,0.000,0.000,0.000,0.000,0.000,0.000,0.000,0.000,0.000,0.000,0.000,0.083,0.000,0.000,0.000,0.000,0.917,Z12,0.917
C01422,C01422,26.3518,38.7099,60,1.000,36.0,0.000,0.000,0.000,0.000,0.000,0.000,0.000,0.000,0.000,0.050,0.000,0.133,0.000,0.000,0.000,0.000,0.817,Z12,0.817
C01423,C01423,26.3633,38.7099,60,0.983,36.0,0.000,0.000,0.000,0.000,0.000,0.000,0.000,0.000,0.000,0.200,0.000,0.067,0.000,0.000,0.000,0.000,0.733,Z12,0.733
C01424,C01424,26.3748,38.7099,60,1.000,31.5,0.000,0.000,0.000,0.000,0.000,0.000,0.000,0.000,0.000,0.300,0.000,0.033,0.000,0.000,0.000,0.000,0.667,Z12,0.667
C01425,C01425,26.3863,38.7099,60,1.000,30.0,0.000,0.000,0.000,0.000,0.000,0.000,0.000,0.000,0.000,0.333,0.000,0.000,0.000,0.000,0.000,0.000,0.667,Z12,0.667
C01426,C01426,26.3978,38.7099,60,1.000,25.5,0.000,0.000,0.000,0.000,0.000,0.000,0.000,0.000,0.000,0.333,0.000,0.000,0.000,0.000,0.000,0.000,0.667,Z12,0.667
C01427,C01427,26.4094,38.7099,60,1.000,24.0,0.000,0.000,0.000,0.000,0.000,0.000,0.000,0.000,0.000,0.333,0.000,0.033,0.000,0.000,0.000,0.000,0.633,Z12,0.633
C01428,C01428,26.4209,38.7099,60,1.000,24.0,0.000,0.000,0.000,0.000,0.000,0.000,0.000,0.000,0.067,0.267,0.000,0.083,0.000,0.000,0.000,0.000,0.583,Z12,0.583
C01429,C01429,26.4324,38.7099,60,1.000,24.0,0.000,0.000,0.000,0.000,0.000,0.000,0.000,0.000,0.283,0.067,0.000,0.167,0.000,0.000,0.000,0.000,0.483,Z12,0.483
C01430,C01430,26.4439,38.7099,60,1.000,9.0,0.000,0.000,0.000,0.000,0.000,0.000,0.000,0.000,0.333,0.200,0.000,0.217,0.000,0.000,0.000,0.000,0.250,Z06,0.333
C01431,C01431,26.4554,38.7099,60,1.000,9.0,0.000,0.000,0.000,0.000,0.000,0.000,0.000,0.000,0.333,0.350,0.000,0.150,0.000,0.000,0.000,0.000,0.167,Z16,0.350
C01432,C01432,26.4669,38.7099,60,1.000,9.0,0.000,0.000,0.000,0.000,0.000,0.000,0.000,0.000,0.350,0.433,0.000,0.117,0.000,0.000,0.000,0.000,0.100,Z16,0.433
C01433,C01433,26.4784,38.7099,60,1.000,9.0,0.000,0.000,0.000,0.000,0.000,0.000,0.000,0.000,0.500,0.400,0.000,0.083,0.000,0.000,0.000,0.000,0.017,Z06,0.500
C01434,C01434,26.4899,38.7099,60,1.000,9.0,0.000,0.000,0.000,0.000,0.000,0.000,0.000,0.000,0.717,0.250,0.000,0.033,0.000,0.000,0.000,0.000,0.000,Z06,0.717
C01435,C01435,26.5015,38.7099,60,1.000,6.0,0.000,0.000,0.000,0.000,0.000,0.000,0.000,0.000,0.883,0.117,0.000,0.000,0.000,0.000,0.000,0.000,0.000,Z06,0.883
C01436,C01436,26.5130,38.7099,60,1.000,9.0,0.000,0.000,0.000,0.000,0.000,0.000,0.000,0.000,0.900,0.100,0.000,0.000,0.000,0.000,0.000,0.000,0.000,Z06,0.900
C01437,C01437,26.5245,38.7099,60,1.000,9.0,0.000,0.000,0.000,0.000,0.000,0.000,0.000,0.000,0.983,0.017,0.000,0.000,0.000,0.000,0.000,0.000,0.000,Z06,0.983
C01438,C01438,26.5360,38.7099,60,1.000,9.0,0.000,0.000,0.000,0.000,0.000,0.000,0.000,0.000,1.000,0.000,0.000,0.000,0.000,0.000,0.000,0.000,0.000,Z06,1.000
C01439,C01439,26.5475,38.7099,60,1.000,9.0,0.000,0.000,0.000,0.000,0.000,0.000,0.000,0.000,1.000,0.000,0.000,0.000,0.000,0.000,0.000,0.000,0.000,Z06,1.000
C01440,C01440,26.5590,38.7099,60,1.000,9.0,0.000,0.000,0.000,0.000,0.000,0.000,0.000,0.000,1.000,0.000,0.000,0.000,0.000,0.000,0.000,0.000,0.000,Z06,1.000
C01441,C01441,26.5705,38.7099,60,1.000,9.0,0.000,0.000,0.000,0.000,0.000,0.000,0.000,0.000,1.000,0.000,0.000,0.000,0.000,0.000,0.000,0.000,0.000,Z06,1.000
C01442,C01442,26.5820,38.7099,60,1.000,12.0,0.000,0.000,0.000,0.000,0.000,0.000,0.000,0.000,1.000,0.000,0.000,0.000,0.000,0.000,0.000,0.000,0.000,Z06,1.000
C01443,C01443,26.5935,38.7099,60,1.000,12.0,0.000,0.000,0.000,0.000,0.000,0.000,0.000,0.000,1.000,0.000,0.000,0.000,0.000,0.000,0.000,0.000,0.000,Z06,1.000
C01444,C01444,26.6051,38.7099,60,1.000,12.0,0.000,0.000,0.000,0.000,0.000,0.000,0.000,0.000,1.000,0.000,0.000,0.000,0.000,0.000,0.000,0.000,0.000,Z06,1.000
C01445,C01445,26.6166,38.7099,60,1.000,12.0,0.000,0.000,0.000,0.000,0.000,0.000,0.000,0.000,1.000,0.000,0.000,0.000,0.000,0.000,0.000,0.000,0.000,Z06,1.000
C01446,C01446,26.6281,38.7099,60,1.000,13.5,0.000,0.000,0.000,0.000,0.000,0.000,0.000,0.000,1.000,0.000,0.000,0.000,0.000,0.000,0.000,0.000,0.000,Z06,1.000
C01447,C01447,26.6396,38.7099,60,1.000,15.0,0.000,0.000,0.000,0.000,0.000,0.000,0.000,0.000,1.000,0.000,0.000,0.000,0.000,0.000,0.000,0.000,0.000,Z06,1.000
C01448,C01448,26.6511,38.7099,60,1.000,18.0,0.000,0.000,0.000,0.000,0.000,0.000,0.000,0.000,1.000,0.000,0.000,0.000,0.000,0.000,0.000,0.000,0.000,Z06,1.000
C01449,C01449,26.6626,38.7099,60,1.000,18.0,0.000,0.000,0.000,0.000,0.000,0.000,0.000,0.000,1.000,0.000,0.000,0.000,0.000,0.000,0.000,0.000,0.000,Z06,1.000
C01450,C01450,26.6741,38.7099,60,1.000,21.0,0.000,0.000,0.000,0.000,0.000,0.000,0.000,0.000,1.000,0.000,0.000,0.000,0.000,0.000,0.000,0.000,0.000,Z06,1.000
C01451,C01451,26.6856,38.7099,60,1.000,21.0,0.000,0.000,0.000,0.000,0.000,0.000,0.000,0.000,1.000,0.000,0.000,0.000,0.000,0.000,0.000,0.000,0.000,Z06,1.000
C01452,C01452,26.6971,38.7099,60,1.000,24.0,0.000,0.000,0.000,0.000,0.000,0.000,0.000,0.000,1.000,0.000,0.000,0.000,0.000,0.000,0.000,0.000,0.000,Z06,1.000
C01453,C01453,26.7087,38.7099,60,1.000,21.0,0.000,0.000,0.000,0.000,0.000,0.000,0.000,0.050,0.950,0.000,0.000,0.000,0.000,0.000,0.000,0.000,0.000,Z06,0.950
C01454,C01454,26.7202,38.7099,60,1.000,3.0,0.000,0.000,0.000,0.000,0.000,0.000,0.000,0.000,1.000,0.000,0.000,0.000,0.000,0.000,0.000,0.000,0.000,Z06,1.000
C01455,C01455,26.7317,38.7099,60,1.000,3.0,0.000,0.000,0.000,0.000,0.000,0.000,0.000,0.000,1.000,0.000,0.000,0.000,0.000,0.000,0.000,0.000,0.000,Z06,1.000
C01456,C01456,26.3058,38.7189,60,1.000,42.0,0.000,0.000,0.000,0.000,0.000,0.000,0.000,0.000,0.000,0.000,0.000,0.000,0.000,0.000,0.000,0.000,1.000,Z12,1.000
C01457,C01457,26.3173,38.7189,60,1.000,39.0,0.000,0.000,0.000,0.000,0.000,0.000,0.000,0.000,0.000,0.000,0.000,0.000,0.000,0.000,0.000,0.000,1.000,Z12,1.000
C01458,C01458,26.3288,38.7189,60,1.000,39.0,0.000,0.000,0.000,0.000,0.000,0.000,0.000,0.000,0.000,0.000,0.000,0.000,0.000,0.000,0.000,0.000,1.000,Z12,1.000
C01459,C01459,26.3403,38.7189,60,1.000,39.0,0.000,0.000,0.000,0.000,0.000,0.000,0.000,0.000,0.000,0.000,0.000,0.083,0.000,0.000,0.000,0.000,0.917,Z12,0.917
C01460,C01460,26.3518,38.7189,60,1.000,39.0,0.000,0.000,0.000,0.000,0.000,0.000,0.000,0.000,0.000,0.033,0.000,0.083,0.000,0.000,0.000,0.000,0.883,Z12,0.883
C01461,C01461,26.3633,38.7189,60,1.000,39.0,0.000,0.000,0.000,0.000,0.000,0.000,0.000,0.000,0.000,0.150,0.000,0.083,0.000,0.000,0.000,0.000,0.767,Z12,0.767
C01462,C01462,26.3748,38.7189,60,1.000,36.0,0.000,0.000,0.000,0.000,0.000,0.000,0.000,0.000,0.000,0.300,0.000,0.017,0.000,0.000,0.000,0.000,0.683,Z12,0.683
C01463,C01463,26.3863,38.7189,60,1.000,33.0,0.000,0.000,0.000,0.000,0.000,0.000,0.000,0.000,0.000,0.333,0.000,0.000,0.000,0.000,0.000,0.000,0.667,Z12,0.667
C01464,C01464,26.3978,38.7189,60,1.000,30.0,0.000,0.000,0.000,0.000,0.000,0.000,0.000,0.000,0.000,0.333,0.000,0.000,0.000,0.000,0.000,0.000,0.667,Z12,0.667
C01465,C01465,26.4094,38.7189,60,1.000,28.5,0.000,0.000,0.000,0.000,0.000,0.000,0.000,0.000,0.000,0.333,0.000,0.000,0.000,0.000,0.000,0.000,0.667,Z12,0.667
C01466,C01466,26.4209,38.7189,60,1.000,27.0,0.000,0.000,0.000,0.000,0.000,0.000,0.000,0.000,0.033,0.300,0.000,0.017,0.000,0.000,0.000,0.000,0.650,Z12,0.650
C01467,C01467,26.4324,38.7189,60,1.000,24.0,0.000,0.000,0.000,0.000,0.000,0.000,0.000,0.000,0.167,0.167,0.000,0.033,0.000,0.000,0.000,0.000,0.633,Z12,0.633
C01468,C01468,26.4439,38.7189,60,1.000,21.0,0.000,0.000,0.000,0.000,0.000,0.000,0.000,0.000,0.333,0.000,0.000,0.117,0.000,0.000,0.000,0.000,0.550,Z12,0.550
C01469,C01469,26.4554,38.7189,60,1.000,21.0,0.000,0.000,0.000,0.000,0.000,0.000,0.000,0.000,0.333,0.083,0.000,0.233,0.000,0.000,0.000,0.000,0.350,Z12,0.350
C01470,C01470,26.4669,38.7189,60,1.000,12.0,0.000,0.000,0.000,0.000,0.000,0.000,0.000,0.000,0.333,0.250,0.000,0.217,0.000,0.000,0.000,0.000,0.200,Z06,0.333
C01471,C01471,26.4784,38.7189,60,1.000,9.0,0.000,0.000,0.000,0.000,0.000,0.000,0.000,0.000,0.333,0.350,0.000,0.200,0.000,0.000,0.000,0.000,0.117,Z16,0.350
C01472,C01472,26.4899,38.7189,60,1.000,9.0,0.000,0.000,0.000,0.000,0.000,0.000,0.000,0.000,0.433,0.367,0.000,0.117,0.000,0.000,0.000,0.000,0.083,Z06,0.433
C01473,C01473,26.5015,38.7189,60,1.000,9.0,0.000,0.000,0.000,0.000,0.000,0.000,0.000,0.000,0.600,0.367,0.000,0.033,0.000,0.000,0.000,0.000,0.000,Z06,0.600
C01474,C01474,26.5130,38.7189,60,1.000,9.0,0.000,0.000,0.000,0.000,0.000,0.000,0.000,0.000,0.700,0.283,0.000,0.017,0.000,0.000,0.000,0.000,0.000,Z06,0.700
C01475,C01475,26.5245,38.7189,60,1.000,9.0,0.000,0.000,0.000,0.000,0.000,0.000,0.000,0.000,0.817,0.183,0.000,0.000,0.000,0.000,0.000,0.000,0.000,Z06,0.817
C01476,C01476,26.5360,38.7189,60,1.000,9.0,0.000,0.000,0.000,0.000,0.000,0.000,0.000,0.000,0.883,0.117,0.000,0.000,0.000,0.000,0.000,0.000,0.000,Z06,0.883
C01477,C01477,26.5475,38.7189,60,1.000,9.0,0.000,0.000,0.000,0.000,0.000,0.000,0.000,0.000,0.950,0.050,0.000,0.000,0.000,0.000,0.000,0.000,0.000,Z06,0.950
C01478,C01478,26.5590,38.7189,60,1.000,12.0,0.000,0.000,0.000,0.000,0.000,0.000,0.000,0.000,1.000,0.000,0.000,0.000,0.000,0.000,0.000,0.000,0.000,Z06,1.000
C01479,C01479,26.5705,38.7189,60,1.000,12.0,0.000,0.000,0.000,0.000,0.000,0.000,0.000,0.000,1.000,0.000,0.000,0.000,0.000,0.000,0.000,0.000,0.000,Z06,1.000
C01480,C01480,26.5820,38.7189,60,1.000,12.0,0.000,0.000,0.000,0.000,0.000,0.000,0.000,0.000,1.000,0.000,0.000,0.000,0.000,0.000,0.000,0.000,0.000,Z06,1.000
C01481,C01481,26.5935,38.7189,60,1.000,12.0,0.000,0.000,0.000,0.000,0.000,0.000,0.000,0.000,1.000,0.000,0.000,0.000,0.000,0.000,0.000,0.000,0.000,Z06,1.000
C01482,C01482,26.6051,38.7189,60,1.000,12.0,0.000,0.000,0.000,0.000,0.000,0.000,0.000,0.000,1.000,0.000,0.000,0.000,0.000,0.000,0.000,0.000,0.000,Z06,1.000
C01483,C01483,26.6166,38.7189,60,1.000,12.0,0.000,0.000,0.000,0.000,0.000,0.000,0.000,0.000,1.000,0.000,0.000,0.000,0.000,0.000,0.000,0.000,0.000,Z06,1.000
C01484,C01484,26.6281,38.7189,60,1.000,12.0,0.000,0.000,0.000,0.000,0.000,0.000,0.000,0.000,1.000,0.000,0.000,0.000,0.000,0.000,0.000,0.000,0.000,Z06,1.000
C01485,C01485,26.6396,38.7189,60,1.000,16.5,0.000,0.000,0.000,0.000,0.000,0.000,0.000,0.000,1.000,0.000,0.000,0.000,0.000,0.000,0.000,0.000,0.000,Z06,1.000
C01486,C01486,26.6511,38.7189,60,1.000,18.0,0.000,0.000,0.000,0.000,0.000,0.000,0.000,0.000,1.000,0.000,0.000,0.000,0.000,0.000,0.000,0.000,0.000,Z06,1.000
C01487,C01487,26.6626,38.7189,60,1.000,18.0,0.000,0.000,0.000,0.000,0.000,0.000,0.000,0.000,1.000,0.000,0.000,0.000,0.000,0.000,0.000,0.000,0.000,Z06,1.000
C01488,C01488,26.6741,38.7189,60,1.000,21.0,0.000,0.000,0.000,0.000,0.000,0.000,0.000,0.000,1.000,0.000,0.000,0.000,0.000,0.000,0.000,0.000,0.000,Z06,1.000
C01489,C01489,26.6856,38.7189,60,1.000,21.0,0.000,0.000,0.000,0.000,0.000,0.000,0.000,0.000,1.000,0.000,0.000,0.000,0.000,0.000,0.000,0.000,0.000,Z06,1.000
C01490,C01490,26.6971,38.7189,60,1.000,21.0,0.000,0.000,0.000,0.000,0.000,0.000,0.000,0.000,1.000,0.000,0.000,0.000,0.000,0.000,0.000,0.000,0.000,Z06,1.000
C01491,C01491,26.7087,38.7189,60,1.000,21.0,0.000,0.000,0.000,0.000,0.000,0.000,0.000,0.000,1.000,0.000,0.000,0.000,0.000,0.000,0.000,0.000,0.000,Z06,1.000
C01492,C01492,26.7202,38.7189,60,1.000,6.0,0.000,0.000,0.000,0.000,0.000,0.000,0.000,0.000,1.000,0.000,0.000,0.000,0.000,0.000,0.000,0.000,0.000,Z06,1.000
C01493,C01493,26.7317,38.7189,60,1.000,6.0,0.000,0.000,0.000,0.000,0.000,0.000,0.000,0.000,0.967,0.000,0.033,0.000,0.000,0.000,0.000,0.000,0.000,Z06,0.967
C01494,C01494,26.3058,38.7279,60,1.000,43.5,0.000,0.000,0.000,0.000,0.000,0.000,0.000,0.000,0.000,0.000,0.000,0.000,0.000,0.000,0.000,0.000,1.000,Z12,1.000
C01495,C01495,26.3173,38.7279,60,1.000,42.0,0.000,0.000,0.000,0.000,0.000,0.000,0.000,0.000,0.000,0.000,0.000,0.000,0.000,0.000,0.000,0.000,1.000,Z12,1.000
C01496,C01496,26.3288,38.7279,60,1.000,39.0,0.000,0.000,0.000,0.000,0.000,0.000,0.000,0.000,0.000,0.000,0.000,0.000,0.000,0.000,0.000,0.000,1.000,Z12,1.000
C01497,C01497,26.3403,38.7279,60,0.983,39.0,0.000,0.000,0.000,0.000,0.000,0.000,0.000,0.000,0.000,0.033,0.000,0.000,0.000,0.000,0.000,0.000,0.967,Z12,0.967
C01498,C01498,26.3518,38.7279,60,1.000,39.0,0.000,0.000,0.000,0.000,0.000,0.000,0.000,0.000,0.000,0.050,0.000,0.033,0.000,0.000,0.000,0.000,0.917,Z12,0.917
C01499,C01499,26.3633,38.7279,60,1.000,39.0,0.000,0.000,0.000,0.000,0.000,0.000,0.000,0.000,0.000,0.200,0.000,0.067,0.000,0.000,0.000,0.000,0.733,Z12,0.733
C01500,C01500,26.3748,38.7279,60,1.000,39.0,0.000,0.000,0.000,0.000,0.000,0.000,0.000,0.000,0.000,0.317,0.000,0.000,0.000,0.000,0.000,0.000,0.683,Z12,0.683
C01501,C01501,26.3863,38.7279,60,1.000,36.0,0.000,0.000,0.000,0.000,0.000,0.000,0.000,0.000,0.000,0.333,0.000,0.000,0.000,0.000,0.000,0.000,0.667,Z12,0.667
C01502,C01502,26.3978,38.7279,60,1.000,36.0,0.000,0.000,0.000,0.000,0.000,0.000,0.000,0.000,0.000,0.333,0.000,0.017,0.000,0.000,0.000,0.000,0.650,Z12,0.650
C01503,C01503,26.4094,38.7279,60,1.000,33.0,0.000,0.000,0.000,0.000,0.000,0.000,0.000,0.000,0.000,0.333,0.000,0.000,0.000,0.000,0.000,0.000,0.667,Z12,0.667
C01504,C01504,26.4209,38.7279,60,1.000,30.0,0.000,0.000,0.000,0.000,0.000,0.000,0.000,0.000,0.017,0.317,0.000,0.017,0.000,0.000,0.000,0.000,0.650,Z12,0.650
C01505,C01505,26.4324,38.7279,60,1.000,30.0,0.000,0.000,0.000,0.000,0.000,0.000,0.000,0.000,0.100,0.233,0.000,0.017,0.000,0.000,0.000,0.000,0.650,Z12,0.650
C01506,C01506,26.4439,38.7279,60,1.000,24.0,0.000,0.000,0.000,0.000,0.000,0.000,0.000,0.000,0.300,0.033,0.000,0.033,0.000,0.000,0.000,0.000,0.633,Z12,0.633
C01507,C01507,26.4554,38.7279,60,1.000,27.0,0.000,0.000,0.000,0.000,0.000,0.000,0.000,0.000,0.333,0.000,0.000,0.117,0.000,0.000,0.000,0.000,0.550,Z12,0.550
C01508,C01508,26.4669,38.7279,60,1.000,22.5,0.000,0.000,0.000,0.000,0.000,0.000,0.000,0.000,0.333,0.033,0.000,0.200,0.000,0.000,0.000,0.000,0.433,Z12,0.433
C01509,C01509,26.4784,38.7279,60,1.000,12.0,0.000,0.000,0.000,0.000,0.000,0.000,0.000,0.000,0.333,0.233,0.000,0.100,0.000,0.000,0.000,0.000,0.333,Z06,0.333
C01510,C01510,26.4899,38.7279,60,1.000,12.0,0.000,0.000,0.000,0.000,0.000,0.000,0.000,0.000,0.333,0.317,0.000,0.183,0.000,0.000,0.000,0.000,0.167,Z06,0.333
C01511,C01511,26.5015,38.7279,60,1.000,12.0,0.000,0.000,0.000,0.000,0.000,0.000,0.000,0.000,0.400,0.333,0.000,0.167,0.000,0.000,0.000,0.000,0.100,Z06,0.400
C01512,C01512,26.5130,38.7279,60,1.000,12.0,0.000,0.000,0.000,0.000,0.000,0.000,0.000,0.000,0.500,0.367,0.000,0.050,0.000,0.000,0.000,0.000,0.083,Z06,0.500
C01513,C01513,26.5245,38.7279,60,1.000,12.0,0.000,0.000,0.000,0.000,0.000,0.000,0.000,0.000,0.667,0.267,0.000,0.050,0.000,0.000,0.000,0.000,0.017,Z06,0.667
C01514,C01514,26.5360,38.7279,60,1.000,12.0,0.000,0.000,0.000,0.000,0.000,0.000,0.000,0.000,0.717,0.267,0.000,0.017,0.000,0.000,0.000,0.000,0.000,Z06,0.717
C01515,C01515,26.5475,38.7279,60,1.000,12.0,0.000,0.000,0.000,0.000,0.000,0.000,0.000,0.000,0.817,0.183,0.000,0.000,0.000,0.000,0.000,0.000,0.000,Z06,0.817
C01516,C01516,26.5590,38.7279,60,1.000,12.0,0.000,0.000,0.000,0.000,0.000,0.000,0.000,0.000,0.917,0.083,0.000,0.000,0.000,0.000,0.000,0.000,0.000,Z06,0.917
C01517,C01517,26.5705,38.7279,60,1.000,12.0,0.000,0.000,0.000,0.000,0.000,0.000,0.000,0.000,1.000,0.000,0.000,0.000,0.000,0.000,0.000,0.000,0.000,Z06,1.000
C01518,C01518,26.5820,38.7279,60,1.000,12.0,0.000,0.000,0.000,0.000,0.000,0.000,0.000,0.000,1.000,0.000,0.000,0.000,0.000,0.000,0.000,0.000,0.000,Z06,1.000
C01519,C01519,26.5935,38.7279,60,1.000,12.0,0.000,0.000,0.000,0.000,0.000,0.000,0.000,0.000,1.000,0.000,0.000,0.000,0.000,0.000,0.000,0.000,0.000,Z06,1.000
C01520,C01520,26.6051,38.7279,60,1.000,12.0,0.000,0.000,0.000,0.000,0.000,0.000,0.000,0.000,1.000,0.000,0.000,0.000,0.000,0.000,0.000,0.000,0.000,Z06,1.000
C01521,C01521,26.6166,38.7279,60,1.000,12.0,0.000,0.000,0.000,0.000,0.000,0.000,0.000,0.000,1.000,0.000,0.000,0.000,0.000,0.000,0.000,0.000,0.000,Z06,1.000
C01522,C01522,26.6281,38.7279,60,1.000,15.0,0.000,0.000,0.000,0.000,0.000,0.000,0.000,0.000,1.000,0.000,0.000,0.000,0.000,0.000,0.000,0.000,0.000,Z06,1.000
C01523,C01523,26.6396,38.7279,60,1.000,15.0,0.000,0.000,0.000,0.000,0.000,0.000,0.000,0.000,1.000,0.000,0.000,0.000,0.000,0.000,0.000,0.000,0.000,Z06,1.000
C01524,C01524,26.6511,38.7279,60,1.000,18.0,0.000,0.000,0.000,0.000,0.000,0.000,0.000,0.000,1.000,0.000,0.000,0.000,0.000,0.000,0.000,0.000,0.000,Z06,1.000
C01525,C01525,26.6626,38.7279,60,1.000,18.0,0.000,0.000,0.000,0.000,0.000,0.000,0.000,0.000,1.000,0.000,0.000,0.000,0.000,0.000,0.000,0.000,0.000,Z06,1.000
C01526,C01526,26.6741,38.7279,60,1.000,21.0,0.000,0.000,0.000,0.000,0.000,0.000,0.000,0.000,1.000,0.000,0.000,0.000,0.000,0.000,0.000,0.000,0.000,Z06,1.000
C01527,C01527,26.6856,38.7279,60,1.000,21.0,0.000,0.000,0.000,0.000,0.000,0.000,0.000,0.000,1.000,0.000,0.000,0.000,0.000,0.000,0.000,0.000,0.000,Z06,1.000
C01528,C01528,26.6971,38.7279,60,1.000,21.0,0.000,0.000,0.000,0.000,0.000,0.000,0.000,0.000,1.000,0.000,0.000,0.000,0.000,0.000,0.000,0.000,0.000,Z06,1.000
C01529,C01529,26.7087,38.7279,60,1.000,24.0,0.000,0.000,0.000,0.000,0.000,0.000,0.000,0.000,1.000,0.000,0.000,0.000,0.000,0.000,0.000,0.000,0.000,Z06,1.000
C01530,C01530,26.7202,38.7279,60,1.000,21.0,0.000,0.000,0.000,0.000,0.000,0.000,0.000,0.017,0.950,0.000,0.033,0.000,0.000,0.000,0.000,0.000,0.000,Z06,0.950
C01531,C01531,26.7317,38.7279,60,1.000,6.0,0.000,0.000,0.000,0.000,0.000,0.000,0.000,0.033,0.533,0.000,0.433,0.000,0.000,0.000,0.000,0.000,0.000,Z06,0.533
C01532,C01532,26.3058,38.7369,60,1.000,45.0,0.000,0.000,0.000,0.000,0.000,0.000,0.000,0.000,0.000,0.000,0.000,0.000,0.000,0.000,0.000,0.000,1.000,Z12,1.000
C01533,C01533,26.3173,38.7369,60,1.000,45.0,0.000,0.000,0.000,0.000,0.000,0.000,0.000,0.000,0.000,0.000,0.000,0.000,0.000,0.000,0.000,0.000,1.000,Z12,1.000
C01534,C01534,26.3288,38.7369,60,1.000,42.0,0.000,0.000,0.000,0.000,0.000,0.000,0.000,0.000,0.000,0.000,0.000,0.000,0.000,0.000,0.000,0.000,1.000,Z12,1.000
C01535,C01535,26.3403,38.7369,60,1.000,43.5,0.000,0.000,0.000,0.000,0.000,0.000,0.000,0.000,0.000,0.000,0.000,0.000,0.000,0.000,0.000,0.000,1.000,Z12,1.000
C01536,C01536,26.3518,38.7369,60,1.000,42.0,0.000,0.000,0.000,0.000,0.000,0.000,0.000,0.000,0.000,0.083,0.000,0.000,0.000,0.000,0.000,0.000,0.917,Z12,0.917
C01537,C01537,26.3633,38.7369,60,1.000,45.0,0.000,0.000,0.000,0.000,0.000,0.000,0.000,0.000,0.000,0.267,0.000,0.033,0.000,0.000,0.000,0.000,0.700,Z12,0.700
C01538,C01538,26.3748,38.7369,60,1.000,42.0,0.000,0.000,0.000,0.000,0.000,0.000,0.000,0.000,0.000,0.333,0.000,0.000,0.000,0.000,0.000,0.000,0.667,Z12,0.667
C01539,C01539,26.3863,38.7369,60,1.000,42.0,0.000,0.000,0.000,0.000,0.000,0.000,0.000,0.000,0.000,0.333,0.000,0.000,0.000,0.000,0.000,0.000,0.667,Z12,0.667
C01540,C01540,26.3978,38.7369,60,1.000,39.0,0.000,0.000,0.000,0.000,0.000,0.000,0.000,0.000,0.000,0.333,0.000,0.017,0.000,0.000,0.000,0.000,0.650,Z12,0.650
C01541,C01541,26.4094,38.7369,60,1.000,39.0,0.000,0.000,0.000,0.000,0.000,0.000,0.000,0.000,0.000,0.333,0.000,0.000,0.000,0.000,0.000,0.000,0.667,Z12,0.667
C01542,C01542,26.4209,38.7369,60,1.000,36.0,0.000,0.000,0.000,0.000,0.000,0.000,0.000,0.000,0.017,0.317,0.000,0.000,0.000,0.000,0.000,0.000,0.667,Z12,0.667
C01543,C01543,26.4324,38.7369,60,1.000,33.0,0.000,0.000,0.000,0.000,0.000,0.000,0.000,0.000,0.033,0.300,0.000,0.017,0.000,0.000,0.000,0.000,0.650,Z12,0.650
C01544,C01544,26.4439,38.7369,60,1.000,31.5,0.000,0.000,0.000,0.000,0.000,0.000,0.000,0.000,0.233,0.100,0.000,0.017,0.000,0.000,0.000,0.000,0.650,Z12,0.650
C01545,C01545,26.4554,38.7369,60,1.000,27.0,0.000,0.000,0.000,0.000,0.000,0.000,0.000,0.000,0.333,0.000,0.000,0.017,0.000,0.000,0.000,0.000,0.650,Z12,0.650
C01546,C01546,26.4669,38.7369,60,1.000,21.0,0.000,0.000,0.000,0.000,0.000,0.000,0.000,0.000,0.333,0.000,0.000,0.017,0.000,0.000,0.000,0.000,0.650,Z12,0.650
C01547,C01547,26.4784,38.7369,60,1.000,24.0,0.000,0.000,0.000,0.000,0.000,0.000,0.000,0.000,0.333,0.033,0.000,0.167,0.000,0.000,0.000,0.000,0.467,Z12,0.467
C01548,C01548,26.4899,38.7369,60,1.000,21.0,0.000,0.000,0.000,0.000,0.000,0.000,0.000,0.000,0.333,0.083,0.000,0.183,0.000,0.000,0.000,0.000,0.400,Z12,0.400
C01549,C01549,26.5015,38.7369,60,1.000,18.0,0.000,0.000,0.000,0.000,0.000,0.000,0.000,0.000,0.333,0.183,0.000,0.217,0.000,0.000,0.000,0.000,0.267,Z06,0.333
C01550,C01550,26.5130,38.7369,60,1.000,15.0,0.000,0.000,0.000,0.000,0.000,0.000,0.000,0.000,0.333,0.383,0.000,0.133,0.000,0.000,0.000,0.000,0.150,Z16,0.383
C01551,C01551,26.5245,38.7369,60,1.000,15.0,0.000,0.000,0.000,0.000,0.000,0.000,0.000,0.000,0.450,0.333,0.000,0.150,0.000,0.000,0.000,0.000,0.067,Z06,0.450
C01552,C01552,26.5360,38.7369,60,1.000,12.0,0.000,0.000,0.000,0.000,0.000,0.000,0.000,0.000,0.667,0.317,0.000,0.017,0.000,0.000,0.000,0.000,0.000,Z06,0.667
C01553,C01553,26.5475,38.7369,60,1.000,12.0,0.000,0.000,0.000,0.000,0.000,0.000,0.000,0.000,0.717,0.283,0.000,0.000,0.000,0.000,0.000,0.000,0.000,Z06,0.717
C01554,C01554,26.5590,38.7369,60,1.000,12.0,0.000,0.000,0.000,0.000,0.000,0.000,0.000,0.000,0.883,0.117,0.000,0.000,0.000,0.000,0.000,0.000,0.000,Z06,0.883
C01555,C01555,26.5705,38.7369,60,1.000,12.0,0.000,0.000,0.000,0.000,0.000,0.000,0.000,0.000,0.933,0.067,0.000,0.000,0.000,0.000,0.000,0.000,0.000,Z06,0.933
C01556,C01556,26.5820,38.7369,60,1.000,12.0,0.000,0.000,0.000,0.000,0.000,0.000,0.000,0.000,1.000,0.000,0.000,0.000,0.000,0.000,0.000,0.000,0.000,Z06,1.000
C01557,C01557,26.5935,38.7369,60,1.000,12.0,0.000,0.000,0.000,0.000,0.000,0.000,0.000,0.000,1.000,0.000,0.000,0.000,0.000,0.000,0.000,0.000,0.000,Z06,1.000
C01558,C01558,26.6051,38.7369,60,1.000,12.0,0.000,0.000,0.000,0.000,0.000,0.000,0.000,0.000,1.000,0.000,0.000,0.000,0.000,0.000,0.000,0.000,0.000,Z06,1.000
C01559,C01559,26.6166,38.7369,60,1.000,15.0,0.000,0.000,0.000,0.000,0.000,0.000,0.000,0.000,1.000,0.000,0.000,0.000,0.000,0.000,0.000,0.000,0.000,Z06,1.000
C01560,C01560,26.6281,38.7369,60,1.000,15.0,0.000,0.000,0.000,0.000,0.000,0.000,0.000,0.000,1.000,0.000,0.000,0.000,0.000,0.000,0.000,0.000,0.000,Z06,1.000
C01561,C01561,26.6396,38.7369,60,1.000,15.0,0.000,0.000,0.000,0.000,0.000,0.000,0.000,0.000,1.000,0.000,0.000,0.000,0.000,0.000,0.000,0.000,0.000,Z06,1.000
C01562,C01562,26.6511,38.7369,60,1.000,18.0,0.000,0.000,0.000,0.000,0.000,0.000,0.000,0.000,1.000,0.000,0.000,0.000,0.000,0.000,0.000,0.000,0.000,Z06,1.000
C01563,C01563,26.6626,38.7369,60,1.000,18.0,0.000,0.000,0.000,0.000,0.000,0.000,0.000,0.000,1.000,0.000,0.000,0.000,0.000,0.000,0.000,0.000,0.000,Z06,1.000
C01564,C01564,26.6741,38.7369,60,1.000,18.0,0.000,0.000,0.000,0.000,0.000,0.000,0.000,0.000,1.000,0.000,0.000,0.000,0.000,0.000,0.000,0.000,0.000,Z06,1.000
C01565,C01565,26.6856,38.7369,60,1.000,21.0,0.000,0.000,0.000,0.000,0.000,0.000,0.000,0.000,1.000,0.000,0.000,0.000,0.000,0.000,0.000,0.000,0.000,Z06,1.000
C01566,C01566,26.6971,38.7369,60,1.000,21.0,0.000,0.000,0.000,0.000,0.000,0.000,0.000,0.000,1.000,0.000,0.000,0.000,0.000,0.000,0.000,0.000,0.000,Z06,1.000
C01567,C01567,26.7087,38.7369,60,1.000,21.0,0.000,0.000,0.000,0.000,0.000,0.000,0.000,0.017,0.983,0.000,0.000,0.000,0.000,0.000,0.000,0.000,0.000,Z06,0.983
C01568,C01568,26.7202,38.7369,60,1.000,24.0,0.000,0.000,0.000,0.000,0.000,0.000,0.000,0.017,0.983,0.000,0.000,0.000,0.000,0.000,0.000,0.000,0.000,Z06,0.983
C01569,C01569,26.7317,38.7369,60,1.000,12.0,0.000,0.000,0.000,0.000,0.000,0.000,0.000,0.017,0.633,0.000,0.350,0.000,0.000,0.000,0.000,0.000,0.000,Z06,0.633
C01570,C01570,26.7547,38.7369,60,1.000,3.0,0.000,0.000,0.000,0.000,0.000,0.000,0.000,0.000,0.083,0.000,0.917,0.000,0.000,0.000,0.000,0.000,0.000,Z07,0.917
C01571,C01571,26.7662,38.7369,60,1.000,3.0,0.000,0.000,0.000,0.000,0.000,0.000,0.000,0.000,0.017,0.000,0.983,0.000,0.000,0.000,0.000,0.000,0.000,Z07,0.983
C01572,C01572,26.7777,38.7369,60,1.000,3.0,0.000,0.000,0.000,0.000,0.000,0.000,0.000,0.000,0.000,0.000,1.000,0.000,0.000,0.000,0.000,0.000,0.000,Z07,1.000
C01573,C01573,26.8813,38.7369,60,1.000,3.0,0.000,0.000,0.000,0.000,0.000,0.000,0.000,0.000,0.000,0.000,1.000,0.000,0.000,0.000,0.000,0.000,0.000,Z07,1.000
C01574,C01574,26.8928,38.7369,60,1.000,3.0,0.000,0.000,0.000,0.000,0.000,0.000,0.000,0.000,0.000,0.000,1.000,0.000,0.000,0.000,0.000,0.000,0.000,Z07,1.000
C01575,C01575,26.3058,38.7459,60,1.000,48.0,0.000,0.000,0.000,0.000,0.000,0.000,0.000,0.000,0.000,0.000,0.000,0.000,0.000,0.000,0.000,0.000,1.000,Z12,1.000
C01576,C01576,26.3173,38.7459,60,1.000,48.0,0.000,0.000,0.000,0.000,0.000,0.000,0.000,0.000,0.000,0.000,0.000,0.033,0.000,0.000,0.000,0.000,0.967,Z12,0.967
C01577,C01577,26.3288,38.7459,60,1.000,45.0,0.000,0.000,0.000,0.000,0.000,0.000,0.000,0.000,0.000,0.000,0.000,0.000,0.000,0.000,0.000,0.000,1.000,Z12,1.000
C01578,C01578,26.3403,38.7459,60,1.000,45.0,0.000,0.000,0.000,0.000,0.000,0.000,0.000,0.000,0.000,0.000,0.000,0.000,0.000,0.000,0.000,0.000,1.000,Z12,1.000
C01579,C01579,26.3518,38.7459,60,1.000,45.0,0.000,0.000,0.000,0.000,0.000,0.000,0.000,0.000,0.000,0.067,0.000,0.000,0.000,0.000,0.000,0.000,0.933,Z12,0.933
C01580,C01580,26.3633,38.7459,60,1.000,45.0,0.000,0.000,0.000,0.000,0.000,0.000,0.000,0.000,0.000,0.133,0.000,0.000,0.000,0.000,0.000,0.000,0.867,Z12,0.867
C01581,C01581,26.3748,38.7459,60,1.000,45.0,0.000,0.000,0.000,0.000,0.000,0.000,0.000,0.000,0.000,0.317,0.000,0.000,0.000,0.000,0.000,0.000,0.683,Z12,0.683
C01582,C01582,26.3863,38.7459,60,1.000,45.0,0.000,0.000,0.000,0.000,0.000,0.000,0.000,0.000,0.000,0.333,0.000,0.000,0.000,0.000,0.000,0.000,0.667,Z12,0.667
C01583,C01583,26.3978,38.7459,60,1.000,45.0,0.000,0.000,0.000,0.000,0.000,0.000,0.000,0.000,0.000,0.333,0.000,0.000,0.000,0.000,0.000,0.000,0.667,Z12,0.667
C01584,C01584,26.4094,38.7459,60,1.000,42.0,0.000,0.000,0.000,0.000,0.000,0.000,0.000,0.000,0.000,0.333,0.000,0.000,0.000,0.000,0.000,0.000,0.667,Z12,0.667
C01585,C01585,26.4209,38.7459,60,1.000,42.0,0.000,0.000,0.000,0.000,0.000,0.000,0.000,0.000,0.017,0.317,0.000,0.000,0.000,0.000,0.000,0.000,0.667,Z12,0.667
C01586,C01586,26.4324,38.7459,60,1.000,39.0,0.000,0.000,0.000,0.000,0.000,0.000,0.000,0.000,0.033,0.300,0.000,0.000,0.000,0.000,0.000,0.000,0.667,Z12,0.667
C01587,C01587,26.4439,38.7459,60,1.000,39.0,0.000,0.000,0.000,0.000,0.000,0.000,0.000,0.000,0.250,0.083,0.000,0.000,0.000,0.000,0.000,0.000,0.667,Z12,0.667
C01588,C01588,26.4554,38.7459,60,1.000,33.0,0.000,0.000,0.000,0.000,0.000,0.000,0.000,0.000,0.333,0.000,0.000,0.033,0.000,0.000,0.000,0.000,0.633,Z12,0.633
C01589,C01589,26.4669,38.7459,60,1.000,30.0,0.000,0.000,0.000,0.000,0.000,0.000,0.000,0.000,0.333,0.000,0.000,0.033,0.000,0.000,0.000,0.000,0.633,Z12,0.633
C01590,C01590,26.4784,38.7459,60,1.000,30.0,0.000,0.000,0.000,0.000,0.000,0.000,0.000,0.000,0.333,0.000,0.000,0.083,0.000,0.000,0.000,0.000,0.583,Z12,0.583
C01591,C01591,26.4899,38.7459,60,1.000,24.0,0.000,0.000,0.000,0.000,0.000,0.000,0.000,0.000,0.333,0.000,0.000,0.067,0.000,0.000,0.000,0.000,0.600,Z12,0.600
C01592,C01592,26.5015,38.7459,60,1.000,24.0,0.000,0.000,0.000,0.000,0.000,0.000,0.000,0.000,0.333,0.017,0.000,0.217,0.000,0.000,0.000,0.000,0.433,Z12,0.433
C01593,C01593,26.5130,38.7459,60,1.000,24.0,0.000,0.000,0.000,0.000,0.000,0.000,0.000,0.000,0.333,0.067,0.000,0.350,0.000,0.000,0.000,0.000,0.250,Z08,0.350
C01594,C01594,26.5245,38.7459,60,1.000,19.5,0.000,0.000,0.000,0.000,0.000,0.000,0.000,0.000,0.350,0.267,0.000,0.217,0.000,0.000,0.000,0.000,0.167,Z06,0.350
C01595,C01595,26.5360,38.7459,60,0.983,15.0,0.000,0.000,0.000,0.000,0.000,0.000,0.000,0.000,0.367,0.517,0.000,0.067,0.000,0.000,0.000,0.000,0.050,Z16,0.517
C01596,C01596,26.5475,38.7459,60,1.000,15.0,0.000,0.000,0.000,0.000,0.000,0.000,0.000,0.000,0.467,0.500,0.000,0.017,0.000,0.000,0.000,0.000,0.017,Z16,0.500
C01597,C01597,26.5590,38.7459,60,1.000,13.5,0.000,0.000,0.000,0.000,0.000,0.000,0.000,0.000,0.700,0.300,0.000,0.000,0.000,0.000,0.000,0.000,0.000,Z06,0.700
C01598,C01598,26.5705,38.7459,60,1.000,12.0,0.000,0.000,0.000,0.000,0.000,0.000,0.000,0.000,0.917,0.083,0.000,0.000,0.000,0.000,0.000,0.000,0.000,Z06,0.917
C01599,C01599,26.5820,38.7459,60,1.000,12.0,0.000,0.000,0.000,0.000,0.000,0.000,0.000,0.000,0.933,0.067,0.000,0.000,0.000,0.000,0.000,0.000,0.000,Z06,0.933
C01600,C01600,26.5935,38.7459,60,1.000,15.0,0.000,0.000,0.000,0.000,0.000,0.000,0.000,0.000,1.000,0.000,0.000,0.000,0.000,0.000,0.000,0.000,0.000,Z06,1.000
C01601,C01601,26.6051,38.7459,60,1.000,15.0,0.000,0.000,0.000,0.000,0.000,0.000,0.000,0.000,1.000,0.000,0.000,0.000,0.000,0.000,0.000,0.000,0.000,Z06,1.000
C01602,C01602,26.6166,38.7459,60,1.000,15.0,0.000,0.000,0.000,0.000,0.000,0.000,0.000,0.000,1.000,0.000,0.000,0.000,0.000,0.000,0.000,0.000,0.000,Z06,1.000
C01603,C01603,26.6281,38.7459,60,1.000,15.0,0.000,0.000,0.000,0.000,0.000,0.000,0.000,0.000,1.000,0.000,0.000,0.000,0.000,0.000,0.000,0.000,0.000,Z06,1.000
C01604,C01604,26.6396,38.7459,60,1.000,15.0,0.000,0.000,0.000,0.000,0.000,0.000,0.000,0.000,1.000,0.000,0.000,0.000,0.000,0.000,0.000,0.000,0.000,Z06,1.000
C01605,C01605,26.6511,38.7459,60,1.000,18.0,0.000,0.000,0.000,0.000,0.000,0.000,0.000,0.000,1.000,0.000,0.000,0.000,0.000,0.000,0.000,0.000,0.000,Z06,1.000
C01606,C01606,26.6626,38.7459,60,1.000,18.0,0.000,0.000,0.000,0.000,0.000,0.000,0.000,0.000,1.000,0.000,0.000,0.000,0.000,0.000,0.000,0.000,0.000,Z06,1.000
C01607,C01607,26.6741,38.7459,60,1.000,18.0,0.000,0.000,0.000,0.000,0.000,0.000,0.000,0.000,1.000,0.000,0.000,0.000,0.000,0.000,0.000,0.000,0.000,Z06,1.000
C01608,C01608,26.6856,38.7459,60,1.000,21.0,0.000,0.000,0.000,0.000,0.000,0.000,0.000,0.000,1.000,0.000,0.000,0.000,0.000,0.000,0.000,0.000,0.000,Z06,1.000
C01609,C01609,26.6971,38.7459,60,1.000,21.0,0.000,0.000,0.000,0.000,0.000,0.000,0.000,0.000,1.000,0.000,0.000,0.000,0.000,0.000,0.000,0.000,0.000,Z06,1.000
C01610,C01610,26.7087,38.7459,60,1.000,21.0,0.000,0.000,0.000,0.000,0.000,0.000,0.000,0.000,1.000,0.000,0.000,0.000,0.000,0.000,0.000,0.000,0.000,Z06,1.000
C01611,C01611,26.7202,38.7459,60,1.000,21.0,0.000,0.000,0.000,0.000,0.000,0.000,0.000,0.033,0.967,0.000,0.000,0.000,0.000,0.000,0.000,0.000,0.000,Z06,0.967
C01612,C01612,26.7317,38.7459,60,1.000,24.0,0.000,0.000,0.000,0.000,0.000,0.000,0.000,0.017,0.850,0.000,0.133,0.000,0.000,0.000,0.000,0.000,0.000,Z06,0.850
C01613,C01613,26.7432,38.7459,60,1.000,6.0,0.000,0.000,0.000,0.000,0.000,0.000,0.000,0.000,0.567,0.000,0.433,0.000,0.000,0.000,0.000,0.000,0.000,Z06,0.567
C01614,C01614,26.7547,38.7459,60,1.000,3.0,0.000,0.000,0.000,0.000,0.000,0.000,0.000,0.017,0.150,0.000,0.833,0.000,0.000,0.000,0.000,0.000,0.000,Z07,0.833
C01615,C01615,26.7662,38.7459,60,1.000,3.0,0.000,0.000,0.000,0.000,0.000,0.000,0.000,0.000,0.000,0.000,1.000,0.000,0.000,0.000,0.000,0.000,0.000,Z07,1.000
C01616,C01616,26.7777,38.7459,60,1.000,3.0,0.000,0.000,0.000,0.000,0.000,0.000,0.000,0.000,0.000,0.000,1.000,0.000,0.000,0.000,0.000,0.000,0.000,Z07,1.000
C01617,C01617,26.7892,38.7459,60,1.000,3.0,0.000,0.000,0.000,0.000,0.000,0.000,0.000,0.000,0.000,0.000,1.000,0.000,0.000,0.000,0.000,0.000,0.000,Z07,1.000
C01618,C01618,26.8008,38.7459,60,1.000,3.0,0.000,0.000,0.000,0.000,0.000,0.000,0.000,0.000,0.000,0.000,0.933,0.000,0.000,0.067,0.000,0.000,0.000,Z07,0.933
C01619,C01619,26.8468,38.7459,60,1.000,3.0,0.000,0.000,0.000,0.000,0.000,0.000,0.000,0.000,0.000,0.000,0.967,0.000,0.000,0.033,0.000,0.000,0.000,Z07,0.967
C01620,C01620,26.8698,38.7459,60,1.000,3.0,0.000,0.000,0.000,0.000,0.000,0.000,0.000,0.000,0.000,0.000,0.967,0.000,0.000,0.033,0.000,0.000,0.000,Z07,0.967
C01621,C01621,26.8813,38.7459,60,1.000,3.0,0.000,0.000,0.000,0.000,0.000,0.000,0.000,0.000,0.000,0.000,1.000,0.000,0.000,0.000,0.000,0.000,0.000,Z07,1.000
C01622,C01622,26.8928,38.7459,60,1.000,3.0,0.000,0.000,0.000,0.000,0.000,0.000,0.000,0.000,0.000,0.000,1.000,0.000,0.000,0.000,0.000,0.000,0.000,Z07,1.000
C01623,C01623,26.3058,38.7550,60,1.000,51.0,0.000,0.000,0.000,0.000,0.000,0.000,0.000,0.000,0.000,0.000,0.000,0.000,0.000,0.000,0.000,0.000,1.000,Z12,1.000
C01624,C01624,26.3173,38.7550,60,1.000,51.0,0.000,0.000,0.000,0.000,0.000,0.000,0.000,0.000,0.000,0.000,0.000,0.000,0.000,0.000,0.000,0.000,1.000,Z12,1.000
C01625,C01625,26.3288,38.7550,60,1.000,48.0,0.000,0.000,0.000,0.000,0.000,0.000,0.000,0.000,0.000,0.000,0.000,0.000,0.000,0.000,0.000,0.000,1.000,Z12,1.000
C01626,C01626,26.3403,38.7550,60,1.000,48.0,0.000,0.000,0.000,0.000,0.000,0.000,0.000,0.000,0.000,0.000,0.000,0.000,0.000,0.000,0.000,0.000,1.000,Z12,1.000
C01627,C01627,26.3518,38.7550,60,1.000,48.0,0.000,0.000,0.000,0.000,0.000,0.000,0.000,0.000,0.000,0.017,0.000,0.000,0.000,0.000,0.000,0.000,0.983,Z12,0.983
C01628,C01628,26.3633,38.7550,60,1.000,45.0,0.000,0.000,0.000,0.000,0.000,0.000,0.000,0.000,0.000,0.133,0.000,0.000,0.000,0.000,0.000,0.000,0.867,Z12,0.867
C01629,C01629,26.3748,38.7550,60,1.000,48.0,0.000,0.000,0.000,0.000,0.000,0.000,0.000,0.000,0.000,0.283,0.000,0.000,0.000,0.000,0.000,0.000,0.717,Z12,0.717
C01630,C01630,26.3863,38.7550,60,1.000,48.0,0.000,0.000,0.000,0.000,0.000,0.000,0.000,0.000,0.000,0.300,0.000,0.000,0.000,0.000,0.000,0.000,0.700,Z12,0.700
C01631,C01631,26.3978,38.7550,60,1.000,48.0,0.000,0.000,0.000,0.000,0.000,0.000,0.000,0.000,0.000,0.333,0.000,0.000,0.000,0.000,0.000,0.000,0.667,Z12,0.667
C01632,C01632,26.4094,38.7550,60,1.000,46.5,0.000,0.000,0.000,0.000,0.000,0.000,0.000,0.000,0.000,0.333,0.000,0.017,0.000,0.000,0.000,0.000,0.650,Z12,0.650
C01633,C01633,26.4209,38.7550,60,1.000,45.0,0.000,0.000,0.000,0.000,0.000,0.000,0.000,0.000,0.000,0.333,0.000,0.000,0.000,0.000,0.000,0.000,0.667,Z12,0.667
C01634,C01634,26.4324,38.7550,60,1.000,48.0,0.000,0.000,0.000,0.000,0.000,0.000,0.000,0.000,0.050,0.283,0.000,0.000,0.000,0.000,0.000,0.000,0.667,Z12,0.667
C01635,C01635,26.4439,38.7550,60,1.000,42.0,0.000,0.000,0.000,0.000,0.000,0.000,0.000,0.000,0.167,0.167,0.000,0.033,0.000,0.000,0.000,0.000,0.633,Z12,0.633
C01636,C01636,26.4554,38.7550,60,1.000,40.5,0.000,0.000,0.000,0.000,0.000,0.000,0.000,0.000,0.333,0.000,0.000,0.033,0.000,0.000,0.000,0.000,0.633,Z12,0.633
C01637,C01637,26.4669,38.7550,60,1.000,39.0,0.000,0.000,0.000,0.000,0.000,0.000,0.000,0.000,0.333,0.000,0.000,0.000,0.000,0.000,0.000,0.000,0.667,Z12,0.667
C01638,C01638,26.4784,38.7550,60,1.000,28.5,0.000,0.000,0.000,0.000,0.000,0.000,0.000,0.000,0.333,0.000,0.000,0.017,0.000,0.000,0.000,0.000,0.650,Z12,0.650
C01639,C01639,26.4899,38.7550,60,1.000,24.0,0.000,0.000,0.000,0.000,0.000,0.000,0.000,0.000,0.333,0.000,0.000,0.050,0.000,0.000,0.000,0.000,0.617,Z12,0.617
C01640,C01640,26.5015,38.7550,60,1.000,24.0,0.000,0.000,0.000,0.000,0.000,0.000,0.000,0.000,0.333,0.000,0.000,0.150,0.000,0.000,0.000,0.000,0.517,Z12,0.517
C01641,C01641,26.5130,38.7550,60,1.000,24.0,0.000,0.000,0.000,0.000,0.000,0.000,0.000,0.000,0.333,0.017,0.000,0.233,0.000,0.000,0.000,0.000,0.417,Z12,0.417
C01642,C01642,26.5245,38.7550,60,1.000,24.0,0.000,0.000,0.000,0.000,0.000,0.000,0.000,0.000,0.333,0.100,0.000,0.283,0.000,0.000,0.000,0.000,0.283,Z06,0.333
C01643,C01643,26.5360,38.7550,60,1.000,21.0,0.000,0.000,0.000,0.000,0.000,0.000,0.000,0.000,0.333,0.317,0.000,0.233,0.000,0.000,0.000,0.000,0.117,Z06,0.333
C01644,C01644,26.5475,38.7550,60,1.000,15.0,0.000,0.000,0.000,0.000,0.000,0.000,0.000,0.000,0.350,0.550,0.000,0.033,0.000,0.000,0.000,0.000,0.067,Z16,0.550
C01645,C01645,26.5590,38.7550,60,1.000,15.0,0.000,0.000,0.000,0.000,0.000,0.000,0.000,0.000,0.500,0.483,0.000,0.017,0.000,0.000,0.000,0.000,0.000,Z06,0.500
C01646,C01646,26.5705,38.7550,60,1.000,15.0,0.000,0.000,0.000,0.000,0.000,0.000,0.000,0.000,0.700,0.300,0.000,0.000,0.000,0.000,0.000,0.000,0.000,Z06,0.700
C01647,C01647,26.5820,38.7550,60,1.000,15.0,0.000,0.000,0.000,0.000,0.000,0.000,0.000,0.000,0.833,0.167,0.000,0.000,0.000,0.000,0.000,0.000,0.000,Z06,0.833
C01648,C01648,26.5935,38.7550,60,1.000,15.0,0.000,0.000,0.000,0.000,0.000,0.000,0.000,0.000,0.983,0.017,0.000,0.000,0.000,0.000,0.000,0.000,0.000,Z06,0.983
C01649,C01649,26.6051,38.7550,60,1.000,15.0,0.000,0.000,0.000,0.000,0.000,0.000,0.000,0.000,1.000,0.000,0.000,0.000,0.000,0.000,0.000,0.000,0.000,Z06,1.000
C01650,C01650,26.6166,38.7550,60,1.000,15.0,0.000,0.000,0.000,0.000,0.000,0.000,0.000,0.000,1.000,0.000,0.000,0.000,0.000,0.000,0.000,0.000,0.000,Z06,1.000
C01651,C01651,26.6281,38.7550,60,1.000,15.0,0.000,0.000,0.000,0.000,0.000,0.000,0.000,0.000,1.000,0.000,0.000,0.000,0.000,0.000,0.000,0.000,0.000,Z06,1.000
C01652,C01652,26.6396,38.7550,60,1.000,15.0,0.000,0.000,0.000,0.000,0.000,0.000,0.000,0.000,1.000,0.000,0.000,0.000,0.000,0.000,0.000,0.000,0.000,Z06,1.000
C01653,C01653,26.6511,38.7550,60,1.000,15.0,0.000,0.000,0.000,0.000,0.000,0.000,0.000,0.000,1.000,0.000,0.000,0.000,0.000,0.000,0.000,0.000,0.000,Z06,1.000
C01654,C01654,26.6626,38.7550,60,1.000,18.0,0.000,0.000,0.000,0.000,0.000,0.000,0.000,0.000,1.000,0.000,0.000,0.000,0.000,0.000,0.000,0.000,0.000,Z06,1.000
C01655,C01655,26.6741,38.7550,60,1.000,21.0,0.000,0.000,0.000,0.000,0.000,0.000,0.000,0.000,1.000,0.000,0.000,0.000,0.000,0.000,0.000,0.000,0.000,Z06,1.000
C01656,C01656,26.6856,38.7550,60,1.000,21.0,0.000,0.000,0.000,0.000,0.000,0.000,0.000,0.000,1.000,0.000,0.000,0.000,0.000,0.000,0.000,0.000,0.000,Z06,1.000
C01657,C01657,26.6971,38.7550,60,1.000,21.0,0.000,0.000,0.000,0.000,0.000,0.000,0.000,0.000,1.000,0.000,0.000,0.000,0.000,0.000,0.000,0.000,0.000,Z06,1.000
C01658,C01658,26.7087,38.7550,60,1.000,21.0,0.000,0.000,0.000,0.000,0.000,0.000,0.000,0.000,1.000,0.000,0.000,0.000,0.000,0.000,0.000,0.000,0.000,Z06,1.000
C01659,C01659,26.7202,38.7550,60,1.000,21.0,0.000,0.000,0.000,0.000,0.000,0.000,0.000,0.017,0.983,0.000,0.000,0.000,0.000,0.000,0.000,0.000,0.000,Z06,0.983
C01660,C01660,26.7317,38.7550,60,1.000,24.0,0.000,0.000,0.000,0.000,0.000,0.000,0.000,0.000,0.950,0.000,0.050,0.000,0.000,0.000,0.000,0.000,0.000,Z06,0.950
C01661,C01661,26.7432,38.7550,60,1.000,24.0,0.000,0.000,0.000,0.000,0.000,0.000,0.000,0.000,0.800,0.000,0.200,0.000,0.000,0.000,0.000,0.000,0.000,Z06,0.800
C01662,C01662,26.7547,38.7550,60,1.000,24.0,0.000,0.000,0.000,0.000,0.000,0.000,0.000,0.050,0.567,0.000,0.383,0.000,0.000,0.000,0.000,0.000,0.000,Z06,0.567
C01663,C01663,26.7662,38.7550,60,1.000,6.0,0.000,0.000,0.000,0.000,0.000,0.000,0.000,0.017,0.250,0.000,0.733,0.000,0.000,0.000,0.000,0.000,0.000,Z07,0.733
C01664,C01664,26.7777,38.7550,60,1.000,6.0,0.000,0.000,0.000,0.000,0.000,0.000,0.000,0.000,0.083,0.000,0.917,0.000,0.000,0.000,0.000,0.000,0.000,Z07,0.917
C01665,C01665,26.7892,38.7550,60,1.000,3.0,0.000,0.000,0.000,0.000,0.000,0.000,0.000,0.000,0.000,0.000,1.000,0.000,0.000,0.000,0.000,0.000,0.000,Z07,1.000
C01666,C01666,26.8008,38.7550,60,1.000,3.0,0.000,0.000,0.000,0.000,0.000,0.000,0.000,0.000,0.017,0.000,0.950,0.000,0.000,0.033,0.000,0.000,0.000,Z07,0.950
C01667,C01667,26.8123,38.7550,60,1.000,3.0,0.000,0.000,0.000,0.000,0.000,0.000,0.000,0.000,0.000,0.000,0.467,0.000,0.000,0.533,0.000,0.000,0.000,Z10,0.533
C01668,C01668,26.8353,38.7550,60,1.000,3.0,0.000,0.000,0.000,0.000,0.000,0.000,0.000,0.000,0.000,0.000,0.133,0.000,0.000,0.867,0.000,0.000,0.000,Z10,0.867
C01669,C01669,26.8468,38.7550,60,1.000,3.0,0.000,0.000,0.000,0.000,0.000,0.000,0.000,0.000,0.000,0.000,0.817,0.000,0.000,0.183,0.000,0.000,0.000,Z07,0.817
C01670,C01670,26.8583,38.7550,60,1.000,3.0,0.000,0.000,0.000,0.000,0.000,0.000,0.000,0.000,0.000,0.000,0.567,0.000,0.000,0.433,0.000,0.000,0.000,Z07,0.567
C01671,C01671,26.8698,38.7550,60,1.000,3.0,0.000,0.000,0.000,0.000,0.000,0.000,0.000,0.000,0.000,0.000,0.900,0.000,0.000,0.100,0.000,0.000,0.000,Z07,0.900
C01672,C01672,26.8813,38.7550,60,1.000,6.0,0.000,0.000,0.000,0.000,0.000,0.000,0.000,0.000,0.000,0.000,0.983,0.000,0.000,0.017,0.000,0.000,0.000,Z07,0.983
C01673,C01673,26.8928,38.7550,60,1.000,6.0,0.000,0.000,0.000,0.000,0.000,0.000,0.000,0.000,0.000,0.000,0.967,0.000,0.000,0.033,0.000,0.000,0.000,Z07,0.967
C01674,C01674,26.9044,38.7550,60,1.000,3.0,0.000,0.000,0.000,0.000,0.000,0.000,0.000,0.000,0.000,0.000,0.433,0.000,0.000,0.567,0.000,0.000,0.000,Z10,0.567
C01675,C01675,26.9159,38.7550,60,1.000,3.0,0.000,0.000,0.000,0.000,0.000,0.000,0.000,0.000,0.000,0.000,0.117,0.000,0.000,0.883,0.000,0.000,0.000,Z10,0.883
C01676,C01676,26.9274,38.7550,60,1.000,3.0,0.000,0.000,0.000,0.000,0.000,0.000,0.000,0.000,0.000,0.000,0.000,0.000,0.000,1.000,0.000,0.000,0.000,Z10,1.000
C01677,C01677,26.9389,38.7550,60,1.000,3.0,0.000,0.000,0.000,0.000,0.000,0.000,0.000,0.000,0.000,0.000,0.000,0.000,0.000,1.000,0.000,0.000,0.000,Z10,1.000
C01678,C01678,26.3058,38.7640,60,1.000,54.0,0.000,0.000,0.000,0.000,0.000,0.000,0.000,0.000,0.000,0.000,0.000,0.000,0.000,0.000,0.000,0.000,1.000,Z12,1.000
C01679,C01679,26.3173,38.7640,60,1.000,54.0,0.000,0.000,0.000,0.000,0.000,0.000,0.000,0.000,0.000,0.000,0.000,0.000,0.000,0.000,0.000,0.000,1.000,Z12,1.000
C01680,C01680,26.3288,38.7640,60,1.000,51.0,0.000,0.000,0.000,0.000,0.000,0.000,0.000,0.000,0.000,0.000,0.000,0.017,0.000,0.000,0.000,0.000,0.983,Z12,0.983
C01681,C01681,26.3403,38.7640,60,1.000,51.0,0.000,0.000,0.000,0.000,0.000,0.000,0.000,0.000,0.000,0.000,0.000,0.000,0.000,0.000,0.000,0.000,1.000,Z12,1.000
C01682,C01682,26.3518,38.7640,60,1.000,48.0,0.000,0.000,0.000,0.000,0.000,0.000,0.000,0.000,0.000,0.017,0.000,0.000,0.000,0.000,0.000,0.000,0.983,Z12,0.983
C01683,C01683,26.3633,38.7640,60,1.000,48.0,0.000,0.000,0.000,0.000,0.000,0.000,0.000,0.000,0.000,0.183,0.000,0.000,0.000,0.000,0.000,0.000,0.817,Z12,0.817
C01684,C01684,26.3748,38.7640,60,1.000,49.5,0.000,0.000,0.000,0.000,0.000,0.000,0.000,0.000,0.000,0.233,0.000,0.000,0.000,0.000,0.000,0.000,0.767,Z12,0.767
C01685,C01685,26.3863,38.7640,60,1.000,51.0,0.000,0.000,0.000,0.000,0.000,0.000,0.000,0.000,0.000,0.267,0.000,0.017,0.000,0.000,0.000,0.000,0.717,Z12,0.717
C01686,C01686,26.3978,38.7640,60,1.000,51.0,0.000,0.000,0.000,0.000,0.000,0.000,0.000,0.000,0.000,0.333,0.000,0.000,0.000,0.000,0.000,0.000,0.667,Z12,0.667
C01687,C01687,26.4094,38.7640,60,1.000,48.0,0.000,0.000,0.000,0.000,0.000,0.000,0.000,0.000,0.000,0.333,0.000,0.000,0.000,0.000,0.000,0.000,0.667,Z12,0.667
C01688,C01688,26.4209,38.7640,60,1.000,48.0,0.000,0.000,0.000,0.000,0.000,0.000,0.000,0.000,0.017,0.317,0.000,0.000,0.000,0.000,0.000,0.000,0.667,Z12,0.667
C01689,C01689,26.4324,38.7640,60,1.000,48.0,0.000,0.000,0.000,0.000,0.000,0.000,0.000,0.000,0.100,0.233,0.000,0.033,0.000,0.000,0.000,0.000,0.633,Z12,0.633
C01690,C01690,26.4439,38.7640,60,1.000,48.0,0.000,0.000,0.000,0.000,0.000,0.000,0.000,0.000,0.250,0.083,0.000,0.000,0.000,0.000,0.000,0.000,0.667,Z12,0.667
C01691,C01691,26.4554,38.7640,60,1.000,48.0,0.000,0.000,0.000,0.000,0.000,0.000,0.000,0.000,0.317,0.017,0.000,0.033,0.000,0.000,0.000,0.000,0.633,Z12,0.633
C01692,C01692,26.4669,38.7640,60,1.000,40.5,0.000,0.000,0.000,0.000,0.000,0.000,0.000,0.000,0.333,0.000,0.000,0.000,0.000,0.000,0.000,0.000,0.667,Z12,0.667
C01693,C01693,26.4784,38.7640,60,1.000,37.5,0.000,0.000,0.000,0.000,0.000,0.000,0.000,0.000,0.333,0.000,0.000,0.017,0.000,0.000,0.000,0.000,0.650,Z12,0.650
C01694,C01694,26.4899,38.7640,60,1.000,27.0,0.000,0.000,0.000,0.000,0.000,0.000,0.000,0.000,0.333,0.000,0.000,0.033,0.000,0.000,0.000,0.000,0.633,Z12,0.633
C01695,C01695,26.5015,38.7640,60,1.000,24.0,0.000,0.000,0.000,0.000,0.000,0.000,0.000,0.000,0.333,0.000,0.000,0.033,0.000,0.000,0.000,0.000,0.633,Z12,0.633
C01696,C01696,26.5130,38.7640,60,1.000,24.0,0.000,0.000,0.000,0.000,0.000,0.000,0.000,0.000,0.333,0.000,0.000,0.067,0.000,0.000,0.000,0.000,0.600,Z12,0.600
C01697,C01697,26.5245,38.7640,60,1.000,25.5,0.000,0.000,0.000,0.000,0.000,0.000,0.000,0.000,0.333,0.033,0.000,0.267,0.000,0.000,0.000,0.000,0.367,Z12,0.367
C01698,C01698,26.5360,38.7640,60,1.000,24.0,0.000,0.000,0.000,0.000,0.000,0.000,0.000,0.000,0.333,0.050,0.000,0.333,0.000,0.000,0.000,0.000,0.283,Z06,0.333
C01699,C01699,26.5475,38.7640,60,1.000,21.0,0.000,0.000,0.000,0.000,0.000,0.000,0.000,0.000,0.333,0.317,0.000,0.250,0.000,0.000,0.000,0.000,0.100,Z06,0.333
C01700,C01700,26.5590,38.7640,60,1.000,15.0,0.000,0.000,0.000,0.000,0.000,0.000,0.000,0.000,0.350,0.517,0.000,0.067,0.000,0.000,0.000,0.000,0.067,Z16,0.517
C01701,C01701,26.5705,38.7640,60,1.000,15.0,0.000,0.000,0.000,0.000,0.000,0.000,0.000,0.000,0.467,0.533,0.000,0.000,0.000,0.000,0.000,0.000,0.000,Z16,0.533
C01702,C01702,26.5820,38.7640,60,1.000,15.0,0.000,0.000,0.000,0.000,0.000,0.000,0.000,0.000,0.633,0.367,0.000,0.000,0.000,0.000,0.000,0.000,0.000,Z06,0.633
C01703,C01703,26.5935,38.7640,60,1.000,15.0,0.000,0.000,0.000,0.000,0.000,0.000,0.000,0.000,0.867,0.133,0.000,0.000,0.000,0.000,0.000,0.000,0.000,Z06,0.867
C01704,C01704,26.6051,38.7640,60,1.000,15.0,0.000,0.000,0.000,0.000,0.000,0.000,0.000,0.000,1.000,0.000,0.000,0.000,0.000,0.000,0.000,0.000,0.000,Z06,1.000
C01705,C01705,26.6166,38.7640,60,1.000,15.0,0.000,0.000,0.000,0.000,0.000,0.000,0.000,0.000,1.000,0.000,0.000,0.000,0.000,0.000,0.000,0.000,0.000,Z06,1.000
C01706,C01706,26.6281,38.7640,60,1.000,15.0,0.000,0.000,0.000,0.000,0.000,0.000,0.000,0.000,1.000,0.000,0.000,0.000,0.000,0.000,0.000,0.000,0.000,Z06,1.000
C01707,C01707,26.6396,38.7640,60,1.000,18.0,0.000,0.000,0.000,0.000,0.000,0.000,0.000,0.000,1.000,0.000,0.000,0.000,0.000,0.000,0.000,0.000,0.000,Z06,1.000
C01708,C01708,26.6511,38.7640,60,1.000,18.0,0.000,0.000,0.000,0.000,0.000,0.000,0.000,0.000,1.000,0.000,0.000,0.000,0.000,0.000,0.000,0.000,0.000,Z06,1.000
C01709,C01709,26.6626,38.7640,60,1.000,18.0,0.000,0.000,0.000,0.000,0.000,0.000,0.000,0.000,1.000,0.000,0.000,0.000,0.000,0.000,0.000,0.000,0.000,Z06,1.000
C01710,C01710,26.6741,38.7640,60,1.000,19.5,0.000,0.000,0.000,0.000,0.000,0.000,0.000,0.000,1.000,0.000,0.000,0.000,0.000,0.000,0.000,0.000,0.000,Z06,1.000
C01711,C01711,26.6856,38.7640,60,1.000,21.0,0.000,0.000,0.000,0.000,0.000,0.000,0.000,0.000,1.000,0.000,0.000,0.000,0.000,0.000,0.000,0.000,0.000,Z06,1.000
C01712,C01712,26.6971,38.7640,60,1.000,21.0,0.000,0.000,0.000,0.000,0.000,0.000,0.000,0.000,1.000,0.000,0.000,0.000,0.000,0.000,0.000,0.000,0.000,Z06,1.000
C01713,C01713,26.7087,38.7640,60,1.000,21.0,0.000,0.000,0.000,0.000,0.000,0.000,0.000,0.000,1.000,0.000,0.000,0.000,0.000,0.000,0.000,0.000,0.000,Z06,1.000
C01714,C01714,26.7202,38.7640,60,1.000,21.0,0.000,0.000,0.000,0.000,0.000,0.000,0.000,0.017,0.983,0.000,0.000,0.000,0.000,0.000,0.000,0.000,0.000,Z06,0.983
C01715,C01715,26.7317,38.7640,60,1.000,21.0,0.000,0.000,0.000,0.000,0.000,0.000,0.000,0.000,0.983,0.000,0.017,0.000,0.000,0.000,0.000,0.000,0.000,Z06,0.983
C01716,C01716,26.7432,38.7640,60,1.000,24.0,0.000,0.000,0.000,0.000,0.000,0.000,0.000,0.000,0.867,0.000,0.133,0.000,0.000,0.000,0.000,0.000,0.000,Z06,0.867
C01717,C01717,26.7547,38.7640,60,1.000,24.0,0.000,0.000,0.000,0.000,0.000,0.000,0.000,0.000,0.683,0.000,0.317,0.000,0.000,0.000,0.000,0.000,0.000,Z06,0.683
C01718,C01718,26.7662,38.7640,60,1.000,24.0,0.000,0.000,0.000,0.000,0.000,0.000,0.000,0.017,0.600,0.000,0.383,0.000,0.000,0.000,0.000,0.000,0.000,Z06,0.600
C01719,C01719,26.7777,38.7640,60,1.000,9.0,0.000,0.000,0.000,0.000,0.000,0.000,0.000,0.033,0.367,0.000,0.600,0.000,0.000,0.000,0.000,0.000,0.000,Z07,0.600
C01720,C01720,26.7892,38.7640,60,1.000,6.0,0.000,0.000,0.000,0.000,0.000,0.000,0.000,0.017,0.133,0.000,0.850,0.000,0.000,0.000,0.000,0.000,0.000,Z07,0.850
C01721,C01721,26.8008,38.7640,60,1.000,6.0,0.000,0.000,0.000,0.000,0.000,0.000,0.000,0.000,0.033,0.000,0.933,0.000,0.000,0.033,0.000,0.000,0.000,Z07,0.933
C01722,C01722,26.8123,38.7640,60,1.000,6.0,0.000,0.000,0.000,0.000,0.000,0.000,0.000,0.000,0.017,0.000,0.800,0.000,0.000,0.183,0.000,0.000,0.000,Z07,0.800
C01723,C01723,26.8238,38.7640,60,1.000,3.0,0.000,0.000,0.000,0.000,0.000,0.000,0.000,0.000,0.000,0.000,0.333,0.000,0.000,0.667,0.000,0.000,0.000,Z10,0.667
C01724,C01724,26.8353,38.7640,60,1.000,3.0,0.000,0.000,0.000,0.000,0.000,0.000,0.000,0.000,0.000,0.000,0.167,0.000,0.000,0.833,0.000,0.000,0.000,Z10,0.833
C01725,C01725,26.8468,38.7640,60,1.000,6.0,0.000,0.000,0.000,0.000,0.000,0.000,0.000,0.000,0.000,0.000,0.400,0.000,0.000,0.600,0.000,0.000,0.000,Z10,0.600
C01726,C01726,26.8583,38.7640,60,1.000,6.0,0.000,0.000,0.000,0.000,0.000,0.000,0.000,0.000,0.000,0.000,0.617,0.000,0.000,0.383,0.000,0.000,0.000,Z07,0.617
C01727,C01727,26.8698,38.7640,60,1.000,6.0,0.000,0.000,0.000,0.000,0.000,0.000,0.000,0.000,0.000,0.000,0.800,0.000,0.000,0.200,0.000,0.000,0.000,Z07,0.800
C01728,C01728,26.8813,38.7640,60,1.000,6.0,0.000,0.000,0.000,0.000,0.000,0.000,0.000,0.000,0.000,0.000,0.867,0.000,0.000,0.133,0.000,0.000,0.000,Z07,0.867
C01729,C01729,26.8928,38.7640,60,1.000,6.0,0.000,0.000,0.000,0.000,0.000,0.000,0.000,0.000,0.000,0.000,0.967,0.000,0.000,0.033,0.000,0.000,0.000,Z07,0.967
C01730,C01730,26.9044,38.7640,60,1.000,6.0,0.000,0.000,0.000,0.000,0.000,0.000,0.000,0.000,0.000,0.000,0.783,0.000,0.000,0.217,0.000,0.000,0.000,Z07,0.783
C01731,C01731,26.9159,38.7640,60,1.000,3.0,0.000,0.000,0.000,0.000,0.000,0.000,0.000,0.000,0.000,0.000,0.050,0.000,0.000,0.950,0.000,0.000,0.000,Z10,0.950
C01732,C01732,26.9274,38.7640,60,1.000,3.0,0.000,0.000,0.000,0.000,0.000,0.000,0.000,0.000,0.000,0.000,0.000,0.000,0.000,1.000,0.000,0.000,0.000,Z10,1.000
C01733,C01733,26.9389,38.7640,60,1.000,3.0,0.000,0.000,0.000,0.000,0.000,0.000,0.000,0.000,0.000,0.000,0.000,0.000,0.000,1.000,0.000,0.000,0.000,Z10,1.000
C01734,C01734,26.3058,38.7730,60,1.000,54.0,0.000,0.000,0.000,0.000,0.000,0.000,0.000,0.000,0.000,0.000,0.000,0.000,0.000,0.000,0.000,0.000,1.000,Z12,1.000
C01735,C01735,26.3173,38.7730,60,1.000,54.0,0.000,0.000,0.000,0.000,0.000,0.000,0.000,0.000,0.000,0.000,0.000,0.000,0.000,0.000,0.000,0.000,1.000,Z12,1.000
C01736,C01736,26.3288,38.7730,60,1.000,54.0,0.000,0.000,0.000,0.000,0.000,0.000,0.000,0.000,0.000,0.000,0.000,0.017,0.000,0.000,0.000,0.000,0.983,Z12,0.983
C01737,C01737,26.3403,38.7730,60,1.000,51.0,0.000,0.000,0.000,0.000,0.000,0.000,0.000,0.000,0.000,0.000,0.000,0.000,0.000,0.000,0.000,0.000,1.000,Z12,1.000
C01738,C01738,26.3518,38.7730,60,1.000,51.0,0.000,0.000,0.000,0.000,0.000,0.000,0.000,0.000,0.000,0.017,0.000,0.000,0.000,0.000,0.000,0.000,0.983,Z12,0.983
C01739,C01739,26.3633,38.7730,60,1.000,51.0,0.000,0.000,0.000,0.000,0.000,0.000,0.000,0.000,0.000,0.067,0.000,0.017,0.000,0.000,0.000,0.000,0.917,Z12,0.917
C01740,C01740,26.3748,38.7730,60,1.000,52.5,0.000,0.000,0.000,0.000,0.000,0.000,0.000,0.000,0.000,0.167,0.000,0.000,0.000,0.000,0.000,0.000,0.833,Z12,0.833
C01741,C01741,26.3863,38.7730,60,1.000,54.0,0.000,0.000,0.000,0.000,0.000,0.000,0.000,0.000,0.000,0.300,0.000,0.033,0.000,0.000,0.000,0.000,0.667,Z12,0.667
C01742,C01742,26.3978,38.7730,60,1.000,51.0,0.000,0.000,0.000,0.000,0.000,0.000,0.000,0.000,0.000,0.317,0.000,0.000,0.000,0.000,0.000,0.000,0.683,Z12,0.683
C01743,C01743,26.4094,38.7730,60,1.000,54.0,0.000,0.000,0.000,0.000,0.000,0.000,0.000,0.000,0.000,0.333,0.000,0.000,0.000,0.000,0.000,0.000,0.667,Z12,0.667
C01744,C01744,26.4209,38.7730,60,1.000,51.0,0.000,0.000,0.000,0.000,0.000,0.000,0.000,0.000,0.033,0.300,0.000,0.017,0.000,0.000,0.000,0.000,0.650,Z12,0.650
C01745,C01745,26.4324,38.7730,60,1.000,51.0,0.000,0.000,0.000,0.000,0.000,0.000,0.000,0.000,0.217,0.117,0.000,0.017,0.000,0.000,0.000,0.000,0.650,Z12,0.650
C01746,C01746,26.4439,38.7730,60,1.000,49.5,0.000,0.000,0.000,0.000,0.000,0.000,0.000,0.000,0.317,0.017,0.000,0.000,0.000,0.000,0.000,0.000,0.667,Z12,0.667
C01747,C01747,26.4554,38.7730,60,1.000,48.0,0.000,0.000,0.000,0.000,0.000,0.000,0.000,0.000,0.333,0.000,0.000,0.000,0.000,0.000,0.000,0.000,0.667,Z12,0.667
C01748,C01748,26.4669,38.7730,60,1.000,45.0,0.000,0.000,0.000,0.000,0.000,0.000,0.000,0.000,0.333,0.000,0.000,0.000,0.000,0.000,0.000,0.000,0.667,Z12,0.667
C01749,C01749,26.4784,38.7730,60,1.000,45.0,0.000,0.000,0.000,0.000,0.000,0.000,0.000,0.000,0.333,0.000,0.000,0.017,0.000,0.000,0.000,0.000,0.650,Z12,0.650
C01750,C01750,26.4899,38.7730,60,1.000,39.0,0.000,0.000,0.000,0.000,0.000,0.000,0.000,0.000,0.333,0.000,0.000,0.033,0.000,0.000,0.000,0.000,0.633,Z12,0.633
C01751,C01751,26.5015,38.7730,60,1.000,33.0,0.000,0.000,0.000,0.000,0.000,0.000,0.000,0.000,0.333,0.000,0.000,0.050,0.000,0.000,0.000,0.000,0.617,Z12,0.617
C01752,C01752,26.5130,38.7730,60,1.000,27.0,0.000,0.000,0.000,0.000,0.000,0.000,0.000,0.000,0.333,0.000,0.000,0.050,0.000,0.000,0.000,0.000,0.617,Z12,0.617
C01753,C01753,26.5245,38.7730,60,1.000,27.0,0.000,0.000,0.000,0.000,0.000,0.000,0.000,0.000,0.333,0.000,0.000,0.150,0.000,0.000,0.000,0.000,0.517,Z12,0.517
C01754,C01754,26.5360,38.7730,60,1.000,27.0,0.000,0.000,0.000,0.000,0.000,0.000,0.000,0.000,0.333,0.017,0.000,0.283,0.000,0.000,0.000,0.000,0.367,Z12,0.367
C01755,C01755,26.5475,38.7730,60,1.000,27.0,0.000,0.000,0.000,0.000,0.000,0.000,0.000,0.000,0.333,0.083,0.000,0.333,0.000,0.000,0.000,0.000,0.250,Z06,0.333
C01756,C01756,26.5590,38.7730,60,1.000,22.5,0.000,0.000,0.000,0.000,0.000,0.000,0.000,0.000,0.333,0.267,0.000,0.233,0.000,0.000,0.000,0.000,0.167,Z06,0.333
C01757,C01757,26.5705,38.7730,60,1.000,18.0,0.000,0.000,0.000,0.000,0.000,0.000,0.000,0.000,0.333,0.617,0.000,0.050,0.000,0.000,0.000,0.000,0.000,Z16,0.617
C01758,C01758,26.5820,38.7730,60,1.000,15.0,0.000,0.000,0.000,0.000,0.000,0.000,0.000,0.000,0.450,0.550,0.000,0.000,0.000,0.000,0.000,0.000,0.000,Z16,0.550
C01759,C01759,26.5935,38.7730,60,1.000,15.0,0.000,0.000,0.000,0.000,0.000,0.000,0.000,0.000,0.650,0.350,0.000,0.000,0.000,0.000,0.000,0.000,0.000,Z06,0.650
C01760,C01760,26.6051,38.7730,60,1.000,15.0,0.000,0.000,0.000,0.000,0.000,0.000,0.000,0.000,0.917,0.083,0.000,0.000,0.000,0.000,0.000,0.000,0.000,Z06,0.917
C01761,C01761,26.6166,38.7730,60,1.000,15.0,0.000,0.000,0.000,0.000,0.000,0.000,0.000,0.000,1.000,0.000,0.000,0.000,0.000,0.000,0.000,0.000,0.000,Z06,1.000
C01762,C01762,26.6281,38.7730,60,1.000,16.5,0.000,0.000,0.000,0.000,0.000,0.000,0.000,0.000,1.000,0.000,0.000,0.000,0.000,0.000,0.000,0.000,0.000,Z06,1.000
C01763,C01763,26.6396,38.7730,60,1.000,18.0,0.000,0.000,0.000,0.000,0.000,0.000,0.000,0.000,1.000,0.000,0.000,0.000,0.000,0.000,0.000,0.000,0.000,Z06,1.000
C01764,C01764,26.6511,38.7730,60,1.000,18.0,0.000,0.000,0.000,0.000,0.000,0.000,0.000,0.000,1.000,0.000,0.000,0.000,0.000,0.000,0.000,0.000,0.000,Z06,1.000
C01765,C01765,26.6626,38.7730,60,1.000,18.0,0.000,0.000,0.000,0.000,0.000,0.000,0.000,0.000,1.000,0.000,0.000,0.000,0.000,0.000,0.000,0.000,0.000,Z06,1.000
C01766,C01766,26.6741,38.7730,60,1.000,21.0,0.000,0.000,0.000,0.000,0.000,0.000,0.000,0.000,1.000,0.000,0.000,0.000,0.000,0.000,0.000,0.000,0.000,Z06,1.000
C01767,C01767,26.6856,38.7730,60,1.000,21.0,0.000,0.000,0.000,0.000,0.000,0.000,0.000,0.000,1.000,0.000,0.000,0.000,0.000,0.000,0.000,0.000,0.000,Z06,1.000
C01768,C01768,26.6971,38.7730,60,1.000,21.0,0.000,0.000,0.000,0.000,0.000,0.000,0.000,0.017,0.983,0.000,0.000,0.000,0.000,0.000,0.000,0.000,0.000,Z06,0.983
C01769,C01769,26.7087,38.7730,60,1.000,21.0,0.000,0.000,0.000,0.000,0.000,0.000,0.000,0.000,1.000,0.000,0.000,0.000,0.000,0.000,0.000,0.000,0.000,Z06,1.000
C01770,C01770,26.7202,38.7730,60,1.000,21.0,0.000,0.000,0.000,0.000,0.000,0.000,0.000,0.000,1.000,0.000,0.000,0.000,0.000,0.000,0.000,0.000,0.000,Z06,1.000
C01771,C01771,26.7317,38.7730,60,1.000,21.0,0.000,0.000,0.000,0.000,0.000,0.000,0.000,0.000,0.983,0.000,0.017,0.000,0.000,0.000,0.000,0.000,0.000,Z06,0.983
C01772,C01772,26.7432,38.7730,60,1.000,24.0,0.000,0.000,0.000,0.000,0.000,0.000,0.000,0.000,0.933,0.000,0.067,0.000,0.000,0.000,0.000,0.000,0.000,Z06,0.933
C01773,C01773,26.7547,38.7730,60,1.000,24.0,0.000,0.000,0.000,0.000,0.000,0.000,0.000,0.000,0.700,0.000,0.300,0.000,0.000,0.000,0.000,0.000,0.000,Z06,0.700
C01774,C01774,26.7662,38.7730,60,1.000,24.0,0.000,0.000,0.000,0.000,0.000,0.000,0.000,0.017,0.650,0.000,0.333,0.000,0.000,0.000,0.000,0.000,0.000,Z06,0.650
C01775,C01775,26.7777,38.7730,60,1.000,24.0,0.000,0.000,0.000,0.000,0.000,0.000,0.000,0.067,0.533,0.000,0.400,0.000,0.000,0.000,0.000,0.000,0.000,Z06,0.533
C01776,C01776,26.7892,38.7730,60,1.000,12.0,0.000,0.000,0.000,0.000,0.017,0.000,0.000,0.000,0.433,0.000,0.550,0.000,0.000,0.000,0.000,0.000,0.000,Z07,0.550
C01777,C01777,26.8008,38.7730,60,1.000,9.0,0.000,0.000,0.000,0.000,0.000,0.000,0.000,0.017,0.283,0.000,0.700,0.000,0.000,0.000,0.000,0.000,0.000,Z07,0.700
C01778,C01778,26.8123,38.7730,60,1.000,7.5,0.000,0.000,0.000,0.000,0.000,0.000,0.000,0.000,0.167,0.000,0.783,0.000,0.000,0.050,0.000,0.000,0.000,Z07,0.783
C01779,C01779,26.8238,38.7730,60,1.000,6.0,0.000,0.000,0.000,0.000,0.000,0.000,0.000,0.000,0.000,0.000,0.750,0.000,0.000,0.250,0.000,0.000,0.000,Z07,0.750
C01780,C01780,26.8353,38.7730,60,1.000,6.0,0.000,0.000,0.000,0.000,0.000,0.000,0.000,0.000,0.017,0.000,0.517,0.000,0.000,0.467,0.000,0.000,0.000,Z07,0.517
C01781,C01781,26.8468,38.7730,60,1.000,6.0,0.000,0.000,0.000,0.000,0.000,0.000,0.000,0.000,0.000,0.000,0.383,0.000,0.000,0.617,0.000,0.000,0.000,Z10,0.617
C01782,C01782,26.8583,38.7730,60,1.000,6.0,0.000,0.000,0.000,0.000,0.000,0.000,0.000,0.000,0.000,0.000,0.417,0.000,0.000,0.583,0.000,0.000,0.000,Z10,0.583
C01783,C01783,26.8698,38.7730,60,1.000,6.0,0.000,0.000,0.000,0.000,0.000,0.000,0.000,0.000,0.000,0.000,0.500,0.000,0.000,0.500,0.000,0.000,0.000,Z07,0.500
C01784,C01784,26.8813,38.7730,60,1.000,9.0,0.000,0.000,0.000,0.000,0.000,0.000,0.000,0.000,0.000,0.000,0.683,0.000,0.000,0.317,0.000,0.000,0.000,Z07,0.683
C01785,C01785,26.8928,38.7730,60,1.000,9.0,0.000,0.000,0.000,0.000,0.000,0.000,0.000,0.000,0.000,0.000,0.900,0.000,0.000,0.100,0.000,0.000,0.000,Z07,0.900
C01786,C01786,26.9044,38.7730,60,1.000,9.0,0.000,0.000,0.000,0.000,0.000,0.000,0.000,0.000,0.000,0.000,0.833,0.000,0.000,0.167,0.000,0.000,0.000,Z07,0.833
C01787,C01787,26.9159,38.7730,60,1.000,6.0,0.000,0.000,0.000,0.000,0.000,0.000,0.000,0.000,0.000,0.000,0.483,0.000,0.000,0.517,0.000,0.000,0.000,Z10,0.517
C01788,C01788,26.9274,38.7730,60,1.000,3.0,0.000,0.000,0.000,0.000,0.000,0.000,0.000,0.000,0.000,0.000,0.033,0.000,0.000,0.967,0.000,0.000,0.000,Z10,0.967
C01789,C01789,26.3058,38.7820,60,1.000,57.0,0.000,0.000,0.000,0.000,0.000,0.000,0.000,0.000,0.000,0.000,0.000,0.000,0.000,0.000,0.000,0.000,1.000,Z12,1.000
C01790,C01790,26.3173,38.7820,60,1.000,57.0,0.000,0.000,0.000,0.000,0.000,0.000,0.000,0.000,0.000,0.000,0.000,0.000,0.000,0.000,0.000,0.000,1.000,Z12,1.000
C01791,C01791,26.3288,38.7820,60,1.000,57.0,0.000,0.000,0.000,0.000,0.000,0.000,0.000,0.000,0.000,0.000,0.000,0.000,0.000,0.000,0.000,0.000,1.000,Z12,1.000
C01792,C01792,26.3403,38.7820,60,1.000,54.0,0.000,0.000,0.000,0.000,0.000,0.000,0.000,0.000,0.000,0.000,0.000,0.017,0.000,0.000,0.000,0.000,0.983,Z12,0.983
C01793,C01793,26.3518,38.7820,60,1.000,54.0,0.000,0.000,0.000,0.000,0.000,0.000,0.000,0.000,0.000,0.000,0.000,0.017,0.000,0.000,0.000,0.000,0.983,Z12,0.983
C01794,C01794,26.3633,38.7820,60,1.000,54.0,0.000,0.000,0.000,0.000,0.000,0.000,0.000,0.000,0.000,0.017,0.000,0.017,0.000,0.000,0.000,0.000,0.967,Z12,0.967
C01795,C01795,26.3748,38.7820,60,1.000,54.0,0.000,0.000,0.000,0.000,0.000,0.000,0.000,0.000,0.000,0.083,0.000,0.000,0.000,0.000,0.000,0.000,0.917,Z12,0.917
C01796,C01796,26.3863,38.7820,60,1.000,54.0,0.000,0.000,0.000,0.000,0.000,0.000,0.000,0.000,0.000,0.183,0.000,0.000,0.000,0.000,0.000,0.000,0.817,Z12,0.817
C01797,C01797,26.3978,38.7820,60,1.000,54.0,0.000,0.000,0.000,0.000,0.000,0.000,0.000,0.000,0.000,0.233,0.000,0.017,0.000,0.000,0.000,0.000,0.750,Z12,0.750
C01798,C01798,26.4094,38.7820,60,1.000,54.0,0.000,0.000,0.000,0.000,0.000,0.000,0.000,0.000,0.017,0.300,0.000,0.000,0.000,0.000,0.000,0.000,0.683,Z12,0.683
C01799,C01799,26.4209,38.7820,60,1.000,54.0,0.000,0.000,0.000,0.000,0.000,0.000,0.000,0.000,0.033,0.300,0.000,0.000,0.000,0.000,0.000,0.000,0.667,Z12,0.667
C01800,C01800,26.4324,38.7820,60,1.000,54.0,0.000,0.000,0.000,0.000,0.000,0.000,0.000,0.000,0.233,0.100,0.000,0.000,0.000,0.000,0.000,0.000,0.667,Z12,0.667
C01801,C01801,26.4439,38.7820,60,1.000,51.0,0.000,0.000,0.000,0.000,0.000,0.000,0.000,0.000,0.283,0.050,0.000,0.000,0.000,0.000,0.000,0.000,0.667,Z12,0.667
C01802,C01802,26.4554,38.7820,60,1.000,51.0,0.000,0.000,0.000,0.000,0.000,0.000,0.000,0.000,0.333,0.000,0.000,0.000,0.000,0.000,0.000,0.000,0.667,Z12,0.667
C01803,C01803,26.4669,38.7820,60,1.000,51.0,0.000,0.000,0.000,0.000,0.000,0.000,0.000,0.000,0.333,0.000,0.000,0.017,0.000,0.000,0.000,0.000,0.650,Z12,0.650
C01804,C01804,26.4784,38.7820,60,1.000,48.0,0.000,0.000,0.000,0.000,0.000,0.000,0.000,0.000,0.333,0.000,0.000,0.017,0.000,0.000,0.000,0.000,0.650,Z12,0.650
C01805,C01805,26.4899,38.7820,60,1.000,48.0,0.000,0.000,0.000,0.000,0.000,0.000,0.000,0.000,0.333,0.000,0.000,0.000,0.000,0.000,0.000,0.000,0.667,Z12,0.667
C01806,C01806,26.5015,38.7820,60,1.000,37.5,0.000,0.000,0.000,0.000,0.000,0.000,0.000,0.000,0.333,0.000,0.000,0.017,0.000,0.000,0.000,0.000,0.650,Z12,0.650
C01807,C01807,26.5130,38.7820,60,1.000,34.5,0.000,0.000,0.000,0.000,0.000,0.000,0.000,0.000,0.333,0.000,0.000,0.033,0.000,0.000,0.000,0.000,0.633,Z12,0.633
C01808,C01808,26.5245,38.7820,60,1.000,28.5,0.000,0.000,0.000,0.000,0.000,0.000,0.000,0.000,0.333,0.000,0.000,0.067,0.000,0.000,0.000,0.000,0.600,Z12,0.600
C01809,C01809,26.5360,38.7820,60,1.000,27.0,0.000,0.000,0.000,0.000,0.000,0.000,0.000,0.000,0.333,0.000,0.000,0.117,0.000,0.000,0.000,0.000,0.550,Z12,0.550
C01810,C01810,26.5475,38.7820,60,1.000,27.0,0.000,0.000,0.000,0.000,0.000,0.000,0.000,0.000,0.333,0.033,0.000,0.267,0.000,0.000,0.000,0.000,0.367,Z12,0.367
C01811,C01811,26.5590,38.7820,60,1.000,24.0,0.000,0.000,0.000,0.000,0.000,0.000,0.000,0.000,0.333,0.200,0.000,0.267,0.000,0.000,0.000,0.000,0.200,Z06,0.333
C01812,C01812,26.5705,38.7820,60,1.000,24.0,0.000,0.000,0.000,0.000,0.000,0.000,0.000,0.000,0.333,0.383,0.000,0.183,0.000,0.000,0.000,0.000,0.100,Z16,0.383
C01813,C01813,26.5820,38.7820,60,1.000,18.0,0.000,0.000,0.000,0.000,0.000,0.000,0.000,0.000,0.333,0.600,0.000,0.067,0.000,0.000,0.000,0.000,0.000,Z16,0.600
C01814,C01814,26.5935,38.7820,60,1.000,15.0,0.000,0.000,0.000,0.000,0.000,0.000,0.000,0.000,0.450,0.533,0.000,0.017,0.000,0.000,0.000,0.000,0.000,Z16,0.533
C01815,C01815,26.6051,38.7820,60,1.000,16.5,0.000,0.000,0.000,0.000,0.000,0.000,0.000,0.000,0.667,0.333,0.000,0.000,0.000,0.000,0.000,0.000,0.000,Z06,0.667
C01816,C01816,26.6166,38.7820,60,1.000,15.0,0.000,0.000,0.000,0.000,0.000,0.000,0.000,0.000,0.883,0.117,0.000,0.000,0.000,0.000,0.000,0.000,0.000,Z06,0.883
C01817,C01817,26.6281,38.7820,60,1.000,15.0,0.000,0.000,0.000,0.000,0.000,0.000,0.000,0.000,1.000,0.000,0.000,0.000,0.000,0.000,0.000,0.000,0.000,Z06,1.000
C01818,C01818,26.6396,38.7820,60,1.000,18.0,0.000,0.000,0.000,0.000,0.000,0.000,0.000,0.000,1.000,0.000,0.000,0.000,0.000,0.000,0.000,0.000,0.000,Z06,1.000
C01819,C01819,26.6511,38.7820,60,1.000,18.0,0.000,0.000,0.000,0.000,0.000,0.000,0.000,0.000,1.000,0.000,0.000,0.000,0.000,0.000,0.000,0.000,0.000,Z06,1.000
C01820,C01820,26.6626,38.7820,60,1.000,18.0,0.000,0.000,0.000,0.000,0.000,0.000,0.000,0.000,1.000,0.000,0.000,0.000,0.000,0.000,0.000,0.000,0.000,Z06,1.000
C01821,C01821,26.6741,38.7820,60,1.000,21.0,0.000,0.000,0.000,0.000,0.000,0.000,0.000,0.000,1.000,0.000,0.000,0.000,0.000,0.000,0.000,0.000,0.000,Z06,1.000
C01822,C01822,26.6856,38.7820,60,1.000,21.0,0.000,0.000,0.000,0.000,0.000,0.000,0.000,0.000,1.000,0.000,0.000,0.000,0.000,0.000,0.000,0.000,0.000,Z06,1.000
C01823,C01823,26.6971,38.7820,60,1.000,21.0,0.000,0.000,0.000,0.000,0.000,0.000,0.000,0.000,1.000,0.000,0.000,0.000,0.000,0.000,0.000,0.000,0.000,Z06,1.000
C01824,C01824,26.7087,38.7820,60,1.000,21.0,0.000,0.000,0.000,0.000,0.000,0.000,0.000,0.000,1.000,0.000,0.000,0.000,0.000,0.000,0.000,0.000,0.000,Z06,1.000
C01825,C01825,26.7202,38.7820,60,1.000,21.0,0.000,0.000,0.000,0.000,0.000,0.000,0.000,0.000,1.000,0.000,0.000,0.000,0.000,0.000,0.000,0.000,0.000,Z06,1.000
C01826,C01826,26.7317,38.7820,60,1.000,21.0,0.000,0.000,0.000,0.000,0.000,0.000,0.000,0.000,1.000,0.000,0.000,0.000,0.000,0.000,0.000,0.000,0.000,Z06,1.000
C01827,C01827,26.7432,38.7820,60,1.000,21.0,0.000,0.000,0.000,0.000,0.000,0.000,0.000,0.000,0.817,0.000,0.183,0.000,0.000,0.000,0.000,0.000,0.000,Z06,0.817
C01828,C01828,26.7547,38.7820,60,1.000,24.0,0.000,0.000,0.000,0.000,0.000,0.000,0.000,0.000,0.700,0.000,0.300,0.000,0.000,0.000,0.000,0.000,0.000,Z06,0.700
C01829,C01829,26.7662,38.7820,60,1.000,24.0,0.000,0.000,0.000,0.000,0.000,0.000,0.000,0.000,0.667,0.000,0.333,0.000,0.000,0.000,0.000,0.000,0.000,Z06,0.667
C01830,C01830,26.7777,38.7820,60,1.000,27.0,0.000,0.000,0.000,0.000,0.000,0.000,0.000,0.000,0.667,0.000,0.333,0.000,0.000,0.000,0.000,0.000,0.000,Z06,0.667
C01831,C01831,26.7892,38.7820,60,1.000,27.0,0.000,0.000,0.000,0.000,0.000,0.000,0.000,0.017,0.617,0.000,0.367,0.000,0.000,0.000,0.000,0.000,0.000,Z06,0.617
C01832,C01832,26.8008,38.7820,60,1.000,15.0,0.000,0.000,0.000,0.000,0.017,0.000,0.000,0.067,0.450,0.000,0.467,0.000,0.000,0.000,0.000,0.000,0.000,Z07,0.467
C01833,C01833,26.8123,38.7820,60,1.000,12.0,0.000,0.000,0.000,0.000,0.017,0.000,0.000,0.017,0.300,0.000,0.650,0.000,0.000,0.017,0.000,0.000,0.000,Z07,0.650
C01834,C01834,26.8238,38.7820,60,1.000,9.0,0.000,0.000,0.000,0.000,0.000,0.000,0.000,0.000,0.200,0.000,0.600,0.000,0.000,0.200,0.000,0.000,0.000,Z07,0.600
C01835,C01835,26.8353,38.7820,60,1.000,9.0,0.000,0.000,0.000,0.000,0.000,0.000,0.000,0.000,0.100,0.000,0.567,0.000,0.000,0.333,0.000,0.000,0.000,Z07,0.567
C01836,C01836,26.8468,38.7820,60,1.000,9.0,0.000,0.000,0.000,0.000,0.000,0.000,0.000,0.000,0.017,0.000,0.600,0.000,0.000,0.383,0.000,0.000,0.000,Z07,0.600
C01837,C01837,26.8583,38.7820,60,1.000,9.0,0.000,0.000,0.000,0.000,0.000,0.000,0.000,0.000,0.000,0.000,0.500,0.000,0.000,0.500,0.000,0.000,0.000,Z07,0.500
C01838,C01838,26.8698,38.7820,60,1.000,9.0,0.000,0.000,0.000,0.000,0.000,0.000,0.000,0.000,0.000,0.000,0.417,0.000,0.000,0.583,0.000,0.000,0.000,Z10,0.583
C01839,C01839,26.8813,38.7820,60,1.000,9.0,0.000,0.000,0.000,0.000,0.000,0.000,0.000,0.000,0.000,0.000,0.567,0.000,0.000,0.433,0.000,0.000,0.000,Z07,0.567
C01840,C01840,26.8928,38.7820,60,1.000,9.0,0.000,0.000,0.000,0.000,0.000,0.000,0.000,0.000,0.000,0.000,0.683,0.000,0.000,0.317,0.000,0.000,0.000,Z07,0.683
C01841,C01841,26.9044,38.7820,60,1.000,9.0,0.000,0.000,0.000,0.000,0.000,0.000,0.000,0.000,0.000,0.000,0.833,0.000,0.000,0.167,0.000,0.000,0.000,Z07,0.833
C01842,C01842,26.9159,38.7820,60,1.000,9.0,0.000,0.000,0.000,0.000,0.000,0.000,0.000,0.000,0.000,0.000,0.800,0.000,0.000,0.200,0.000,0.000,0.000,Z07,0.800
C01843,C01843,26.3058,38.7910,60,1.000,60.0,0.000,0.000,0.000,0.000,0.000,0.000,0.000,0.000,0.000,0.000,0.000,0.000,0.000,0.000,0.000,0.000,1.000,Z12,1.000
C01844,C01844,26.3173,38.7910,60,0.983,60.0,0.000,0.000,0.000,0.000,0.000,0.000,0.000,0.000,0.000,0.000,0.000,0.000,0.000,0.000,0.000,0.000,1.000,Z12,1.000
C01845,C01845,26.3288,38.7910,60,1.000,57.0,0.000,0.000,0.000,0.000,0.000,0.000,0.000,0.000,0.000,0.000,0.000,0.000,0.000,0.000,0.000,0.000,1.000,Z12,1.000
C01846,C01846,26.3403,38.7910,60,1.000,57.0,0.000,0.000,0.000,0.000,0.000,0.000,0.000,0.000,0.000,0.000,0.000,0.000,0.000,0.000,0.000,0.000,1.000,Z12,1.000
C01847,C01847,26.3518,38.7910,60,1.000,54.0,0.000,0.000,0.000,0.000,0.000,0.000,0.000,0.000,0.000,0.000,0.000,0.000,0.000,0.000,0.000,0.000,1.000,Z12,1.000
C01848,C01848,26.3633,38.7910,60,1.000,57.0,0.000,0.000,0.000,0.000,0.000,0.000,0.000,0.000,0.000,0.000,0.000,0.000,0.000,0.000,0.000,0.000,1.000,Z12,1.000
C01849,C01849,26.3748,38.7910,60,1.000,57.0,0.000,0.000,0.000,0.000,0.000,0.000,0.000,0.000,0.000,0.017,0.000,0.000,0.000,0.000,0.000,0.000,0.983,Z12,0.983
C01850,C01850,26.3863,38.7910,60,1.000,57.0,0.000,0.000,0.000,0.000,0.000,0.000,0.000,0.000,0.000,0.067,0.000,0.033,0.000,0.000,0.000,0.000,0.900,Z12,0.900
C01851,C01851,26.3978,38.7910,60,1.000,57.0,0.000,0.000,0.000,0.000,0.000,0.000,0.000,0.000,0.000,0.250,0.000,0.000,0.000,0.000,0.000,0.000,0.750,Z12,0.750
C01852,C01852,26.4094,38.7910,60,1.000,57.0,0.000,0.000,0.000,0.000,0.000,0.000,0.000,0.000,0.017,0.267,0.000,0.000,0.000,0.000,0.000,0.000,0.717,Z12,0.717
C01853,C01853,26.4209,38.7910,60,1.000,57.0,0.000,0.000,0.000,0.000,0.000,0.000,0.000,0.000,0.050,0.283,0.000,0.033,0.000,0.000,0.000,0.000,0.633,Z12,0.633
C01854,C01854,26.4324,38.7910,60,1.000,57.0,0.000,0.000,0.000,0.000,0.000,0.000,0.000,0.000,0.183,0.150,0.000,0.033,0.000,0.000,0.000,0.000,0.633,Z12,0.633
C01855,C01855,26.4439,38.7910,60,1.000,54.0,0.000,0.000,0.000,0.000,0.000,0.000,0.000,0.000,0.283,0.050,0.000,0.033,0.000,0.000,0.000,0.000,0.633,Z12,0.633
C01856,C01856,26.4554,38.7910,60,1.000,54.0,0.000,0.000,0.000,0.000,0.000,0.000,0.000,0.000,0.333,0.000,0.000,0.017,0.000,0.000,0.000,0.000,0.650,Z12,0.650
C01857,C01857,26.4669,38.7910,60,1.000,54.0,0.000,0.000,0.000,0.000,0.000,0.000,0.000,0.000,0.333,0.000,0.000,0.017,0.000,0.000,0.000,0.000,0.650,Z12,0.650
C01858,C01858,26.4784,38.7910,60,1.000,51.0,0.000,0.000,0.000,0.000,0.000,0.000,0.000,0.000,0.333,0.000,0.000,0.017,0.000,0.000,0.000,0.000,0.650,Z12,0.650
C01859,C01859,26.4899,38.7910,60,1.000,46.5,0.000,0.000,0.000,0.000,0.000,0.000,0.000,0.000,0.333,0.000,0.000,0.000,0.000,0.000,0.000,0.000,0.667,Z12,0.667
C01860,C01860,26.5015,38.7910,60,1.000,46.5,0.000,0.000,0.000,0.000,0.000,0.000,0.000,0.000,0.333,0.000,0.000,0.033,0.000,0.000,0.000,0.000,0.633,Z12,0.633
C01861,C01861,26.5130,38.7910,60,1.000,39.0,0.000,0.000,0.000,0.000,0.000,0.000,0.000,0.000,0.333,0.000,0.000,0.017,0.000,0.000,0.000,0.000,0.650,Z12,0.650
C01862,C01862,26.5245,38.7910,60,1.000,30.0,0.000,0.000,0.000,0.000,0.000,0.000,0.000,0.000,0.333,0.000,0.000,0.017,0.000,0.000,0.000,0.000,0.650,Z12,0.650
C01863,C01863,26.5360,38.7910,60,1.000,27.0,0.000,0.000,0.000,0.000,0.000,0.000,0.000,0.000,0.333,0.000,0.000,0.067,0.000,0.000,0.000,0.000,0.600,Z12,0.600
C01864,C01864,26.5475,38.7910,60,1.000,30.0,0.000,0.000,0.000,0.000,0.000,0.000,0.000,0.000,0.333,0.000,0.000,0.150,0.000,0.000,0.000,0.000,0.517,Z12,0.517
C01865,C01865,26.5590,38.7910,60,1.000,27.0,0.000,0.000,0.000,0.000,0.000,0.000,0.000,0.000,0.333,0.050,0.000,0.233,0.000,0.000,0.000,0.000,0.383,Z12,0.383
C01866,C01866,26.5705,38.7910,60,1.000,24.0,0.000,0.000,0.000,0.000,0.000,0.000,0.000,0.000,0.333,0.183,0.000,0.267,0.000,0.000,0.000,0.000,0.217,Z06,0.333
C01867,C01867,26.5820,38.7910,60,1.000,24.0,0.000,0.000,0.000,0.000,0.000,0.000,0.000,0.000,0.333,0.383,0.000,0.250,0.000,0.000,0.000,0.000,0.033,Z16,0.383
C01868,C01868,26.5935,38.7910,60,1.000,18.0,0.000,0.000,0.000,0.000,0.000,0.000,0.000,0.000,0.333,0.550,0.000,0.117,0.000,0.000,0.000,0.000,0.000,Z16,0.550
C01869,C01869,26.6051,38.7910,60,1.000,18.0,0.000,0.000,0.000,0.000,0.000,0.000,0.000,0.000,0.500,0.500,0.000,0.000,0.000,0.000,0.000,0.000,0.000,Z06,0.500
C01870,C01870,26.6166,38.7910,60,1.000,18.0,0.000,0.000,0.000,0.000,0.000,0.000,0.000,0.000,0.800,0.200,0.000,0.000,0.000,0.000,0.000,0.000,0.000,Z06,0.800
C01871,C01871,26.6281,38.7910,60,1.000,18.0,0.000,0.000,0.000,0.000,0.000,0.000,0.000,0.000,0.883,0.117,0.000,0.000,0.000,0.000,0.000,0.000,0.000,Z06,0.883
C01872,C01872,26.6396,38.7910,60,1.000,18.0,0.000,0.000,0.000,0.000,0.000,0.000,0.000,0.000,0.983,0.017,0.000,0.000,0.000,0.000,0.000,0.000,0.000,Z06,0.983
C01873,C01873,26.6511,38.7910,60,1.000,18.0,0.000,0.000,0.000,0.000,0.000,0.000,0.000,0.000,1.000,0.000,0.000,0.000,0.000,0.000,0.000,0.000,0.000,Z06,1.000
C01874,C01874,26.6626,38.7910,60,1.000,18.0,0.000,0.000,0.000,0.000,0.000,0.000,0.000,0.000,1.000,0.000,0.000,0.000,0.000,0.000,0.000,0.000,0.000,Z06,1.000
C01875,C01875,26.6741,38.7910,60,1.000,19.5,0.000,0.000,0.000,0.000,0.000,0.000,0.000,0.000,1.000,0.000,0.000,0.000,0.000,0.000,0.000,0.000,0.000,Z06,1.000
C01876,C01876,26.6856,38.7910,60,1.000,21.0,0.000,0.000,0.000,0.000,0.000,0.000,0.000,0.000,1.000,0.000,0.000,0.000,0.000,0.000,0.000,0.000,0.000,Z06,1.000
C01877,C01877,26.6971,38.7910,60,1.000,21.0,0.000,0.000,0.000,0.000,0.000,0.000,0.000,0.000,1.000,0.000,0.000,0.000,0.000,0.000,0.000,0.000,0.000,Z06,1.000
C01878,C01878,26.7087,38.7910,60,1.000,21.0,0.000,0.000,0.000,0.000,0.000,0.000,0.000,0.000,1.000,0.000,0.000,0.000,0.000,0.000,0.000,0.000,0.000,Z06,1.000
C01879,C01879,26.7202,38.7910,60,1.000,21.0,0.000,0.000,0.000,0.000,0.000,0.000,0.000,0.000,1.000,0.000,0.000,0.000,0.000,0.000,0.000,0.000,0.000,Z06,1.000
C01880,C01880,26.7317,38.7910,60,1.000,21.0,0.000,0.000,0.000,0.000,0.000,0.000,0.000,0.000,0.933,0.000,0.067,0.000,0.000,0.000,0.000,0.000,0.000,Z06,0.933
C01881,C01881,26.7432,38.7910,60,1.000,21.0,0.000,0.000,0.000,0.000,0.000,0.000,0.000,0.000,0.783,0.000,0.217,0.000,0.000,0.000,0.000,0.000,0.000,Z06,0.783
C01882,C01882,26.7547,38.7910,60,1.000,21.0,0.000,0.000,0.000,0.000,0.000,0.000,0.000,0.000,0.700,0.000,0.300,0.000,0.000,0.000,0.000,0.000,0.000,Z06,0.700
C01883,C01883,26.7662,38.7910,60,1.000,24.0,0.000,0.000,0.000,0.000,0.000,0.000,0.000,0.000,0.667,0.000,0.333,0.000,0.000,0.000,0.000,0.000,0.000,Z06,0.667
C01884,C01884,26.7777,38.7910,60,1.000,27.0,0.000,0.000,0.000,0.000,0.000,0.000,0.000,0.000,0.667,0.000,0.333,0.000,0.000,0.000,0.000,0.000,0.000,Z06,0.667
C01885,C01885,26.7892,38.7910,60,1.000,27.0,0.000,0.000,0.000,0.000,0.000,0.000,0.000,0.017,0.650,0.000,0.333,0.000,0.000,0.000,0.000,0.000,0.000,Z06,0.650
C01886,C01886,26.8008,38.7910,60,1.000,30.0,0.000,0.000,0.000,0.000,0.000,0.000,0.000,0.017,0.650,0.000,0.333,0.000,0.000,0.000,0.000,0.000,0.000,Z06,0.650
C01887,C01887,26.8123,38.7910,60,1.000,30.0,0.000,0.000,0.000,0.000,0.033,0.000,0.000,0.067,0.517,0.000,0.367,0.000,0.000,0.017,0.000,0.000,0.000,Z06,0.517
C01888,C01888,26.8238,38.7910,60,1.000,13.5,0.000,0.000,0.000,0.000,0.000,0.000,0.000,0.100,0.400,0.000,0.300,0.000,0.000,0.200,0.000,0.000,0.000,Z06,0.400
C01889,C01889,26.8353,38.7910,60,1.000,12.0,0.000,0.000,0.000,0.000,0.000,0.000,0.000,0.017,0.267,0.000,0.417,0.000,0.000,0.300,0.000,0.000,0.000,Z07,0.417
C01890,C01890,26.8468,38.7910,60,1.000,9.0,0.000,0.000,0.000,0.000,0.000,0.000,0.000,0.000,0.033,0.000,0.667,0.000,0.000,0.300,0.000,0.000,0.000,Z07,0.667
C01891,C01891,26.8583,38.7910,60,1.000,12.0,0.000,0.000,0.000,0.000,0.000,0.000,0.000,0.000,0.000,0.000,0.817,0.000,0.000,0.183,0.000,0.000,0.000,Z07,0.817
C01892,C01892,26.8698,38.7910,60,1.000,12.0,0.000,0.000,0.000,0.000,0.000,0.000,0.000,0.000,0.000,0.000,0.617,0.000,0.000,0.383,0.000,0.000,0.000,Z07,0.617
C01893,C01893,26.8813,38.7910,60,1.000,10.5,0.000,0.000,0.000,0.000,0.000,0.000,0.000,0.000,0.000,0.000,0.633,0.000,0.000,0.367,0.000,0.000,0.000,Z07,0.633
C01894,C01894,26.8928,38.7910,60,1.000,9.0,0.000,0.000,0.000,0.000,0.000,0.000,0.000,0.000,0.000,0.000,0.683,0.000,0.000,0.317,0.000,0.000,0.000,Z07,0.683
C01895,C01895,26.9044,38.7910,60,1.000,12.0,0.000,0.000,0.000,0.000,0.000,0.000,0.000,0.000,0.000,0.000,0.850,0.000,0.000,0.150,0.000,0.000,0.000,Z07,0.850
C01896,C01896,26.9159,38.7910,60,1.000,9.0,0.000,0.000,0.000,0.000,0.000,0.000,0.000,0.000,0.000,0.000,0.833,0.000,0.000,0.167,0.000,0.000,0.000,Z07,0.833
C01897,C01897,26.3058,38.8000,60,1.000,63.0,0.000,0.000,0.000,0.000,0.000,0.000,0.000,0.000,0.000,0.000,0.000,0.000,0.000,0.000,0.000,0.000,1.000,Z12,1.000
C01898,C01898,26.3173,38.8000,60,1.000,60.0,0.000,0.000,0.000,0.000,0.000,0.000,0.000,0.000,0.000,0.000,0.000,0.000,0.000,0.000,0.000,0.000,1.000,Z12,1.000
C01899,C01899,26.3288,38.8000,60,1.000,60.0,0.000,0.000,0.000,0.000,0.000,0.000,0.000,0.000,0.000,0.000,0.000,0.000,0.000,0.000,0.000,0.000,1.000,Z12,1.000
C01900,C01900,26.3403,38.8000,60,0.950,57.0,0.000,0.000,0.000,0.000,0.000,0.000,0.000,0.000,0.000,0.000,0.000,0.000,0.000,0.000,0.000,0.000,1.000,Z12,1.000
C01901,C01901,26.3518,38.8000,60,1.000,60.0,0.000,0.000,0.000,0.000,0.000,0.000,0.000,0.000,0.000,0.000,0.000,0.017,0.000,0.000,0.000,0.000,0.983,Z12,0.983
C01902,C01902,26.3633,38.8000,60,1.000,57.0,0.000,0.000,0.000,0.000,0.000,0.000,0.000,0.000,0.000,0.000,0.000,0.017,0.000,0.000,0.000,0.000,0.983,Z12,0.983
C01903,C01903,26.3748,38.8000,60,1.000,57.0,0.000,0.000,0.000,0.000,0.000,0.000,0.000,0.000,0.000,0.017,0.000,0.033,0.000,0.000,0.000,0.000,0.950,Z12,0.950
C01904,C01904,26.3863,38.8000,60,1.000,60.0,0.000,0.000,0.000,0.000,0.000,0.000,0.000,0.000,0.000,0.033,0.000,0.033,0.000,0.000,0.000,0.000,0.933,Z12,0.933
C01905,C01905,26.3978,38.8000,60,1.000,60.0,0.000,0.000,0.000,0.000,0.000,0.000,0.000,0.000,0.000,0.133,0.000,0.017,0.000,0.000,0.000,0.000,0.850,Z12,0.850
C01906,C01906,26.4094,38.8000,60,1.000,60.0,0.000,0.000,0.000,0.000,0.000,0.000,0.000,0.000,0.000,0.217,0.000,0.050,0.000,0.000,0.000,0.000,0.733,Z12,0.733
C01907,C01907,26.4209,38.8000,60,1.000,60.0,0.000,0.000,0.000,0.000,0.000,0.000,0.000,0.000,0.000,0.250,0.000,0.017,0.000,0.000,0.000,0.000,0.733,Z12,0.733
C01908,C01908,26.4324,38.8000,60,1.000,60.0,0.000,0.000,0.000,0.000,0.000,0.000,0.000,0.000,0.117,0.200,0.000,0.067,0.000,0.000,0.000,0.000,0.617,Z12,0.617
C01909,C01909,26.4439,38.8000,60,1.000,58.5,0.000,0.000,0.000,0.000,0.000,0.000,0.000,0.000,0.217,0.117,0.000,0.033,0.000,0.000,0.000,0.000,0.633,Z12,0.633
C01910,C01910,26.4554,38.8000,60,1.000,57.0,0.000,0.000,0.000,0.000,0.000,0.000,0.000,0.000,0.300,0.033,0.000,0.000,0.000,0.000,0.000,0.000,0.667,Z12,0.667
C01911,C01911,26.4669,38.8000,60,1.000,54.0,0.000,0.000,0.000,0.000,0.000,0.000,0.000,0.000,0.333,0.000,0.000,0.017,0.000,0.000,0.000,0.000,0.650,Z12,0.650
C01912,C01912,26.4784,38.8000,60,1.000,54.0,0.000,0.000,0.000,0.000,0.000,0.000,0.000,0.000,0.333,0.000,0.000,0.017,0.000,0.000,0.000,0.000,0.650,Z12,0.650
C01913,C01913,26.4899,38.8000,60,1.000,51.0,0.000,0.000,0.000,0.000,0.000,0.000,0.000,0.000,0.333,0.000,0.000,0.017,0.000,0.000,0.000,0.000,0.650,Z12,0.650
C01914,C01914,26.5015,38.8000,60,1.000,48.0,0.000,0.000,0.000,0.000,0.000,0.000,0.000,0.000,0.333,0.000,0.000,0.067,0.000,0.000,0.000,0.000,0.600,Z12,0.600
C01915,C01915,26.5130,38.8000,60,1.000,45.0,0.000,0.000,0.000,0.000,0.000,0.000,0.000,0.000,0.333,0.000,0.000,0.033,0.000,0.000,0.000,0.000,0.633,Z12,0.633
C01916,C01916,26.5245,38.8000,60,1.000,39.0,0.000,0.000,0.000,0.000,0.000,0.000,0.000,0.000,0.333,0.000,0.000,0.017,0.000,0.000,0.000,0.000,0.650,Z12,0.650
C01917,C01917,26.5360,38.8000,60,1.000,36.0,0.000,0.000,0.000,0.000,0.000,0.000,0.000,0.000,0.333,0.000,0.000,0.017,0.000,0.000,0.000,0.000,0.650,Z12,0.650
C01918,C01918,26.5475,38.8000,60,1.000,30.0,0.000,0.000,0.000,0.000,0.000,0.000,0.000,0.000,0.333,0.000,0.000,0.067,0.000,0.000,0.000,0.000,0.600,Z12,0.600
C01919,C01919,26.5590,38.8000,60,1.000,27.0,0.000,0.000,0.000,0.000,0.000,0.000,0.000,0.000,0.333,0.033,0.000,0.133,0.000,0.000,0.000,0.000,0.500,Z12,0.500
C01920,C01920,26.5705,38.8000,60,1.000,27.0,0.000,0.000,0.000,0.000,0.000,0.000,0.000,0.000,0.333,0.100,0.000,0.233,0.000,0.000,0.000,0.000,0.333,Z06,0.333
C01921,C01921,26.5820,38.8000,60,1.000,24.0,0.000,0.000,0.000,0.000,0.000,0.000,0.000,0.000,0.333,0.250,0.000,0.267,0.000,0.000,0.000,0.000,0.150,Z06,0.333
C01922,C01922,26.5935,38.8000,60,1.000,24.0,0.000,0.000,0.000,0.000,0.000,0.000,0.000,0.000,0.333,0.417,0.000,0.233,0.000,0.000,0.000,0.000,0.017,Z16,0.417
C01923,C01923,26.6051,38.8000,60,1.000,18.0,0.000,0.000,0.000,0.000,0.000,0.000,0.000,0.000,0.433,0.467,0.000,0.100,0.000,0.000,0.000,0.000,0.000,Z16,0.467
C01924,C01924,26.6166,38.8000,60,1.000,18.0,0.000,0.000,0.000,0.000,0.000,0.000,0.000,0.000,0.600,0.400,0.000,0.000,0.000,0.000,0.000,0.000,0.000,Z06,0.600
C01925,C01925,26.6281,38.8000,60,1.000,18.0,0.000,0.000,0.000,0.000,0.000,0.000,0.000,0.000,0.800,0.200,0.000,0.000,0.000,0.000,0.000,0.000,0.000,Z06,0.800
C01926,C01926,26.6396,38.8000,60,1.000,18.0,0.000,0.000,0.000,0.000,0.000,0.000,0.000,0.000,0.950,0.050,0.000,0.000,0.000,0.000,0.000,0.000,0.000,Z06,0.950
C01927,C01927,26.6511,38.8000,60,1.000,18.0,0.000,0.000,0.000,0.000,0.000,0.000,0.000,0.000,1.000,0.000,0.000,0.000,0.000,0.000,0.000,0.000,0.000,Z06,1.000
C01928,C01928,26.6626,38.8000,60,1.000,18.0,0.000,0.000,0.000,0.000,0.000,0.000,0.000,0.000,1.000,0.000,0.000,0.000,0.000,0.000,0.000,0.000,0.000,Z06,1.000
C01929,C01929,26.6741,38.8000,60,1.000,18.0,0.000,0.000,0.000,0.000,0.000,0.000,0.000,0.000,1.000,0.000,0.000,0.000,0.000,0.000,0.000,0.000,0.000,Z06,1.000
C01930,C01930,26.6856,38.8000,60,1.000,21.0,0.000,0.000,0.000,0.000,0.000,0.000,0.000,0.000,1.000,0.000,0.000,0.000,0.000,0.000,0.000,0.000,0.000,Z06,1.000
C01931,C01931,26.6971,38.8000,60,1.000,21.0,0.000,0.000,0.000,0.000,0.000,0.000,0.000,0.000,1.000,0.000,0.000,0.000,0.000,0.000,0.000,0.000,0.000,Z06,1.000
C01932,C01932,26.7087,38.8000,60,1.000,21.0,0.000,0.000,0.000,0.000,0.000,0.000,0.000,0.000,1.000,0.000,0.000,0.000,0.000,0.000,0.000,0.000,0.000,Z06,1.000
C01933,C01933,26.7202,38.8000,60,1.000,21.0,0.000,0.000,0.000,0.000,0.000,0.000,0.000,0.000,1.000,0.000,0.000,0.000,0.000,0.000,0.000,0.000,0.000,Z06,1.000
C01934,C01934,26.7317,38.8000,60,1.000,21.0,0.000,0.000,0.000,0.000,0.000,0.000,0.000,0.000,0.867,0.000,0.133,0.000,0.000,0.000,0.000,0.000,0.000,Z06,0.867
C01935,C01935,26.7432,38.8000,60,1.000,21.0,0.000,0.000,0.000,0.000,0.000,0.000,0.000,0.000,0.733,0.000,0.267,0.000,0.000,0.000,0.000,0.000,0.000,Z06,0.733
C01936,C01936,26.7547,38.8000,60,1.000,22.5,0.000,0.000,0.000,0.000,0.000,0.000,0.000,0.000,0.667,0.000,0.333,0.000,0.000,0.000,0.000,0.000,0.000,Z06,0.667
C01937,C01937,26.7662,38.8000,60,1.000,24.0,0.000,0.000,0.000,0.000,0.000,0.000,0.000,0.000,0.667,0.000,0.333,0.000,0.000,0.000,0.000,0.000,0.000,Z06,0.667
C01938,C01938,26.7777,38.8000,60,1.000,24.0,0.000,0.000,0.000,0.000,0.000,0.000,0.000,0.000,0.667,0.000,0.333,0.000,0.000,0.000,0.000,0.000,0.000,Z06,0.667
C01939,C01939,26.7892,38.8000,60,1.000,27.0,0.000,0.000,0.000,0.000,0.000,0.000,0.000,0.000,0.667,0.000,0.333,0.000,0.000,0.000,0.000,0.000,0.000,Z06,0.667
C01940,C01940,26.8008,38.8000,60,1.000,27.0,0.000,0.000,0.000,0.000,0.000,0.000,0.000,0.000,0.667,0.000,0.333,0.000,0.000,0.000,0.000,0.000,0.000,Z06,0.667
C01941,C01941,26.8123,38.8000,60,1.000,30.0,0.000,0.000,0.000,0.000,0.000,0.000,0.000,0.067,0.600,0.000,0.300,0.000,0.000,0.033,0.000,0.000,0.000,Z06,0.600
C01942,C01942,26.8238,38.8000,60,1.000,31.5,0.000,0.000,0.000,0.000,0.033,0.000,0.000,0.117,0.500,0.000,0.200,0.000,0.000,0.150,0.000,0.000,0.000,Z06,0.500
C01943,C01943,26.8353,38.8000,60,1.000,15.0,0.000,0.000,0.000,0.000,0.050,0.000,0.000,0.017,0.367,0.000,0.333,0.000,0.000,0.233,0.000,0.000,0.000,Z06,0.367
C01944,C01944,26.8468,38.8000,60,1.000,12.0,0.000,0.000,0.000,0.000,0.000,0.000,0.000,0.017,0.117,0.000,0.667,0.000,0.000,0.200,0.000,0.000,0.000,Z07,0.667
C01945,C01945,26.8583,38.8000,60,1.000,12.0,0.000,0.000,0.000,0.000,0.000,0.000,0.000,0.000,0.000,0.000,0.917,0.000,0.000,0.083,0.000,0.000,0.000,Z07,0.917
C01946,C01946,26.8698,38.8000,60,1.000,12.0,0.000,0.000,0.000,0.000,0.000,0.000,0.000,0.000,0.000,0.000,0.800,0.000,0.000,0.200,0.000,0.000,0.000,Z07,0.800
C01947,C01947,26.8813,38.8000,60,1.000,12.0,0.000,0.000,0.000,0.000,0.000,0.000,0.000,0.000,0.000,0.000,0.533,0.000,0.000,0.467,0.000,0.000,0.000,Z07,0.533
C01948,C01948,26.8928,38.8000,60,1.000,12.0,0.000,0.000,0.000,0.000,0.000,0.000,0.000,0.000,0.000,0.000,0.567,0.000,0.000,0.433,0.000,0.000,0.000,Z07,0.567
C01949,C01949,26.9044,38.8000,60,1.000,12.0,0.000,0.000,0.000,0.000,0.000,0.000,0.000,0.000,0.000,0.000,0.717,0.000,0.000,0.283,0.000,0.000,0.000,Z07,0.717
C01950,C01950,26.3058,38.8090,60,1.000,63.0,0.000,0.000,0.000,0.000,0.000,0.000,0.000,0.000,0.000,0.000,0.000,0.000,0.000,0.000,0.000,0.000,1.000,Z12,1.000
C01951,C01951,26.3173,38.8090,60,1.000,66.0,0.000,0.000,0.000,0.000,0.000,0.000,0.000,0.000,0.000,0.000,0.000,0.000,0.000,0.000,0.000,0.000,1.000,Z12,1.000
C01952,C01952,26.3288,38.8090,60,1.000,60.0,0.000,0.000,0.000,0.000,0.000,0.000,0.000,0.000,0.000,0.000,0.000,0.017,0.000,0.000,0.000,0.000,0.983,Z12,0.983
C01953,C01953,26.3403,38.8090,60,1.000,63.0,0.000,0.000,0.000,0.000,0.000,0.000,0.000,0.000,0.000,0.000,0.000,0.000,0.000,0.000,0.000,0.000,1.000,Z12,1.000
C01954,C01954,26.3518,38.8090,60,1.000,60.0,0.000,0.000,0.000,0.000,0.000,0.000,0.000,0.000,0.000,0.000,0.000,0.017,0.000,0.000,0.000,0.000,0.983,Z12,0.983
C01955,C01955,26.3633,38.8090,60,1.000,60.0,0.000,0.000,0.000,0.000,0.000,0.000,0.000,0.000,0.000,0.000,0.000,0.017,0.000,0.000,0.000,0.000,0.983,Z12,0.983
C01956,C01956,26.3748,38.8090,60,1.000,60.0,0.000,0.000,0.000,0.000,0.000,0.000,0.000,0.000,0.000,0.000,0.000,0.017,0.000,0.000,0.000,0.000,0.983,Z12,0.983
C01957,C01957,26.3863,38.8090,60,1.000,63.0,0.000,0.000,0.000,0.000,0.000,0.000,0.000,0.000,0.000,0.000,0.000,0.017,0.000,0.000,0.000,0.000,0.983,Z12,0.983
C01958,C01958,26.3978,38.8090,60,0.983,63.0,0.000,0.000,0.000,0.000,0.000,0.000,0.000,0.000,0.000,0.033,0.000,0.017,0.000,0.000,0.000,0.000,0.950,Z12,0.950
C01959,C01959,26.4094,38.8090,60,1.000,64.5,0.000,0.000,0.000,0.000,0.000,0.000,0.000,0.000,0.000,0.083,0.000,0.050,0.000,0.000,0.000,0.000,0.867,Z12,0.867
C01960,C01960,26.4209,38.8090,60,1.000,63.0,0.000,0.000,0.000,0.000,0.000,0.000,0.000,0.000,0.000,0.133,0.000,0.050,0.000,0.000,0.000,0.000,0.817,Z12,0.817
C01961,C01961,26.4324,38.8090,60,1.000,63.0,0.000,0.000,0.000,0.000,0.000,0.000,0.000,0.000,0.017,0.217,0.000,0.017,0.000,0.000,0.000,0.000,0.750,Z12,0.750
C01962,C01962,26.4439,38.8090,60,1.000,63.0,0.000,0.000,0.000,0.000,0.000,0.000,0.000,0.000,0.117,0.150,0.000,0.017,0.000,0.000,0.000,0.000,0.717,Z12,0.717
C01963,C01963,26.4554,38.8090,60,1.000,63.0,0.000,0.000,0.000,0.000,0.000,0.000,0.000,0.000,0.233,0.100,0.000,0.050,0.000,0.000,0.000,0.000,0.617,Z12,0.617
C01964,C01964,26.4669,38.8090,60,1.000,57.0,0.000,0.000,0.000,0.000,0.000,0.000,0.000,0.000,0.317,0.017,0.000,0.033,0.000,0.000,0.000,0.000,0.633,Z12,0.633
C01965,C01965,26.4784,38.8090,60,1.000,57.0,0.000,0.000,0.000,0.000,0.000,0.000,0.000,0.000,0.333,0.000,0.000,0.017,0.000,0.000,0.000,0.000,0.650,Z12,0.650
C01966,C01966,26.4899,38.8090,60,1.000,54.0,0.000,0.000,0.000,0.000,0.000,0.000,0.000,0.000,0.333,0.000,0.000,0.067,0.000,0.000,0.000,0.000,0.600,Z12,0.600
C01967,C01967,26.5015,38.8090,60,1.000,54.0,0.000,0.000,0.000,0.000,0.000,0.000,0.000,0.000,0.333,0.000,0.000,0.033,0.000,0.000,0.000,0.000,0.633,Z12,0.633
C01968,C01968,26.5130,38.8090,60,1.000,49.5,0.000,0.000,0.000,0.000,0.000,0.000,0.000,0.000,0.333,0.000,0.000,0.000,0.000,0.000,0.000,0.000,0.667,Z12,0.667
C01969,C01969,26.5245,38.8090,60,1.000,45.0,0.000,0.000,0.000,0.000,0.000,0.000,0.000,0.000,0.333,0.000,0.000,0.033,0.000,0.000,0.000,0.000,0.633,Z12,0.633
C01970,C01970,26.5360,38.8090,60,1.000,42.0,0.000,0.000,0.000,0.000,0.000,0.000,0.000,0.000,0.333,0.000,0.000,0.067,0.000,0.000,0.000,0.000,0.600,Z12,0.600
C01971,C01971,26.5475,38.8090,60,1.000,33.0,0.000,0.000,0.000,0.000,0.000,0.000,0.000,0.000,0.333,0.000,0.000,0.050,0.000,0.000,0.000,0.000,0.617,Z12,0.617
C01972,C01972,26.5590,38.8090,60,1.000,31.5,0.000,0.000,0.000,0.000,0.000,0.000,0.000,0.000,0.333,0.000,0.000,0.083,0.000,0.000,0.000,0.000,0.583,Z12,0.583
C01973,C01973,26.5705,38.8090,60,1.000,27.0,0.000,0.000,0.000,0.000,0.000,0.000,0.000,0.000,0.333,0.033,0.000,0.100,0.000,0.000,0.000,0.000,0.533,Z12,0.533
C01974,C01974,26.5820,38.8090,60,1.000,27.0,0.000,0.000,0.000,0.000,0.000,0.000,0.000,0.000,0.333,0.133,0.000,0.217,0.000,0.000,0.000,0.000,0.317,Z06,0.333
C01975,C01975,26.5935,38.8090,60,1.000,24.0,0.000,0.000,0.000,0.000,0.000,0.000,0.000,0.000,0.333,0.300,0.000,0.250,0.000,0.000,0.000,0.000,0.117,Z06,0.333
C01976,C01976,26.6051,38.8090,60,1.000,24.0,0.000,0.000,0.000,0.000,0.000,0.000,0.000,0.000,0.367,0.450,0.000,0.150,0.000,0.000,0.000,0.000,0.033,Z16,0.450
C01977,C01977,26.6166,38.8090,60,1.000,18.0,0.000,0.000,0.000,0.000,0.000,0.000,0.000,0.000,0.433,0.483,0.000,0.083,0.000,0.000,0.000,0.000,0.000,Z16,0.483
C01978,C01978,26.6281,38.8090,60,1.000,18.0,0.000,0.000,0.000,0.000,0.000,0.000,0.000,0.000,0.667,0.317,0.000,0.017,0.000,0.000,0.000,0.000,0.000,Z06,0.667
C01979,C01979,26.6396,38.8090,60,1.000,18.0,0.000,0.000,0.000,0.000,0.000,0.000,0.000,0.000,0.750,0.250,0.000,0.000,0.000,0.000,0.000,0.000,0.000,Z06,0.750
C01980,C01980,26.6511,38.8090,60,1.000,18.0,0.000,0.000,0.000,0.000,0.000,0.000,0.000,0.000,0.950,0.050,0.000,0.000,0.000,0.000,0.000,0.000,0.000,Z06,0.950
C01981,C01981,26.6626,38.8090,60,1.000,18.0,0.000,0.000,0.000,0.000,0.000,0.000,0.000,0.000,1.000,0.000,0.000,0.000,0.000,0.000,0.000,0.000,0.000,Z06,1.000
C01982,C01982,26.6741,38.8090,60,1.000,18.0,0.000,0.000,0.000,0.000,0.000,0.000,0.000,0.000,1.000,0.000,0.000,0.000,0.000,0.000,0.000,0.000,0.000,Z06,1.000
C01983,C01983,26.6856,38.8090,60,1.000,21.0,0.000,0.000,0.000,0.000,0.000,0.000,0.000,0.000,1.000,0.000,0.000,0.000,0.000,0.000,0.000,0.000,0.000,Z06,1.000
C01984,C01984,26.6971,38.8090,60,1.000,21.0,0.000,0.000,0.000,0.000,0.000,0.000,0.000,0.000,1.000,0.000,0.000,0.000,0.000,0.000,0.000,0.000,0.000,Z06,1.000
C01985,C01985,26.7087,38.8090,60,1.000,21.0,0.000,0.000,0.000,0.000,0.000,0.000,0.000,0.000,1.000,0.000,0.000,0.000,0.000,0.000,0.000,0.000,0.000,Z06,1.000
C01986,C01986,26.7202,38.8090,60,1.000,21.0,0.000,0.000,0.000,0.000,0.000,0.000,0.000,0.000,0.950,0.000,0.050,0.000,0.000,0.000,0.000,0.000,0.000,Z06,0.950
C01987,C01987,26.7317,38.8090,60,1.000,21.0,0.000,0.000,0.000,0.000,0.000,0.000,0.000,0.000,0.917,0.000,0.083,0.000,0.000,0.000,0.000,0.000,0.000,Z06,0.917
C01988,C01988,26.7432,38.8090,60,1.000,22.5,0.000,0.000,0.000,0.000,0.000,0.000,0.000,0.000,0.717,0.000,0.283,0.000,0.000,0.000,0.000,0.000,0.000,Z06,0.717
C01989,C01989,26.7547,38.8090,60,1.000,24.0,0.000,0.000,0.000,0.000,0.000,0.000,0.000,0.000,0.700,0.000,0.300,0.000,0.000,0.000,0.000,0.000,0.000,Z06,0.700
C01990,C01990,26.7662,38.8090,60,1.000,24.0,0.000,0.000,0.000,0.000,0.000,0.000,0.000,0.000,0.667,0.000,0.333,0.000,0.000,0.000,0.000,0.000,0.000,Z06,0.667
C01991,C01991,26.7777,38.8090,60,1.000,24.0,0.000,0.000,0.000,0.000,0.000,0.000,0.000,0.000,0.667,0.000,0.333,0.000,0.000,0.000,0.000,0.000,0.000,Z06,0.667
C01992,C01992,26.7892,38.8090,60,1.000,27.0,0.000,0.000,0.000,0.000,0.000,0.000,0.000,0.000,0.667,0.000,0.333,0.000,0.000,0.000,0.000,0.000,0.000,Z06,0.667
C01993,C01993,26.8008,38.8090,60,1.000,27.0,0.000,0.000,0.000,0.000,0.000,0.000,0.000,0.000,0.667,0.000,0.333,0.000,0.000,0.000,0.000,0.000,0.000,Z06,0.667
C01994,C01994,26.8123,38.8090,60,1.000,30.0,0.000,0.000,0.000,0.000,0.000,0.000,0.000,0.017,0.650,0.000,0.283,0.000,0.000,0.050,0.000,0.000,0.000,Z06,0.650
C01995,C01995,26.8238,38.8090,60,1.000,33.0,0.000,0.000,0.000,0.000,0.000,0.000,0.000,0.017,0.650,0.000,0.150,0.000,0.000,0.183,0.000,0.000,0.000,Z06,0.650
C01996,C01996,26.8353,38.8090,60,1.000,15.0,0.000,0.000,0.000,0.000,0.017,0.000,0.000,0.067,0.533,0.000,0.050,0.000,0.000,0.333,0.000,0.000,0.000,Z06,0.533
C01997,C01997,26.8468,38.8090,60,1.000,15.0,0.000,0.000,0.000,0.000,0.033,0.000,0.000,0.083,0.333,0.000,0.300,0.000,0.000,0.250,0.000,0.000,0.000,Z06,0.333
C01998,C01998,26.8583,38.8090,60,1.000,12.0,0.000,0.000,0.000,0.000,0.000,0.000,0.000,0.000,0.033,0.000,0.867,0.000,0.000,0.100,0.000,0.000,0.000,Z07,0.867
C01999,C01999,26.8698,38.8090,60,1.000,12.0,0.000,0.000,0.000,0.000,0.000,0.000,0.000,0.000,0.000,0.000,0.900,0.000,0.000,0.100,0.000,0.000,0.000,Z07,0.900
C02000,C02000,26.8813,38.8090,60,1.000,12.0,0.000,0.000,0.000,0.000,0.000,0.000,0.000,0.000,0.000,0.000,0.733,0.000,0.000,0.267,0.000,0.000,0.000,Z07,0.733
C02001,C02001,26.8928,38.8090,60,1.000,12.0,0.000,0.000,0.000,0.000,0.000,0.000,0.000,0.000,0.000,0.000,0.600,0.000,0.000,0.400,0.000,0.000,0.000,Z07,0.600
C02002,C02002,26.9044,38.8090,60,1.000,12.0,0.000,0.000,0.000,0.000,0.000,0.000,0.000,0.000,0.000,0.000,0.550,0.000,0.000,0.450,0.000,0.000,0.000,Z07,0.550
C02003,C02003,26.9504,38.8090,60,1.000,3.0,0.000,0.000,0.000,0.000,0.000,0.000,0.000,0.000,0.000,0.000,0.000,0.000,0.000,1.000,0.000,0.000,0.000,Z10,1.000
C02004,C02004,26.9619,38.8090,60,1.000,3.0,0.000,0.000,0.000,0.000,0.000,0.000,0.000,0.000,0.000,0.000,0.000,0.000,0.000,1.000,0.000,0.000,0.000,Z10,1.000
C02005,C02005,26.9734,38.8090,60,1.000,3.0,0.000,0.000,0.000,0.000,0.000,0.000,0.000,0.000,0.000,0.000,0.000,0.000,0.000,1.000,0.000,0.000,0.000,Z10,1.000
C02006,C02006,26.3058,38.8180,60,0.967,66.0,0.000,0.000,0.000,0.000,0.000,0.000,0.000,0.000,0.000,0.000,0.000,0.017,0.000,0.000,0.000,0.000,0.983,Z12,0.983
C02007,C02007,26.3173,38.8180,60,1.000,66.0,0.000,0.000,0.000,0.000,0.000,0.000,0.000,0.000,0.000,0.000,0.000,0.000,0.000,0.000,0.000,0.000,1.000,Z12,1.000
C02008,C02008,26.3288,38.8180,60,1.000,67.5,0.000,0.000,0.000,0.000,0.000,0.000,0.000,0.000,0.000,0.000,0.000,0.017,0.000,0.000,0.000,0.000,0.983,Z12,0.983
C02009,C02009,26.3403,38.8180,60,1.000,63.0,0.000,0.000,0.000,0.000,0.000,0.000,0.000,0.000,0.000,0.000,0.000,0.000,0.000,0.000,0.000,0.000,1.000,Z12,1.000
C02010,C02010,26.3518,38.8180,60,1.000,63.0,0.000,0.000,0.000,0.000,0.000,0.000,0.000,0.000,0.000,0.000,0.000,0.000,0.000,0.000,0.000,0.000,1.000,Z12,1.000
C02011,C02011,26.3633,38.8180,60,1.000,67.5,0.000,0.000,0.000,0.000,0.000,0.000,0.000,0.000,0.000,0.000,0.000,0.000,0.000,0.000,0.000,0.000,1.000,Z12,1.000
C02012,C02012,26.3748,38.8180,60,1.000,66.0,0.000,0.000,0.000,0.000,0.000,0.000,0.000,0.000,0.000,0.000,0.000,0.000,0.000,0.000,0.000,0.000,1.000,Z12,1.000
C02013,C02013,26.3863,38.8180,60,1.000,69.0,0.000,0.000,0.000,0.000,0.000,0.000,0.000,0.000,0.000,0.000,0.000,0.017,0.000,0.000,0.000,0.000,0.983,Z12,0.983
C02014,C02014,26.3978,38.8180,60,1.000,70.5,0.000,0.000,0.000,0.000,0.000,0.000,0.000,0.000,0.000,0.017,0.000,0.000,0.000,0.000,0.000,0.000,0.983,Z12,0.983
C02015,C02015,26.4094,38.8180,60,1.000,69.0,0.000,0.000,0.000,0.000,0.000,0.000,0.000,0.000,0.000,0.000,0.000,0.050,0.000,0.000,0.000,0.000,0.950,Z12,0.950
C02016,C02016,26.4209,38.8180,60,1.000,70.5,0.000,0.000,0.000,0.000,0.000,0.000,0.000,0.000,0.000,0.067,0.000,0.067,0.000,0.000,0.000,0.000,0.867,Z12,0.867
C02017,C02017,26.4324,38.8180,60,1.000,69.0,0.000,0.000,0.000,0.000,0.000,0.000,0.000,0.000,0.000,0.100,0.000,0.050,0.000,0.000,0.000,0.000,0.850,Z12,0.850
C02018,C02018,26.4439,38.8180,60,1.000,63.0,0.000,0.000,0.000,0.000,0.000,0.000,0.000,0.000,0.033,0.133,0.000,0.033,0.000,0.000,0.000,0.000,0.800,Z12,0.800
C02019,C02019,26.4554,38.8180,60,1.000,63.0,0.000,0.000,0.000,0.000,0.000,0.000,0.000,0.000,0.100,0.217,0.000,0.083,0.000,0.000,0.000,0.000,0.600,Z12,0.600
C02020,C02020,26.4669,38.8180,60,1.000,63.0,0.000,0.000,0.000,0.000,0.000,0.000,0.000,0.000,0.233,0.100,0.000,0.033,0.000,0.000,0.000,0.000,0.633,Z12,0.633
C02021,C02021,26.4784,38.8180,60,1.000,60.0,0.000,0.000,0.000,0.000,0.000,0.000,0.000,0.000,0.283,0.050,0.000,0.033,0.000,0.000,0.000,0.000,0.633,Z12,0.633
C02022,C02022,26.4899,38.8180,60,1.000,57.0,0.000,0.000,0.000,0.000,0.000,0.000,0.000,0.000,0.333,0.000,0.000,0.067,0.000,0.000,0.000,0.000,0.600,Z12,0.600
C02023,C02023,26.5015,38.8180,60,1.000,57.0,0.000,0.000,0.000,0.000,0.000,0.000,0.000,0.000,0.333,0.000,0.000,0.050,0.000,0.000,0.000,0.000,0.617,Z12,0.617
C02024,C02024,26.5130,38.8180,60,1.000,54.0,0.000,0.000,0.000,0.000,0.000,0.000,0.000,0.000,0.333,0.000,0.000,0.050,0.000,0.000,0.000,0.000,0.617,Z12,0.617
C02025,C02025,26.5245,38.8180,60,1.000,51.0,0.000,0.000,0.000,0.000,0.000,0.000,0.000,0.000,0.333,0.000,0.000,0.000,0.000,0.000,0.000,0.000,0.667,Z12,0.667
C02026,C02026,26.5360,38.8180,60,1.000,48.0,0.000,0.000,0.000,0.000,0.000,0.000,0.000,0.000,0.333,0.000,0.000,0.050,0.000,0.000,0.000,0.000,0.617,Z12,0.617
C02027,C02027,26.5475,38.8180,60,1.000,45.0,0.000,0.000,0.000,0.000,0.000,0.000,0.000,0.000,0.333,0.000,0.000,0.033,0.000,0.000,0.000,0.000,0.633,Z12,0.633
C02028,C02028,26.5590,38.8180,60,1.000,39.0,0.000,0.000,0.000,0.000,0.000,0.000,0.000,0.000,0.333,0.000,0.000,0.033,0.000,0.000,0.000,0.000,0.633,Z12,0.633
C02029,C02029,26.5705,38.8180,60,1.000,27.0,0.000,0.000,0.000,0.000,0.000,0.000,0.000,0.000,0.333,0.000,0.000,0.067,0.000,0.000,0.000,0.000,0.600,Z12,0.600
C02030,C02030,26.5820,38.8180,60,1.000,27.0,0.000,0.000,0.000,0.000,0.000,0.000,0.000,0.000,0.333,0.017,0.000,0.100,0.000,0.000,0.000,0.000,0.550,Z12,0.550
C02031,C02031,26.5935,38.8180,60,1.000,27.0,0.000,0.000,0.000,0.000,0.000,0.000,0.000,0.000,0.333,0.150,0.000,0.233,0.000,0.000,0.000,0.000,0.283,Z06,0.333
C02032,C02032,26.6051,38.8180,60,1.000,27.0,0.000,0.000,0.000,0.000,0.000,0.000,0.000,0.000,0.350,0.283,0.000,0.233,0.000,0.000,0.000,0.000,0.133,Z06,0.350
C02033,C02033,26.6166,38.8180,60,1.000,22.5,0.000,0.000,0.000,0.000,0.000,0.000,0.000,0.000,0.383,0.450,0.000,0.150,0.000,0.000,0.000,0.000,0.017,Z16,0.450
C02034,C02034,26.6281,38.8180,60,1.000,18.0,0.000,0.000,0.000,0.000,0.000,0.000,0.000,0.000,0.633,0.333,0.000,0.033,0.000,0.000,0.000,0.000,0.000,Z06,0.633
C02035,C02035,26.6396,38.8180,60,1.000,18.0,0.000,0.000,0.000,0.000,0.000,0.000,0.000,0.000,0.700,0.300,0.000,0.000,0.000,0.000,0.000,0.000,0.000,Z06,0.700
C02036,C02036,26.6511,38.8180,60,1.000,18.0,0.000,0.000,0.000,0.000,0.000,0.000,0.000,0.000,0.850,0.150,0.000,0.000,0.000,0.000,0.000,0.000,0.000,Z06,0.850
C02037,C02037,26.6626,38.8180,60,1.000,18.0,0.000,0.000,0.000,0.000,0.000,0.000,0.000,0.000,1.000,0.000,0.000,0.000,0.000,0.000,0.000,0.000,0.000,Z06,1.000
C02038,C02038,26.6741,38.8180,60,1.000,21.0,0.000,0.000,0.000,0.000,0.000,0.000,0.000,0.000,1.000,0.000,0.000,0.000,0.000,0.000,0.000,0.000,0.000,Z06,1.000
C02039,C02039,26.6856,38.8180,60,1.000,21.0,0.000,0.000,0.000,0.000,0.000,0.000,0.000,0.000,1.000,0.000,0.000,0.000,0.000,0.000,0.000,0.000,0.000,Z06,1.000
C02040,C02040,26.6971,38.8180,60,1.000,21.0,0.000,0.000,0.000,0.000,0.000,0.000,0.000,0.000,1.000,0.000,0.000,0.000,0.000,0.000,0.000,0.000,0.000,Z06,1.000
C02041,C02041,26.7087,38.8180,60,1.000,22.5,0.000,0.000,0.000,0.000,0.000,0.000,0.000,0.000,1.000,0.000,0.000,0.000,0.000,0.000,0.000,0.000,0.000,Z06,1.000
C02042,C02042,26.7202,38.8180,60,1.000,24.0,0.000,0.000,0.000,0.000,0.000,0.000,0.000,0.000,1.000,0.000,0.000,0.000,0.000,0.000,0.000,0.000,0.000,Z06,1.000
C02043,C02043,26.7317,38.8180,60,1.000,21.0,0.000,0.000,0.000,0.000,0.000,0.000,0.000,0.000,0.867,0.000,0.133,0.000,0.000,0.000,0.000,0.000,0.000,Z06,0.867
C02044,C02044,26.7432,38.8180,60,1.000,21.0,0.000,0.000,0.000,0.000,0.000,0.000,0.000,0.000,0.783,0.000,0.217,0.000,0.000,0.000,0.000,0.000,0.000,Z06,0.783
C02045,C02045,26.7547,38.8180,60,1.000,24.0,0.000,0.000,0.000,0.000,0.000,0.000,0.000,0.000,0.683,0.000,0.317,0.000,0.000,0.000,0.000,0.000,0.000,Z06,0.683
C02046,C02046,26.7662,38.8180,60,1.000,24.0,0.000,0.000,0.000,0.000,0.000,0.000,0.000,0.000,0.667,0.000,0.333,0.000,0.000,0.000,0.000,0.000,0.000,Z06,0.667
C02047,C02047,26.7777,38.8180,60,1.000,24.0,0.000,0.000,0.000,0.000,0.000,0.000,0.000,0.000,0.667,0.000,0.333,0.000,0.000,0.000,0.000,0.000,0.000,Z06,0.667
C02048,C02048,26.7892,38.8180,60,1.000,27.0,0.000,0.000,0.000,0.000,0.000,0.000,0.000,0.000,0.667,0.000,0.333,0.000,0.000,0.000,0.000,0.000,0.000,Z06,0.667
C02049,C02049,26.8008,38.8180,60,1.000,27.0,0.000,0.000,0.000,0.000,0.000,0.000,0.000,0.000,0.667,0.000,0.317,0.000,0.000,0.017,0.000,0.000,0.000,Z06,0.667
C02050,C02050,26.8123,38.8180,60,1.000,30.0,0.000,0.000,0.000,0.000,0.000,0.000,0.000,0.000,0.667,0.000,0.283,0.000,0.000,0.050,0.000,0.000,0.000,Z06,0.667
C02051,C02051,26.8238,38.8180,60,1.000,30.0,0.000,0.000,0.000,0.000,0.000,0.000,0.000,0.000,0.650,0.000,0.117,0.000,0.000,0.233,0.000,0.000,0.000,Z06,0.650
C02052,C02052,26.8353,38.8180,60,1.000,18.0,0.000,0.000,0.000,0.000,0.000,0.000,0.000,0.050,0.567,0.000,0.117,0.000,0.000,0.267,0.000,0.000,0.000,Z06,0.567
C02053,C02053,26.8468,38.8180,60,1.000,18.0,0.000,0.000,0.000,0.000,0.017,0.000,0.000,0.067,0.400,0.000,0.283,0.000,0.000,0.233,0.000,0.000,0.000,Z06,0.400
C02054,C02054,26.8583,38.8180,60,1.000,15.0,0.000,0.000,0.000,0.000,0.033,0.000,0.000,0.067,0.150,0.000,0.650,0.000,0.000,0.100,0.000,0.000,0.000,Z07,0.650
C02055,C02055,26.8698,38.8180,60,1.000,15.0,0.000,0.000,0.000,0.000,0.017,0.000,0.000,0.000,0.050,0.000,0.867,0.000,0.000,0.067,0.000,0.000,0.000,Z07,0.867
C02056,C02056,26.8813,38.8180,60,1.000,15.0,0.000,0.000,0.000,0.000,0.000,0.000,0.000,0.000,0.017,0.000,0.850,0.000,0.000,0.133,0.000,0.000,0.000,Z07,0.850
C02057,C02057,26.8928,38.8180,60,1.000,12.0,0.000,0.000,0.000,0.000,0.000,0.000,0.000,0.000,0.000,0.000,0.483,0.000,0.000,0.517,0.000,0.000,0.000,Z10,0.517
C02058,C02058,26.9044,38.8180,60,1.000,3.0,0.000,0.000,0.000,0.000,0.000,0.000,0.000,0.000,0.000,0.000,0.150,0.000,0.000,0.850,0.000,0.000,0.000,Z10,0.850
C02059,C02059,26.9159,38.8180,60,1.000,3.0,0.000,0.000,0.000,0.000,0.000,0.000,0.000,0.000,0.000,0.000,0.000,0.000,0.000,1.000,0.000,0.000,0.000,Z10,1.000
C02060,C02060,26.9389,38.8180,60,1.000,3.0,0.000,0.000,0.000,0.000,0.000,0.000,0.000,0.000,0.000,0.000,0.000,0.000,0.000,1.000,0.000,0.000,0.000,Z10,1.000
C02061,C02061,26.9504,38.8180,60,1.000,3.0,0.000,0.000,0.000,0.000,0.000,0.000,0.000,0.000,0.000,0.000,0.000,0.000,0.000,1.000,0.000,0.000,0.000,Z10,1.000
C02062,C02062,26.9619,38.8180,60,1.000,6.0,0.000,0.000,0.000,0.000,0.000,0.000,0.000,0.000,0.000,0.000,0.000,0.000,0.000,1.000,0.000,0.000,0.000,Z10,1.000
C02063,C02063,26.9734,38.8180,60,1.000,6.0,0.000,0.000,0.000,0.000,0.000,0.000,0.000,0.000,0.000,0.000,0.000,0.000,0.000,1.000,0.000,0.000,0.000,Z10,1.000
C02064,C02064,26.3058,38.8270,60,0.967,69.0,0.000,0.000,0.000,0.000,0.000,0.000,0.000,0.000,0.000,0.000,0.000,0.000,0.000,0.000,0.000,0.000,1.000,Z12,1.000
C02065,C02065,26.3173,38.8270,60,1.000,69.0,0.000,0.000,0.000,0.000,0.000,0.000,0.000,0.000,0.000,0.000,0.000,0.033,0.000,0.000,0.000,0.000,0.967,Z12,0.967
C02066,C02066,26.3288,38.8270,60,0.967,69.0,0.000,0.000,0.000,0.000,0.000,0.000,0.000,0.000,0.000,0.000,0.000,0.000,0.000,0.000,0.000,0.000,1.000,Z12,1.000
C02067,C02067,26.3403,38.8270,60,1.000,66.0,0.000,0.000,0.000,0.000,0.000,0.000,0.000,0.000,0.000,0.000,0.000,0.000,0.000,0.000,0.000,0.000,1.000,Z12,1.000
C02068,C02068,26.3518,38.8270,60,0.983,69.0,0.000,0.000,0.000,0.000,0.000,0.000,0.000,0.000,0.000,0.000,0.000,0.000,0.000,0.000,0.000,0.000,1.000,Z12,1.000
C02069,C02069,26.3633,38.8270,60,1.000,69.0,0.000,0.000,0.000,0.000,0.000,0.000,0.000,0.000,0.000,0.000,0.000,0.000,0.000,0.000,0.000,0.000,1.000,Z12,1.000
C02070,C02070,26.3748,38.8270,60,1.000,72.0,0.000,0.000,0.000,0.000,0.000,0.000,0.000,0.000,0.000,0.000,0.000,0.017,0.000,0.000,0.000,0.000,0.983,Z12,0.983
C02071,C02071,26.3863,38.8270,60,1.000,73.5,0.000,0.000,0.000,0.000,0.000,0.000,0.000,0.000,0.000,0.000,0.000,0.033,0.000,0.000,0.000,0.000,0.967,Z12,0.967
C02072,C02072,26.3978,38.8270,60,0.983,72.0,0.000,0.000,0.000,0.000,0.000,0.000,0.000,0.000,0.000,0.000,0.000,0.017,0.000,0.000,0.000,0.000,0.983,Z12,0.983
C02073,C02073,26.4094,38.8270,60,1.000,72.0,0.000,0.000,0.000,0.000,0.000,0.000,0.000,0.000,0.000,0.017,0.000,0.017,0.000,0.000,0.000,0.000,0.967,Z12,0.967
C02074,C02074,26.4209,38.8270,60,1.000,72.0,0.000,0.000,0.000,0.000,0.000,0.000,0.000,0.000,0.000,0.017,0.000,0.000,0.000,0.000,0.000,0.000,0.983,Z12,0.983
C02075,C02075,26.4324,38.8270,60,1.000,72.0,0.000,0.000,0.000,0.000,0.000,0.000,0.000,0.000,0.000,0.017,0.000,0.000,0.000,0.000,0.000,0.000,0.983,Z12,0.983
C02076,C02076,26.4439,38.8270,60,1.000,75.0,0.000,0.000,0.000,0.000,0.000,0.000,0.000,0.000,0.000,0.100,0.000,0.033,0.000,0.000,0.000,0.000,0.867,Z12,0.867
C02077,C02077,26.4554,38.8270,60,1.000,69.0,0.000,0.000,0.000,0.000,0.000,0.000,0.000,0.000,0.050,0.167,0.000,0.017,0.000,0.000,0.000,0.000,0.767,Z12,0.767
C02078,C02078,26.4669,38.8270,60,1.000,69.0,0.000,0.000,0.000,0.000,0.000,0.000,0.000,0.000,0.183,0.117,0.000,0.017,0.000,0.000,0.000,0.000,0.683,Z12,0.683
C02079,C02079,26.4784,38.8270,60,1.000,63.0,0.000,0.000,0.000,0.000,0.000,0.000,0.000,0.000,0.167,0.133,0.000,0.050,0.000,0.000,0.000,0.000,0.650,Z12,0.650
C02080,C02080,26.4899,38.8270,60,1.000,63.0,0.000,0.000,0.000,0.000,0.000,0.000,0.000,0.000,0.233,0.100,0.000,0.083,0.000,0.000,0.000,0.000,0.583,Z12,0.583
C02081,C02081,26.5015,38.8270,60,1.000,61.5,0.000,0.000,0.000,0.000,0.000,0.000,0.000,0.000,0.283,0.050,0.000,0.033,0.000,0.000,0.000,0.000,0.633,Z12,0.633
C02082,C02082,26.5130,38.8270,60,1.000,57.0,0.000,0.000,0.000,0.000,0.000,0.000,0.000,0.000,0.300,0.033,0.000,0.083,0.000,0.000,0.000,0.000,0.583,Z12,0.583
C02083,C02083,26.5245,38.8270,60,1.000,54.0,0.000,0.000,0.000,0.000,0.000,0.000,0.000,0.000,0.333,0.000,0.000,0.017,0.000,0.000,0.000,0.000,0.650,Z12,0.650
C02084,C02084,26.5360,38.8270,60,1.000,51.0,0.000,0.000,0.000,0.000,0.000,0.000,0.000,0.000,0.317,0.017,0.000,0.067,0.000,0.000,0.000,0.000,0.600,Z12,0.600
C02085,C02085,26.5475,38.8270,60,1.000,48.0,0.000,0.000,0.000,0.000,0.000,0.000,0.000,0.000,0.333,0.000,0.000,0.083,0.000,0.000,0.000,0.000,0.583,Z12,0.583
C02086,C02086,26.5590,38.8270,60,1.000,45.0,0.000,0.000,0.000,0.000,0.000,0.000,0.000,0.000,0.333,0.000,0.000,0.100,0.000,0.000,0.000,0.000,0.567,Z12,0.567
C02087,C02087,26.5705,38.8270,60,1.000,36.0,0.000,0.000,0.000,0.000,0.000,0.000,0.000,0.000,0.333,0.000,0.000,0.033,0.000,0.000,0.000,0.000,0.633,Z12,0.633
C02088,C02088,26.5820,38.8270,60,1.000,30.0,0.000,0.000,0.000,0.000,0.000,0.000,0.000,0.000,0.333,0.000,0.000,0.017,0.000,0.000,0.000,0.000,0.650,Z12,0.650
C02089,C02089,26.5935,38.8270,60,1.000,30.0,0.000,0.000,0.000,0.000,0.000,0.000,0.000,0.000,0.333,0.050,0.000,0.167,0.000,0.000,0.000,0.000,0.450,Z12,0.450
C02090,C02090,26.6051,38.8270,60,1.000,27.0,0.000,0.000,0.000,0.000,0.000,0.000,0.000,0.000,0.333,0.217,0.000,0.267,0.000,0.000,0.000,0.000,0.183,Z06,0.333
C02091,C02091,26.6166,38.8270,60,1.000,27.0,0.000,0.000,0.000,0.000,0.000,0.000,0.000,0.000,0.400,0.267,0.000,0.233,0.000,0.000,0.000,0.000,0.100,Z06,0.400
C02092,C02092,26.6281,38.8270,60,1.000,18.0,0.000,0.000,0.000,0.000,0.000,0.000,0.000,0.000,0.500,0.417,0.000,0.083,0.000,0.000,0.000,0.000,0.000,Z06,0.500
C02093,C02093,26.6396,38.8270,60,1.000,18.0,0.000,0.000,0.000,0.000,0.000,0.000,0.000,0.000,0.667,0.333,0.000,0.000,0.000,0.000,0.000,0.000,0.000,Z06,0.667
C02094,C02094,26.6511,38.8270,60,1.000,18.0,0.000,0.000,0.000,0.000,0.000,0.000,0.000,0.000,0.817,0.183,0.000,0.000,0.000,0.000,0.000,0.000,0.000,Z06,0.817
C02095,C02095,26.6626,38.8270,60,1.000,18.0,0.000,0.000,0.000,0.000,0.000,0.000,0.000,0.000,0.900,0.100,0.000,0.000,0.000,0.000,0.000,0.000,0.000,Z06,0.900
C02096,C02096,26.6741,38.8270,60,1.000,21.0,0.000,0.000,0.000,0.000,0.000,0.000,0.000,0.000,1.000,0.000,0.000,0.000,0.000,0.000,0.000,0.000,0.000,Z06,1.000
C02097,C02097,26.6856,38.8270,60,1.000,21.0,0.000,0.000,0.000,0.000,0.000,0.000,0.000,0.000,1.000,0.000,0.000,0.000,0.000,0.000,0.000,0.000,0.000,Z06,1.000
C02098,C02098,26.6971,38.8270,60,1.000,21.0,0.000,0.000,0.000,0.000,0.000,0.000,0.000,0.000,1.000,0.000,0.000,0.000,0.000,0.000,0.000,0.000,0.000,Z06,1.000
C02099,C02099,26.7087,38.8270,60,1.000,24.0,0.000,0.000,0.000,0.000,0.000,0.000,0.000,0.000,1.000,0.000,0.000,0.000,0.000,0.000,0.000,0.000,0.000,Z06,1.000
C02100,C02100,26.7202,38.8270,60,1.000,24.0,0.000,0.000,0.000,0.000,0.000,0.000,0.000,0.000,1.000,0.000,0.000,0.000,0.000,0.000,0.000,0.000,0.000,Z06,1.000
C02101,C02101,26.7317,38.8270,60,1.000,21.0,0.000,0.000,0.000,0.000,0.000,0.000,0.000,0.000,0.933,0.000,0.067,0.000,0.000,0.000,0.000,0.000,0.000,Z06,0.933
C02102,C02102,26.7432,38.8270,60,1.000,21.0,0.000,0.000,0.000,0.000,0.000,0.000,0.000,0.000,0.750,0.000,0.250,0.000,0.000,0.000,0.000,0.000,0.000,Z06,0.750
C02103,C02103,26.7547,38.8270,60,1.000,21.0,0.000,0.000,0.000,0.000,0.000,0.000,0.000,0.000,0.700,0.000,0.300,0.000,0.000,0.000,0.000,0.000,0.000,Z06,0.700
C02104,C02104,26.7662,38.8270,60,1.000,24.0,0.000,0.000,0.000,0.000,0.000,0.000,0.000,0.000,0.683,0.000,0.317,0.000,0.000,0.000,0.000,0.000,0.000,Z06,0.683
C02105,C02105,26.7777,38.8270,60,1.000,24.0,0.000,0.000,0.000,0.000,0.000,0.000,0.000,0.000,0.667,0.000,0.333,0.000,0.000,0.000,0.000,0.000,0.000,Z06,0.667
C02106,C02106,26.7892,38.8270,60,1.000,27.0,0.000,0.000,0.000,0.000,0.000,0.000,0.000,0.000,0.667,0.000,0.333,0.000,0.000,0.000,0.000,0.000,0.000,Z06,0.667
C02107,C02107,26.8008,38.8270,60,1.000,27.0,0.000,0.000,0.000,0.000,0.000,0.000,0.000,0.000,0.667,0.000,0.333,0.000,0.000,0.000,0.000,0.000,0.000,Z06,0.667
C02108,C02108,26.8123,38.8270,60,1.000,27.0,0.000,0.000,0.000,0.000,0.000,0.000,0.000,0.017,0.650,0.000,0.300,0.000,0.000,0.033,0.000,0.000,0.000,Z06,0.650
C02109,C02109,26.8238,38.8270,60,1.000,27.0,0.000,0.000,0.000,0.000,0.000,0.000,0.000,0.017,0.633,0.000,0.133,0.000,0.000,0.217,0.000,0.000,0.000,Z06,0.633
C02110,C02110,26.8353,38.8270,60,1.000,18.0,0.000,0.000,0.000,0.000,0.000,0.000,0.000,0.000,0.567,0.000,0.183,0.000,0.000,0.250,0.000,0.000,0.000,Z06,0.567
C02111,C02111,26.8468,38.8270,60,1.000,18.0,0.000,0.000,0.000,0.000,0.000,0.000,0.000,0.017,0.467,0.000,0.250,0.000,0.000,0.267,0.000,0.000,0.000,Z06,0.467
C02112,C02112,26.8583,38.8270,60,1.000,18.0,0.000,0.000,0.000,0.000,0.050,0.000,0.000,0.083,0.233,0.000,0.500,0.000,0.000,0.133,0.000,0.000,0.000,Z07,0.500
C02113,C02113,26.8698,38.8270,60,1.000,18.0,0.000,0.000,0.000,0.000,0.050,0.000,0.000,0.050,0.183,0.000,0.567,0.000,0.000,0.150,0.000,0.000,0.000,Z07,0.567
C02114,C02114,26.8813,38.8270,60,1.000,15.0,0.000,0.000,0.000,0.000,0.017,0.000,0.000,0.000,0.033,0.000,0.867,0.000,0.000,0.083,0.000,0.000,0.000,Z07,0.867
C02115,C02115,26.8928,38.8270,60,1.000,10.5,0.000,0.000,0.000,0.000,0.000,0.000,0.000,0.000,0.000,0.000,0.450,0.000,0.000,0.550,0.000,0.000,0.000,Z10,0.550
C02116,C02116,26.9044,38.8270,60,1.000,3.0,0.000,0.000,0.000,0.000,0.000,0.000,0.000,0.000,0.000,0.000,0.217,0.000,0.000,0.783,0.000,0.000,0.000,Z10,0.783
C02117,C02117,26.9159,38.8270,60,1.000,3.0,0.000,0.000,0.000,0.000,0.000,0.000,0.000,0.000,0.000,0.000,0.000,0.000,0.000,1.000,0.000,0.000,0.000,Z10,1.000
C02118,C02118,26.9274,38.8270,60,1.000,3.0,0.000,0.000,0.000,0.000,0.000,0.000,0.000,0.000,0.000,0.000,0.017,0.000,0.000,0.983,0.000,0.000,0.000,Z10,0.983
C02119,C02119,26.9504,38.8270,60,1.000,3.0,0.000,0.000,0.000,0.000,0.000,0.000,0.000,0.000,0.000,0.000,0.000,0.000,0.000,1.000,0.000,0.000,0.000,Z10,1.000
C02120,C02120,26.9619,38.8270,60,1.000,6.0,0.000,0.000,0.000,0.000,0.000,0.000,0.000,0.000,0.000,0.000,0.000,0.000,0.000,1.000,0.000,0.000,0.000,Z10,1.000
C02121,C02121,26.9734,38.8270,60,1.000,9.0,0.000,0.000,0.000,0.000,0.000,0.000,0.000,0.000,0.000,0.000,0.000,0.000,0.000,1.000,0.000,0.000,0.000,Z10,1.000
C02122,C02122,26.3058,38.8360,60,0.983,72.0,0.000,0.000,0.000,0.000,0.000,0.000,0.000,0.000,0.000,0.000,0.000,0.000,0.000,0.000,0.000,0.000,1.000,Z12,1.000
C02123,C02123,26.3173,38.8360,60,0.983,72.0,0.000,0.000,0.000,0.000,0.000,0.000,0.000,0.000,0.000,0.000,0.000,0.000,0.000,0.000,0.000,0.000,1.000,Z12,1.000
C02124,C02124,26.3288,38.8360,60,0.950,72.0,0.000,0.000,0.000,0.000,0.000,0.000,0.000,0.000,0.000,0.000,0.000,0.017,0.000,0.000,0.000,0.000,0.983,Z12,0.983
C02125,C02125,26.3403,38.8360,60,1.000,69.0,0.000,0.000,0.000,0.000,0.000,0.000,0.000,0.000,0.000,0.000,0.000,0.017,0.000,0.000,0.000,0.000,0.983,Z12,0.983
C02126,C02126,26.3518,38.8360,60,0.983,72.0,0.000,0.000,0.000,0.000,0.000,0.000,0.000,0.000,0.000,0.000,0.000,0.000,0.000,0.000,0.000,0.000,1.000,Z12,1.000
C02127,C02127,26.3633,38.8360,60,0.983,72.0,0.000,0.000,0.000,0.000,0.000,0.000,0.000,0.000,0.000,0.000,0.000,0.000,0.000,0.000,0.000,0.000,1.000,Z12,1.000
C02128,C02128,26.3748,38.8360,60,0.983,75.0,0.000,0.000,0.000,0.000,0.000,0.000,0.000,0.000,0.000,0.000,0.000,0.017,0.000,0.000,0.000,0.000,0.983,Z12,0.983
C02129,C02129,26.3863,38.8360,60,1.000,75.0,0.000,0.000,0.000,0.000,0.000,0.000,0.000,0.000,0.000,0.000,0.000,0.017,0.000,0.000,0.000,0.000,0.983,Z12,0.983
C02130,C02130,26.3978,38.8360,60,1.000,76.5,0.000,0.000,0.000,0.000,0.000,0.000,0.000,0.000,0.000,0.000,0.000,0.000,0.000,0.000,0.000,0.000,1.000,Z12,1.000
C02131,C02131,26.4094,38.8360,60,0.983,78.0,0.000,0.000,0.000,0.000,0.000,0.000,0.000,0.000,0.000,0.000,0.000,0.000,0.000,0.000,0.000,0.000,1.000,Z12,1.000
C02132,C02132,26.4209,38.8360,60,1.000,75.0,0.000,0.000,0.000,0.000,0.000,0.000,0.000,0.000,0.000,0.033,0.000,0.017,0.000,0.000,0.000,0.000,0.950,Z12,0.950
C02133,C02133,26.4324,38.8360,60,0.983,75.0,0.000,0.000,0.000,0.000,0.000,0.000,0.000,0.000,0.000,0.000,0.000,0.033,0.000,0.000,0.000,0.000,0.967,Z12,0.967
C02134,C02134,26.4439,38.8360,60,1.000,73.5,0.000,0.000,0.000,0.000,0.000,0.000,0.000,0.000,0.000,0.017,0.000,0.067,0.000,0.000,0.000,0.000,0.917,Z12,0.917
C02135,C02135,26.4554,38.8360,60,0.983,72.0,0.000,0.000,0.000,0.000,0.000,0.000,0.000,0.000,0.000,0.083,0.000,0.000,0.000,0.000,0.000,0.000,0.917,Z12,0.917
C02136,C02136,26.4669,38.8360,60,1.000,72.0,0.000,0.000,0.000,0.000,0.000,0.000,0.000,0.000,0.050,0.083,0.000,0.033,0.000,0.000,0.000,0.000,0.833,Z12,0.833
C02137,C02137,26.4784,38.8360,60,1.000,69.0,0.000,0.000,0.000,0.000,0.000,0.000,0.000,0.000,0.050,0.150,0.000,0.017,0.000,0.000,0.000,0.000,0.783,Z12,0.783
C02138,C02138,26.4899,38.8360,60,1.000,69.0,0.000,0.000,0.000,0.000,0.000,0.000,0.000,0.000,0.183,0.133,0.000,0.000,0.000,0.000,0.000,0.000,0.683,Z12,0.683
C02139,C02139,26.5015,38.8360,60,1.000,66.0,0.000,0.000,0.000,0.000,0.000,0.000,0.000,0.000,0.217,0.083,0.000,0.033,0.000,0.000,0.000,0.000,0.667,Z12,0.667
C02140,C02140,26.5130,38.8360,60,1.000,60.0,0.000,0.000,0.000,0.000,0.000,0.000,0.000,0.000,0.267,0.050,0.000,0.067,0.000,0.000,0.000,0.000,0.617,Z12,0.617
C02141,C02141,26.5245,38.8360,60,1.000,57.0,0.000,0.000,0.000,0.000,0.000,0.000,0.000,0.000,0.300,0.033,0.000,0.083,0.000,0.000,0.000,0.000,0.583,Z12,0.583
C02142,C02142,26.5360,38.8360,60,1.000,54.0,0.000,0.000,0.000,0.000,0.000,0.000,0.000,0.000,0.333,0.000,0.000,0.067,0.000,0.000,0.000,0.000,0.600,Z12,0.600
C02143,C02143,26.5475,38.8360,60,1.000,51.0,0.000,0.000,0.000,0.000,0.000,0.000,0.000,0.000,0.333,0.000,0.000,0.033,0.000,0.000,0.000,0.000,0.633,Z12,0.633
C02144,C02144,26.5590,38.8360,60,1.000,48.0,0.000,0.000,0.000,0.000,0.000,0.000,0.000,0.000,0.333,0.000,0.000,0.033,0.000,0.000,0.000,0.000,0.633,Z12,0.633
C02145,C02145,26.5705,38.8360,60,1.000,45.0,0.000,0.000,0.000,0.000,0.000,0.000,0.000,0.000,0.333,0.000,0.000,0.050,0.000,0.000,0.000,0.000,0.617,Z12,0.617
C02146,C02146,26.5820,38.8360,60,1.000,34.5,0.000,0.000,0.000,0.000,0.000,0.000,0.000,0.000,0.333,0.000,0.000,0.033,0.000,0.000,0.000,0.000,0.633,Z12,0.633
C02147,C02147,26.5935,38.8360,60,1.000,30.0,0.000,0.000,0.000,0.000,0.000,0.000,0.000,0.000,0.333,0.000,0.000,0.033,0.000,0.000,0.000,0.000,0.633,Z12,0.633
C02148,C02148,26.6051,38.8360,60,1.000,27.0,0.000,0.000,0.000,0.000,0.000,0.000,0.000,0.000,0.333,0.133,0.000,0.083,0.000,0.000,0.000,0.000,0.450,Z12,0.450
C02149,C02149,26.6166,38.8360,60,1.000,27.0,0.000,0.000,0.000,0.000,0.000,0.000,0.000,0.000,0.367,0.250,0.000,0.250,0.000,0.000,0.000,0.000,0.133,Z06,0.367
C02150,C02150,26.6281,38.8360,60,1.000,27.0,0.000,0.000,0.000,0.000,0.000,0.000,0.000,0.000,0.450,0.367,0.000,0.183,0.000,0.000,0.000,0.000,0.000,Z06,0.450
C02151,C02151,26.6396,38.8360,60,1.000,18.0,0.000,0.000,0.000,0.000,0.000,0.000,0.000,0.000,0.633,0.283,0.000,0.083,0.000,0.000,0.000,0.000,0.000,Z06,0.633
C02152,C02152,26.6511,38.8360,60,1.000,18.0,0.000,0.000,0.000,0.000,0.000,0.000,0.000,0.000,0.717,0.283,0.000,0.000,0.000,0.000,0.000,0.000,0.000,Z06,0.717
C02153,C02153,26.6626,38.8360,60,1.000,21.0,0.000,0.000,0.000,0.000,0.000,0.000,0.000,0.000,0.883,0.117,0.000,0.000,0.000,0.000,0.000,0.000,0.000,Z06,0.883
C02154,C02154,26.6741,38.8360,60,1.000,21.0,0.000,0.000,0.000,0.000,0.000,0.000,0.000,0.000,0.983,0.017,0.000,0.000,0.000,0.000,0.000,0.000,0.000,Z06,0.983
C02155,C02155,26.6856,38.8360,60,1.000,21.0,0.000,0.000,0.000,0.000,0.000,0.000,0.000,0.000,1.000,0.000,0.000,0.000,0.000,0.000,0.000,0.000,0.000,Z06,1.000
C02156,C02156,26.6971,38.8360,60,1.000,21.0,0.000,0.000,0.000,0.000,0.000,0.000,0.000,0.000,1.000,0.000,0.000,0.000,0.000,0.000,0.000,0.000,0.000,Z06,1.000
C02157,C02157,26.7087,38.8360,60,1.000,24.0,0.000,0.000,0.000,0.000,0.000,0.000,0.000,0.000,1.000,0.000,0.000,0.000,0.000,0.000,0.000,0.000,0.000,Z06,1.000
C02158,C02158,26.7202,38.8360,60,1.000,24.0,0.000,0.000,0.000,0.000,0.000,0.000,0.000,0.000,1.000,0.000,0.000,0.000,0.000,0.000,0.000,0.000,0.000,Z06,1.000
C02159,C02159,26.7317,38.8360,60,1.000,24.0,0.000,0.000,0.000,0.000,0.000,0.000,0.000,0.000,0.933,0.000,0.067,0.000,0.000,0.000,0.000,0.000,0.000,Z06,0.933
C02160,C02160,26.7432,38.8360,60,1.000,24.0,0.000,0.000,0.000,0.000,0.000,0.000,0.000,0.000,0.883,0.000,0.117,0.000,0.000,0.000,0.000,0.000,0.000,Z06,0.883
C02161,C02161,26.7547,38.8360,60,1.000,24.0,0.000,0.000,0.000,0.000,0.000,0.000,0.000,0.000,0.717,0.000,0.283,0.000,0.000,0.000,0.000,0.000,0.000,Z06,0.717
C02162,C02162,26.7662,38.8360,60,1.000,24.0,0.000,0.000,0.000,0.000,0.000,0.000,0.000,0.000,0.700,0.000,0.300,0.000,0.000,0.000,0.000,0.000,0.000,Z06,0.700
C02163,C02163,26.7777,38.8360,60,1.000,24.0,0.000,0.000,0.000,0.000,0.000,0.000,0.000,0.000,0.683,0.000,0.317,0.000,0.000,0.000,0.000,0.000,0.000,Z06,0.683
C02164,C02164,26.7892,38.8360,60,1.000,27.0,0.000,0.000,0.000,0.000,0.000,0.000,0.000,0.000,0.683,0.000,0.317,0.000,0.000,0.000,0.000,0.000,0.000,Z06,0.683
C02165,C02165,26.8008,38.8360,60,1.000,27.0,0.000,0.000,0.000,0.000,0.000,0.000,0.000,0.000,0.667,0.000,0.317,0.000,0.000,0.017,0.000,0.000,0.000,Z06,0.667
C02166,C02166,26.8123,38.8360,60,1.000,27.0,0.000,0.000,0.000,0.000,0.000,0.000,0.000,0.000,0.667,0.000,0.283,0.000,0.000,0.050,0.000,0.000,0.000,Z06,0.667
C02167,C02167,26.8238,38.8360,60,1.000,27.0,0.000,0.000,0.000,0.000,0.000,0.000,0.000,0.000,0.650,0.000,0.233,0.000,0.000,0.117,0.000,0.000,0.000,Z06,0.650
C02168,C02168,26.8353,38.8360,60,1.000,21.0,0.000,0.000,0.000,0.000,0.000,0.000,0.000,0.017,0.550,0.000,0.167,0.000,0.000,0.267,0.000,0.000,0.000,Z06,0.550
C02169,C02169,26.8468,38.8360,60,1.000,18.0,0.000,0.000,0.000,0.000,0.000,0.000,0.000,0.000,0.467,0.000,0.200,0.000,0.000,0.333,0.000,0.000,0.000,Z06,0.467
C02170,C02170,26.8583,38.8360,60,1.000,21.0,0.000,0.000,0.000,0.000,0.000,0.000,0.000,0.033,0.317,0.000,0.433,0.000,0.000,0.217,0.000,0.000,0.000,Z07,0.433
C02171,C02171,26.8698,38.8360,60,1.000,21.0,0.000,0.000,0.000,0.000,0.000,0.000,0.000,0.033,0.317,0.000,0.483,0.000,0.000,0.167,0.000,0.000,0.000,Z07,0.483
C02172,C02172,26.8813,38.8360,60,1.000,21.0,0.000,0.000,0.000,0.000,0.033,0.000,0.000,0.067,0.183,0.000,0.600,0.000,0.000,0.117,0.000,0.000,0.000,Z07,0.600
C02173,C02173,26.8928,38.8360,60,1.000,15.0,0.000,0.000,0.000,0.000,0.017,0.000,0.000,0.000,0.117,0.000,0.767,0.000,0.000,0.100,0.000,0.000,0.000,Z07,0.767
C02174,C02174,26.9044,38.8360,60,1.000,12.0,0.000,0.000,0.000,0.000,0.000,0.000,0.000,0.000,0.033,0.000,0.550,0.000,0.000,0.417,0.000,0.000,0.000,Z07,0.550
C02175,C02175,26.9159,38.8360,60,1.000,6.0,0.000,0.000,0.000,0.000,0.000,0.000,0.000,0.000,0.000,0.000,0.133,0.000,0.000,0.867,0.000,0.000,0.000,Z10,0.867
C02176,C02176,26.9274,38.8360,60,1.000,6.0,0.000,0.000,0.000,0.000,0.000,0.000,0.000,0.000,0.000,0.000,0.017,0.000,0.000,0.983,0.000,0.000,0.000,Z10,0.983
C02177,C02177,26.9389,38.8360,60,1.000,3.0,0.000,0.000,0.000,0.000,0.000,0.000,0.000,0.000,0.000,0.000,0.000,0.000,0.000,1.000,0.000,0.000,0.000,Z10,1.000
C02178,C02178,26.9504,38.8360,60,1.000,3.0,0.000,0.000,0.000,0.000,0.000,0.000,0.000,0.000,0.000,0.000,0.000,0.000,0.000,1.000,0.000,0.000,0.000,Z10,1.000
C02179,C02179,26.9619,38.8360,60,1.000,6.0,0.000,0.000,0.000,0.000,0.000,0.000,0.000,0.000,0.000,0.000,0.000,0.000,0.000,1.000,0.000,0.000,0.000,Z10,1.000
C02180,C02180,26.3058,38.8450,60,0.933,73.5,0.000,0.000,0.000,0.000,0.000,0.000,0.000,0.000,0.000,0.000,0.000,0.017,0.000,0.000,0.000,0.000,0.983,Z12,0.983
C02181,C02181,26.3173,38.8450,60,0.983,75.0,0.000,0.000,0.000,0.000,0.000,0.000,0.000,0.000,0.000,0.000,0.000,0.017,0.000,0.000,0.000,0.000,0.983,Z12,0.983
C02182,C02182,26.3288,38.8450,60,1.000,73.5,0.000,0.000,0.000,0.000,0.000,0.000,0.000,0.000,0.000,0.000,0.000,0.000,0.000,0.000,0.000,0.000,1.000,Z12,1.000
C02183,C02183,26.3403,38.8450,60,0.967,72.0,0.000,0.000,0.000,0.000,0.000,0.000,0.000,0.000,0.000,0.000,0.000,0.017,0.000,0.000,0.000,0.000,0.983,Z12,0.983
C02184,C02184,26.3518,38.8450,60,0.983,75.0,0.000,0.000,0.000,0.000,0.000,0.000,0.000,0.000,0.000,0.000,0.000,0.033,0.000,0.000,0.000,0.000,0.967,Z12,0.967
C02185,C02185,26.3633,38.8450,60,0.983,78.0,0.000,0.000,0.000,0.000,0.000,0.000,0.000,0.000,0.000,0.000,0.000,0.000,0.000,0.000,0.000,0.000,1.000,Z12,1.000
C02186,C02186,26.3748,38.8450,60,0.967,78.0,0.000,0.000,0.000,0.000,0.000,0.000,0.000,0.000,0.000,0.000,0.000,0.000,0.000,0.000,0.000,0.000,1.000,Z12,1.000
C02187,C02187,26.3863,38.8450,60,0.983,78.0,0.000,0.000,0.000,0.000,0.000,0.000,0.000,0.000,0.000,0.000,0.000,0.017,0.000,0.000,0.000,0.000,0.983,Z12,0.983
C02188,C02188,26.3978,38.8450,60,1.000,79.5,0.000,0.000,0.000,0.000,0.000,0.000,0.000,0.000,0.000,0.000,0.000,0.000,0.000,0.000,0.000,0.000,1.000,Z12,1.000
C02189,C02189,26.4094,38.8450,60,1.000,78.0,0.000,0.000,0.000,0.000,0.000,0.000,0.000,0.000,0.000,0.000,0.000,0.050,0.000,0.000,0.000,0.000,0.950,Z12,0.950
C02190,C02190,26.4209,38.8450,60,1.000,78.0,0.000,0.000,0.000,0.000,0.000,0.000,0.000,0.000,0.000,0.000,0.000,0.017,0.000,0.000,0.000,0.000,0.983,Z12,0.983
C02191,C02191,26.4324,38.8450,60,1.000,78.0,0.000,0.000,0.000,0.000,0.000,0.000,0.000,0.000,0.000,0.000,0.000,0.017,0.000,0.000,0.000,0.000,0.983,Z12,0.983
C02192,C02192,26.4439,38.8450,60,1.000,78.0,0.000,0.000,0.000,0.000,0.000,0.000,0.000,0.000,0.000,0.000,0.000,0.050,0.000,0.000,0.000,0.000,0.950,Z12,0.950
C02193,C02193,26.4554,38.8450,60,1.000,75.0,0.000,0.000,0.000,0.000,0.000,0.000,0.000,0.000,0.000,0.017,0.000,0.000,0.000,0.000,0.000,0.000,0.983,Z12,0.983
C02194,C02194,26.4669,38.8450,60,1.000,75.0,0.000,0.000,0.000,0.000,0.000,0.000,0.000,0.000,0.000,0.050,0.000,0.017,0.000,0.000,0.000,0.000,0.933,Z12,0.933
C02195,C02195,26.4784,38.8450,60,1.000,75.0,0.000,0.000,0.000,0.000,0.000,0.000,0.000,0.000,0.017,0.033,0.000,0.083,0.000,0.000,0.000,0.000,0.867,Z12,0.867
C02196,C02196,26.4899,38.8450,60,1.000,72.0,0.000,0.000,0.000,0.000,0.000,0.000,0.000,0.000,0.067,0.083,0.000,0.017,0.000,0.000,0.000,0.000,0.833,Z12,0.833
C02197,C02197,26.5015,38.8450,60,1.000,72.0,0.000,0.000,0.000,0.000,0.000,0.000,0.000,0.000,0.117,0.067,0.000,0.067,0.000,0.000,0.000,0.000,0.750,Z12,0.750
C02198,C02198,26.5130,38.8450,60,1.000,69.0,0.000,0.000,0.000,0.000,0.000,0.000,0.000,0.000,0.133,0.117,0.000,0.083,0.000,0.000,0.000,0.000,0.667,Z12,0.667
C02199,C02199,26.5245,38.8450,60,1.000,60.0,0.000,0.000,0.000,0.000,0.000,0.000,0.000,0.000,0.200,0.133,0.000,0.033,0.000,0.000,0.000,0.000,0.633,Z12,0.633
C02200,C02200,26.5360,38.8450,60,1.000,57.0,0.000,0.000,0.000,0.000,0.000,0.000,0.000,0.000,0.300,0.033,0.000,0.067,0.000,0.000,0.000,0.000,0.600,Z12,0.600
C02201,C02201,26.5475,38.8450,60,1.000,55.5,0.000,0.000,0.000,0.000,0.000,0.000,0.000,0.000,0.333,0.000,0.000,0.067,0.000,0.000,0.000,0.000,0.600,Z12,0.600
C02202,C02202,26.5590,38.8450,60,1.000,48.0,0.000,0.000,0.000,0.000,0.000,0.000,0.000,0.000,0.317,0.017,0.000,0.033,0.000,0.000,0.000,0.000,0.633,Z12,0.633
C02203,C02203,26.5705,38.8450,60,1.000,48.0,0.000,0.000,0.000,0.000,0.000,0.000,0.000,0.000,0.333,0.000,0.000,0.033,0.000,0.000,0.000,0.000,0.633,Z12,0.633
C02204,C02204,26.5820,38.8450,60,1.000,45.0,0.000,0.000,0.000,0.000,0.000,0.000,0.000,0.000,0.333,0.000,0.000,0.067,0.000,0.000,0.000,0.000,0.600,Z12,0.600
C02205,C02205,26.5935,38.8450,60,1.000,33.0,0.000,0.000,0.000,0.000,0.000,0.000,0.000,0.000,0.333,0.000,0.000,0.050,0.000,0.000,0.000,0.000,0.617,Z12,0.617
C02206,C02206,26.6051,38.8450,60,1.000,30.0,0.000,0.000,0.000,0.000,0.000,0.000,0.000,0.000,0.333,0.000,0.000,0.083,0.000,0.000,0.000,0.000,0.583,Z12,0.583
C02207,C02207,26.6166,38.8450,60,1.000,30.0,0.000,0.000,0.000,0.000,0.000,0.000,0.000,0.000,0.350,0.133,0.000,0.183,0.000,0.000,0.000,0.000,0.333,Z06,0.350
C02208,C02208,26.6281,38.8450,60,1.000,27.0,0.000,0.000,0.000,0.000,0.000,0.000,0.000,0.000,0.467,0.250,0.000,0.167,0.000,0.000,0.000,0.000,0.117,Z06,0.467
C02209,C02209,26.6396,38.8450,60,1.000,21.0,0.000,0.000,0.000,0.000,0.000,0.000,0.000,0.000,0.583,0.283,0.000,0.117,0.000,0.000,0.000,0.000,0.017,Z06,0.583
C02210,C02210,26.6511,38.8450,60,1.000,18.0,0.000,0.000,0.000,0.000,0.000,0.000,0.000,0.000,0.717,0.267,0.000,0.017,0.000,0.000,0.000,0.000,0.000,Z06,0.717
C02211,C02211,26.6626,38.8450,60,1.000,21.0,0.000,0.000,0.000,0.000,0.000,0.000,0.000,0.000,0.900,0.100,0.000,0.000,0.000,0.000,0.000,0.000,0.000,Z06,0.900
C02212,C02212,26.6741,38.8450,60,1.000,21.0,0.000,0.000,0.000,0.000,0.000,0.000,0.000,0.000,1.000,0.000,0.000,0.000,0.000,0.000,0.000,0.000,0.000,Z06,1.000
C02213,C02213,26.6856,38.8450,60,1.000,21.0,0.000,0.000,0.000,0.000,0.000,0.000,0.000,0.000,1.000,0.000,0.000,0.000,0.000,0.000,0.000,0.000,0.000,Z06,1.000
C02214,C02214,26.6971,38.8450,60,1.000,21.0,0.000,0.000,0.000,0.000,0.000,0.000,0.000,0.000,1.000,0.000,0.000,0.000,0.000,0.000,0.000,0.000,0.000,Z06,1.000
C02215,C02215,26.7087,38.8450,60,1.000,24.0,0.000,0.000,0.000,0.000,0.000,0.000,0.000,0.000,1.000,0.000,0.000,0.000,0.000,0.000,0.000,0.000,0.000,Z06,1.000
C02216,C02216,26.7202,38.8450,60,1.000,24.0,0.000,0.000,0.000,0.000,0.000,0.000,0.000,0.000,1.000,0.000,0.000,0.000,0.000,0.000,0.000,0.000,0.000,Z06,1.000
C02217,C02217,26.7317,38.8450,60,1.000,24.0,0.000,0.000,0.000,0.000,0.000,0.000,0.000,0.000,0.983,0.000,0.017,0.000,0.000,0.000,0.000,0.000,0.000,Z06,0.983
C02218,C02218,26.7432,38.8450,60,1.000,27.0,0.000,0.000,0.000,0.000,0.000,0.000,0.000,0.000,0.950,0.000,0.050,0.000,0.000,0.000,0.000,0.000,0.000,Z06,0.950
C02219,C02219,26.7547,38.8450,60,1.000,24.0,0.000,0.000,0.000,0.000,0.000,0.000,0.000,0.000,0.850,0.000,0.150,0.000,0.000,0.000,0.000,0.000,0.000,Z06,0.850
C02220,C02220,26.7662,38.8450,60,1.000,24.0,0.000,0.000,0.000,0.000,0.000,0.000,0.000,0.000,0.750,0.000,0.250,0.000,0.000,0.000,0.000,0.000,0.000,Z06,0.750
C02221,C02221,26.7777,38.8450,60,1.000,24.0,0.000,0.000,0.000,0.000,0.000,0.000,0.000,0.000,0.733,0.000,0.267,0.000,0.000,0.000,0.000,0.000,0.000,Z06,0.733
C02222,C02222,26.7892,38.8450,60,1.000,27.0,0.000,0.000,0.000,0.000,0.000,0.000,0.000,0.000,0.700,0.000,0.300,0.000,0.000,0.000,0.000,0.000,0.000,Z06,0.700
C02223,C02223,26.8008,38.8450,60,1.000,27.0,0.000,0.000,0.000,0.000,0.000,0.000,0.000,0.000,0.700,0.000,0.300,0.000,0.000,0.000,0.000,0.000,0.000,Z06,0.700
C02224,C02224,26.8123,38.8450,60,1.000,27.0,0.000,0.000,0.000,0.000,0.000,0.000,0.000,0.000,0.683,0.000,0.317,0.000,0.000,0.000,0.000,0.000,0.000,Z06,0.683
C02225,C02225,26.8238,38.8450,60,1.000,30.0,0.000,0.000,0.000,0.000,0.000,0.000,0.000,0.000,0.700,0.000,0.267,0.000,0.000,0.033,0.000,0.000,0.000,Z06,0.700
C02226,C02226,26.8353,38.8450,60,1.000,30.0,0.000,0.000,0.000,0.000,0.000,0.000,0.000,0.000,0.600,0.000,0.250,0.000,0.000,0.150,0.000,0.000,0.000,Z06,0.600
C02227,C02227,26.8468,38.8450,60,1.000,21.0,0.000,0.000,0.000,0.000,0.000,0.000,0.000,0.000,0.450,0.000,0.383,0.000,0.000,0.167,0.000,0.000,0.000,Z06,0.450
C02228,C02228,26.8583,38.8450,60,1.000,21.0,0.000,0.000,0.000,0.000,0.000,0.000,0.000,0.000,0.350,0.000,0.417,0.000,0.000,0.233,0.000,0.000,0.000,Z07,0.417
C02229,C02229,26.8698,38.8450,60,1.000,21.0,0.000,0.000,0.000,0.000,0.000,0.000,0.000,0.017,0.317,0.000,0.467,0.000,0.000,0.200,0.000,0.000,0.000,Z07,0.467
C02230,C02230,26.8813,38.8450,60,1.000,21.0,0.000,0.000,0.000,0.000,0.017,0.000,0.000,0.117,0.200,0.000,0.517,0.000,0.000,0.150,0.000,0.000,0.000,Z07,0.517
C02231,C02231,26.8928,38.8450,60,1.000,18.0,0.000,0.000,0.000,0.000,0.033,0.000,0.000,0.067,0.150,0.000,0.667,0.000,0.000,0.083,0.000,0.000,0.000,Z07,0.667
C02232,C02232,26.9044,38.8450,60,1.000,15.0,0.000,0.000,0.000,0.000,0.000,0.000,0.000,0.017,0.050,0.000,0.750,0.000,0.000,0.183,0.000,0.000,0.000,Z07,0.750
C02233,C02233,26.9159,38.8450,60,1.000,12.0,0.000,0.000,0.000,0.000,0.000,0.000,0.000,0.000,0.017,0.000,0.433,0.000,0.000,0.550,0.000,0.000,0.000,Z10,0.550
C02234,C02234,26.9274,38.8450,60,1.000,12.0,0.000,0.000,0.000,0.000,0.000,0.000,0.000,0.000,0.000,0.000,0.283,0.000,0.000,0.717,0.000,0.000,0.000,Z10,0.717
C02235,C02235,26.9389,38.8450,60,1.000,6.0,0.000,0.000,0.000,0.000,0.000,0.000,0.000,0.000,0.000,0.000,0.067,0.000,0.000,0.933,0.000,0.000,0.000,Z10,0.933
C02236,C02236,26.9504,38.8450,60,1.000,6.0,0.000,0.000,0.000,0.000,0.000,0.000,0.000,0.000,0.000,0.000,0.000,0.000,0.000,1.000,0.000,0.000,0.000,Z10,1.000
C02237,C02237,26.9619,38.8450,60,1.000,6.0,0.000,0.000,0.000,0.000,0.000,0.000,0.000,0.000,0.000,0.000,0.000,0.000,0.000,1.000,0.000,0.000,0.000,Z10,1.000
C02238,C02238,26.9734,38.8450,60,1.000,3.0,0.000,0.000,0.000,0.000,0.000,0.000,0.000,0.000,0.000,0.000,0.000,0.000,0.000,1.000,0.000,0.000,0.000,Z10,1.000
C02239,C02239,26.3058,38.8541,60,1.000,75.0,0.000,0.000,0.000,0.000,0.000,0.000,0.000,0.000,0.000,0.000,0.000,0.033,0.000,0.000,0.000,0.000,0.967,Z12,0.967
C02240,C02240,26.3173,38.8541,60,0.900,78.0,0.000,0.000,0.000,0.000,0.000,0.000,0.000,0.000,0.000,0.000,0.000,0.033,0.000,0.000,0.000,0.000,0.967,Z12,0.967
C02241,C02241,26.3288,38.8541,60,1.000,78.0,0.000,0.000,0.000,0.000,0.000,0.000,0.000,0.000,0.000,0.000,0.000,0.000,0.000,0.000,0.000,0.000,1.000,Z12,1.000
C02242,C02242,26.3403,38.8541,60,1.000,78.0,0.000,0.000,0.000,0.000,0.000,0.000,0.000,0.000,0.000,0.000,0.000,0.067,0.000,0.000,0.000,0.000,0.933,Z12,0.933
C02243,C02243,26.3518,38.8541,60,0.983,78.0,0.000,0.000,0.000,0.000,0.000,0.000,0.000,0.000,0.000,0.000,0.000,0.067,0.000,0.000,0.000,0.000,0.933,Z12,0.933
C02244,C02244,26.3633,38.8541,60,0.983,78.0,0.000,0.000,0.000,0.000,0.000,0.000,0.000,0.000,0.000,0.000,0.000,0.067,0.000,0.000,0.000,0.000,0.933,Z12,0.933
C02245,C02245,26.3748,38.8541,60,0.967,84.0,0.000,0.000,0.000,0.000,0.000,0.000,0.000,0.000,0.000,0.000,0.000,0.100,0.000,0.000,0.000,0.000,0.900,Z12,0.900
C02246,C02246,26.3863,38.8541,60,0.950,81.0,0.000,0.000,0.000,0.000,0.000,0.000,0.000,0.000,0.000,0.000,0.000,0.050,0.000,0.000,0.000,0.000,0.950,Z12,0.950
C02247,C02247,26.3978,38.8541,60,0.983,81.0,0.000,0.000,0.000,0.000,0.000,0.000,0.000,0.000,0.000,0.000,0.000,0.067,0.000,0.000,0.000,0.000,0.933,Z12,0.933
C02248,C02248,26.4094,38.8541,60,0.983,81.0,0.000,0.000,0.000,0.000,0.000,0.000,0.000,0.000,0.000,0.000,0.000,0.000,0.000,0.000,0.000,0.000,1.000,Z12,1.000
C02249,C02249,26.4209,38.8541,60,0.983,81.0,0.000,0.000,0.000,0.000,0.000,0.000,0.000,0.000,0.000,0.000,0.000,0.000,0.000,0.000,0.000,0.000,1.000,Z12,1.000
C02250,C02250,26.4324,38.8541,60,0.983,81.0,0.000,0.000,0.000,0.000,0.000,0.000,0.000,0.000,0.000,0.000,0.000,0.017,0.000,0.000,0.000,0.000,0.983,Z12,0.983
C02251,C02251,26.4439,38.8541,60,1.000,81.0,0.000,0.000,0.000,0.000,0.000,0.000,0.000,0.000,0.000,0.000,0.000,0.100,0.000,0.000,0.000,0.000,0.900,Z12,0.900
C02252,C02252,26.4554,38.8541,60,1.000,81.0,0.000,0.000,0.000,0.000,0.000,0.000,0.000,0.000,0.000,0.000,0.000,0.050,0.000,0.000,0.000,0.000,0.950,Z12,0.950
C02253,C02253,26.4669,38.8541,60,1.000,78.0,0.000,0.000,0.000,0.000,0.000,0.000,0.000,0.000,0.000,0.000,0.000,0.017,0.000,0.000,0.000,0.000,0.983,Z12,0.983
C02254,C02254,26.4784,38.8541,60,0.983,78.0,0.000,0.000,0.000,0.000,0.000,0.000,0.000,0.000,0.000,0.017,0.000,0.050,0.000,0.000,0.000,0.000,0.933,Z12,0.933
C02255,C02255,26.4899,38.8541,60,1.000,73.5,0.000,0.000,0.000,0.000,0.000,0.000,0.000,0.000,0.000,0.017,0.000,0.083,0.000,0.000,0.000,0.000,0.900,Z12,0.900
C02256,C02256,26.5015,38.8541,60,0.983,75.0,0.000,0.000,0.000,0.000,0.000,0.000,0.000,0.000,0.000,0.083,0.000,0.017,0.000,0.000,0.000,0.000,0.900,Z12,0.900
C02257,C02257,26.5130,38.8541,60,1.000,72.0,0.000,0.000,0.000,0.000,0.000,0.000,0.000,0.000,0.033,0.100,0.000,0.050,0.000,0.000,0.000,0.000,0.817,Z12,0.817
C02258,C02258,26.5245,38.8541,60,1.000,69.0,0.000,0.000,0.000,0.000,0.000,0.000,0.000,0.000,0.133,0.100,0.000,0.083,0.000,0.000,0.000,0.000,0.683,Z12,0.683
C02259,C02259,26.5360,38.8541,60,1.000,63.0,0.000,0.000,0.000,0.000,0.000,0.000,0.000,0.000,0.167,0.150,0.000,0.067,0.000,0.000,0.000,0.000,0.617,Z12,0.617
C02260,C02260,26.5475,38.8541,60,1.000,58.5,0.000,0.000,0.000,0.000,0.000,0.000,0.000,0.000,0.250,0.067,0.000,0.067,0.000,0.000,0.000,0.000,0.617,Z12,0.617
C02261,C02261,26.5590,38.8541,60,1.000,54.0,0.000,0.000,0.000,0.000,0.000,0.000,0.000,0.000,0.333,0.000,0.000,0.067,0.000,0.000,0.000,0.000,0.600,Z12,0.600
C02262,C02262,26.5705,38.8541,60,1.000,52.5,0.000,0.000,0.000,0.000,0.000,0.000,0.000,0.000,0.317,0.017,0.000,0.067,0.000,0.000,0.000,0.000,0.600,Z12,0.600
C02263,C02263,26.5820,38.8541,60,1.000,48.0,0.000,0.000,0.000,0.000,0.000,0.000,0.000,0.000,0.333,0.000,0.000,0.050,0.000,0.000,0.000,0.000,0.617,Z12,0.617
C02264,C02264,26.5935,38.8541,60,1.000,36.0,0.000,0.000,0.000,0.000,0.000,0.000,0.000,0.000,0.333,0.000,0.000,0.033,0.000,0.000,0.000,0.000,0.633,Z12,0.633
C02265,C02265,26.6051,38.8541,60,1.000,33.0,0.000,0.000,0.000,0.000,0.000,0.000,0.000,0.000,0.333,0.017,0.000,0.050,0.000,0.000,0.000,0.000,0.600,Z12,0.600
C02266,C02266,26.6166,38.8541,60,1.000,30.0,0.000,0.000,0.000,0.000,0.000,0.000,0.000,0.000,0.333,0.100,0.000,0.067,0.000,0.000,0.000,0.000,0.500,Z12,0.500
C02267,C02267,26.6281,38.8541,60,1.000,30.0,0.000,0.000,0.000,0.000,0.000,0.000,0.000,0.000,0.350,0.283,0.000,0.183,0.000,0.000,0.000,0.000,0.183,Z06,0.350
C02268,C02268,26.6396,38.8541,60,1.000,22.5,0.000,0.000,0.000,0.000,0.000,0.000,0.000,0.000,0.567,0.267,0.000,0.117,0.000,0.000,0.000,0.000,0.050,Z06,0.567
C02269,C02269,26.6511,38.8541,60,1.000,21.0,0.000,0.000,0.000,0.000,0.000,0.000,0.000,0.000,0.667,0.333,0.000,0.000,0.000,0.000,0.000,0.000,0.000,Z06,0.667
C02270,C02270,26.6626,38.8541,60,1.000,21.0,0.000,0.000,0.000,0.000,0.000,0.000,0.000,0.000,0.800,0.200,0.000,0.000,0.000,0.000,0.000,0.000,0.000,Z06,0.800
C02271,C02271,26.6741,38.8541,60,1.000,21.0,0.000,0.000,0.000,0.000,0.000,0.000,0.000,0.000,0.933,0.067,0.000,0.000,0.000,0.000,0.000,0.000,0.000,Z06,0.933
C02272,C02272,26.6856,38.8541,60,1.000,21.0,0.000,0.000,0.000,0.000,0.000,0.000,0.000,0.000,1.000,0.000,0.000,0.000,0.000,0.000,0.000,0.000,0.000,Z06,1.000
C02273,C02273,26.6971,38.8541,60,1.000,24.0,0.000,0.000,0.000,0.000,0.000,0.000,0.000,0.000,1.000,0.000,0.000,0.000,0.000,0.000,0.000,0.000,0.000,Z06,1.000
C02274,C02274,26.7087,38.8541,60,1.000,24.0,0.000,0.000,0.000,0.000,0.000,0.000,0.000,0.000,1.000,0.000,0.000,0.000,0.000,0.000,0.000,0.000,0.000,Z06,1.000
C02275,C02275,26.7202,38.8541,60,1.000,24.0,0.000,0.000,0.000,0.000,0.000,0.000,0.000,0.000,1.000,0.000,0.000,0.000,0.000,0.000,0.000,0.000,0.000,Z06,1.000
C02276,C02276,26.7317,38.8541,60,1.000,25.5,0.000,0.000,0.000,0.000,0.000,0.000,0.000,0.000,1.000,0.000,0.000,0.000,0.000,0.000,0.000,0.000,0.000,Z06,1.000
C02277,C02277,26.7432,38.8541,60,1.000,27.0,0.000,0.000,0.000,0.000,0.000,0.000,0.000,0.000,0.983,0.000,0.017,0.000,0.000,0.000,0.000,0.000,0.000,Z06,0.983
C02278,C02278,26.7547,38.8541,60,1.000,27.0,0.000,0.000,0.000,0.000,0.000,0.000,0.000,0.000,0.983,0.000,0.017,0.000,0.000,0.000,0.000,0.000,0.000,Z06,0.983
C02279,C02279,26.7662,38.8541,60,1.000,27.0,0.000,0.000,0.000,0.000,0.000,0.000,0.000,0.000,0.967,0.000,0.033,0.000,0.000,0.000,0.000,0.000,0.000,Z06,0.967
C02280,C02280,26.7777,38.8541,60,1.000,27.0,0.000,0.000,0.000,0.000,0.000,0.000,0.000,0.000,0.833,0.000,0.167,0.000,0.000,0.000,0.000,0.000,0.000,Z06,0.833
C02281,C02281,26.7892,38.8541,60,1.000,30.0,0.000,0.000,0.000,0.000,0.000,0.000,0.000,0.000,0.867,0.000,0.133,0.000,0.000,0.000,0.000,0.000,0.000,Z06,0.867
C02282,C02282,26.8008,38.8541,60,1.000,30.0,0.000,0.000,0.000,0.000,0.000,0.000,0.000,0.000,0.783,0.000,0.217,0.000,0.000,0.000,0.000,0.000,0.000,Z06,0.783
C02283,C02283,26.8123,38.8541,60,1.000,30.0,0.000,0.000,0.000,0.000,0.000,0.000,0.000,0.000,0.783,0.000,0.217,0.000,0.000,0.000,0.000,0.000,0.000,Z06,0.783
C02284,C02284,26.8238,38.8541,60,1.000,30.0,0.000,0.000,0.000,0.000,0.000,0.000,0.000,0.000,0.683,0.000,0.283,0.000,0.000,0.033,0.000,0.000,0.000,Z06,0.683
C02285,C02285,26.8353,38.8541,60,1.000,30.0,0.000,0.000,0.000,0.000,0.000,0.000,0.000,0.000,0.700,0.000,0.233,0.000,0.000,0.067,0.000,0.000,0.000,Z06,0.700
C02286,C02286,26.8468,38.8541,60,1.000,30.0,0.000,0.000,0.000,0.000,0.000,0.000,0.000,0.033,0.600,0.000,0.317,0.000,0.000,0.050,0.000,0.000,0.000,Z06,0.600
C02287,C02287,26.8583,38.8541,60,1.000,21.0,0.000,0.000,0.000,0.000,0.000,0.000,0.000,0.000,0.433,0.000,0.383,0.000,0.000,0.183,0.000,0.000,0.000,Z06,0.433
C02288,C02288,26.8698,38.8541,60,1.000,21.0,0.000,0.000,0.000,0.000,0.000,0.000,0.000,0.000,0.350,0.000,0.383,0.000,0.000,0.267,0.000,0.000,0.000,Z07,0.383
C02289,C02289,26.8813,38.8541,60,1.000,3.0,0.000,0.000,0.000,0.000,0.033,0.000,0.000,0.050,0.083,0.000,0.233,0.000,0.000,0.600,0.000,0.000,0.000,Z10,0.600
C02290,C02290,26.8928,38.8541,60,1.000,3.0,0.000,0.000,0.000,0.000,0.033,0.000,0.000,0.050,0.067,0.000,0.167,0.000,0.000,0.683,0.000,0.000,0.000,Z10,0.683
C02291,C02291,26.9044,38.8541,60,1.000,15.0,0.000,0.000,0.000,0.000,0.017,0.000,0.000,0.033,0.117,0.000,0.550,0.000,0.000,0.283,0.000,0.000,0.000,Z07,0.550
C02292,C02292,26.9159,38.8541,60,1.000,12.0,0.000,0.000,0.000,0.000,0.000,0.000,0.000,0.017,0.067,0.000,0.500,0.000,0.000,0.417,0.000,0.000,0.000,Z07,0.500
C02293,C02293,26.9274,38.8541,60,1.000,15.0,0.000,0.000,0.000,0.000,0.000,0.000,0.000,0.000,0.017,0.000,0.433,0.000,0.000,0.550,0.000,0.000,0.000,Z10,0.550
C02294,C02294,26.9389,38.8541,60,1.000,15.0,0.000,0.000,0.000,0.000,0.000,0.000,0.000,0.000,0.000,0.000,0.333,0.000,0.000,0.667,0.000,0.000,0.000,Z10,0.667
C02295,C02295,26.9504,38.8541,60,1.000,12.0,0.000,0.000,0.000,0.000,0.000,0.000,0.000,0.000,0.000,0.000,0.200,0.000,0.000,0.800,0.000,0.000,0.000,Z10,0.800
C02296,C02296,26.9619,38.8541,60,1.000,9.0,0.000,0.000,0.000,0.000,0.000,0.000,0.000,0.000,0.000,0.000,0.067,0.000,0.000,0.933,0.000,0.000,0.000,Z10,0.933
C02297,C02297,26.9734,38.8541,60,1.000,6.0,0.000,0.000,0.000,0.000,0.000,0.000,0.000,0.000,0.000,0.000,0.000,0.000,0.000,1.000,0.000,0.000,0.000,Z10,1.000
C02298,C02298,26.9849,38.8541,60,1.000,3.0,0.000,0.000,0.000,0.000,0.000,0.000,0.000,0.000,0.000,0.000,0.000,0.000,0.000,1.000,0.000,0.000,0.000,Z10,1.000
C02299,C02299,26.9964,38.8541,60,1.000,3.0,0.000,0.000,0.000,0.000,0.000,0.000,0.000,0.000,0.000,0.000,0.000,0.000,0.000,1.000,0.000,0.000,0.000,Z10,1.000
C02300,C02300,27.0310,38.8541,60,1.000,3.0,0.000,0.000,0.000,0.000,0.000,0.000,0.000,0.000,0.000,0.000,0.000,0.000,0.000,1.000,0.000,0.000,0.000,Z10,1.000
C02301,C02301,26.3058,38.8631,60,0.900,78.0,0.000,0.000,0.000,0.000,0.000,0.000,0.000,0.000,0.000,0.000,0.000,0.000,0.000,0.000,0.000,0.000,1.000,Z12,1.000
C02302,C02302,26.3173,38.8631,60,0.900,81.0,0.000,0.000,0.000,0.000,0.000,0.000,0.000,0.000,0.000,0.000,0.000,0.000,0.000,0.000,0.000,0.000,1.000,Z12,1.000
C02303,C02303,26.3288,38.8631,60,0.950,78.0,0.000,0.000,0.000,0.000,0.000,0.000,0.000,0.000,0.000,0.000,0.000,0.000,0.000,0.000,0.000,0.000,1.000,Z12,1.000
C02304,C02304,26.3403,38.8631,60,0.950,78.0,0.000,0.000,0.000,0.000,0.000,0.000,0.000,0.000,0.000,0.000,0.000,0.017,0.000,0.000,0.000,0.000,0.983,Z12,0.983
C02305,C02305,26.3518,38.8631,60,0.983,84.0,0.000,0.000,0.000,0.000,0.000,0.000,0.000,0.000,0.000,0.000,0.000,0.033,0.000,0.000,0.000,0.000,0.967,Z12,0.967
C02306,C02306,26.3633,38.8631,60,0.983,81.0,0.000,0.000,0.000,0.000,0.000,0.000,0.000,0.000,0.000,0.000,0.000,0.017,0.000,0.000,0.000,0.000,0.983,Z12,0.983
C02307,C02307,26.3748,38.8631,60,0.950,87.0,0.000,0.000,0.000,0.000,0.000,0.000,0.000,0.000,0.000,0.000,0.000,0.017,0.000,0.000,0.000,0.000,0.983,Z12,0.983
C02308,C02308,26.3863,38.8631,60,0.917,84.0,0.000,0.000,0.000,0.000,0.000,0.000,0.000,0.000,0.000,0.017,0.000,0.017,0.000,0.000,0.000,0.000,0.967,Z12,0.967
C02309,C02309,26.3978,38.8631,60,0.967,87.0,0.000,0.000,0.000,0.000,0.000,0.000,0.000,0.000,0.000,0.000,0.000,0.050,0.000,0.000,0.000,0.000,0.950,Z12,0.950
C02310,C02310,26.4094,38.8631,60,0.967,87.0,0.000,0.000,0.000,0.000,0.000,0.000,0.000,0.000,0.000,0.000,0.000,0.033,0.000,0.000,0.000,0.000,0.967,Z12,0.967
C02311,C02311,26.4209,38.8631,60,0.967,84.0,0.000,0.000,0.000,0.000,0.000,0.000,0.000,0.000,0.000,0.000,0.000,0.033,0.000,0.000,0.000,0.000,0.967,Z12,0.967
C02312,C02312,26.4324,38.8631,60,0.967,84.0,0.000,0.000,0.000,0.000,0.000,0.000,0.000,0.000,0.000,0.000,0.000,0.067,0.000,0.000,0.000,0.000,0.933,Z12,0.933
C02313,C02313,26.4439,38.8631,60,0.967,84.0,0.000,0.000,0.000,0.000,0.000,0.000,0.000,0.000,0.000,0.000,0.000,0.050,0.000,0.000,0.000,0.000,0.950,Z12,0.950
C02314,C02314,26.4554,38.8631,60,0.983,81.0,0.000,0.000,0.000,0.000,0.000,0.000,0.000,0.000,0.000,0.000,0.000,0.033,0.000,0.000,0.000,0.000,0.967,Z12,0.967
C02315,C02315,26.4669,38.8631,60,0.983,81.0,0.000,0.000,0.000,0.000,0.000,0.000,0.000,0.000,0.000,0.000,0.000,0.017,0.000,0.000,0.000,0.000,0.983,Z12,0.983
C02316,C02316,26.4784,38.8631,60,1.000,81.0,0.000,0.000,0.000,0.000,0.000,0.000,0.000,0.000,0.000,0.000,0.000,0.067,0.000,0.000,0.000,0.000,0.933,Z12,0.933
C02317,C02317,26.4899,38.8631,60,0.983,78.0,0.000,0.000,0.000,0.000,0.000,0.000,0.000,0.000,0.000,0.017,0.000,0.017,0.000,0.000,0.000,0.000,0.967,Z12,0.967
C02318,C02318,26.5015,38.8631,60,0.983,75.0,0.000,0.000,0.000,0.000,0.000,0.000,0.000,0.000,0.000,0.000,0.000,0.017,0.000,0.000,0.000,0.000,0.983,Z12,0.983
C02319,C02319,26.5130,38.8631,60,1.000,75.0,0.000,0.000,0.000,0.000,0.000,0.000,0.000,0.000,0.000,0.017,0.000,0.083,0.000,0.000,0.000,0.000,0.900,Z12,0.900
C02320,C02320,26.5245,38.8631,60,1.000,72.0,0.000,0.000,0.000,0.000,0.000,0.000,0.000,0.000,0.050,0.067,0.000,0.050,0.000,0.000,0.000,0.000,0.833,Z12,0.833
C02321,C02321,26.5360,38.8631,60,1.000,69.0,0.000,0.000,0.000,0.000,0.000,0.000,0.000,0.000,0.067,0.083,0.000,0.100,0.000,0.000,0.000,0.000,0.750,Z12,0.750
C02322,C02322,26.5475,38.8631,60,1.000,60.0,0.000,0.000,0.000,0.000,0.000,0.000,0.000,0.000,0.150,0.117,0.000,0.067,0.000,0.000,0.000,0.000,0.667,Z12,0.667
C02323,C02323,26.5590,38.8631,60,1.000,57.0,0.000,0.000,0.000,0.000,0.000,0.000,0.000,0.000,0.233,0.067,0.000,0.083,0.000,0.000,0.000,0.000,0.617,Z12,0.617
C02324,C02324,26.5705,38.8631,60,1.000,54.0,0.000,0.000,0.000,0.000,0.000,0.000,0.000,0.000,0.300,0.017,0.000,0.083,0.000,0.000,0.000,0.000,0.600,Z12,0.600
C02325,C02325,26.5820,38.8631,60,1.000,51.0,0.000,0.000,0.000,0.000,0.000,0.000,0.000,0.000,0.317,0.017,0.000,0.033,0.000,0.000,0.000,0.000,0.633,Z12,0.633
C02326,C02326,26.5935,38.8631,60,1.000,45.0,0.000,0.000,0.000,0.000,0.000,0.000,0.000,0.000,0.300,0.033,0.000,0.100,0.000,0.000,0.000,0.000,0.567,Z12,0.567
C02327,C02327,26.6051,38.8631,60,1.000,34.5,0.000,0.000,0.000,0.000,0.000,0.000,0.000,0.000,0.317,0.017,0.000,0.050,0.000,0.000,0.000,0.000,0.617,Z12,0.617
C02328,C02328,26.6166,38.8631,60,1.000,30.0,0.000,0.000,0.000,0.000,0.000,0.000,0.000,0.000,0.333,0.067,0.000,0.133,0.000,0.000,0.000,0.000,0.467,Z12,0.467
C02329,C02329,26.6281,38.8631,60,1.000,30.0,0.000,0.000,0.000,0.000,0.000,0.000,0.000,0.000,0.350,0.167,0.000,0.183,0.000,0.000,0.000,0.000,0.300,Z06,0.350
C02330,C02330,26.6396,38.8631,60,1.000,30.0,0.000,0.000,0.000,0.000,0.000,0.000,0.000,0.000,0.417,0.317,0.000,0.150,0.000,0.000,0.000,0.000,0.117,Z06,0.417
C02331,C02331,26.6511,38.8631,60,1.000,21.0,0.000,0.000,0.000,0.000,0.000,0.000,0.000,0.000,0.633,0.367,0.000,0.000,0.000,0.000,0.000,0.000,0.000,Z06,0.633
C02332,C02332,26.6626,38.8631,60,1.000,21.0,0.000,0.000,0.000,0.000,0.000,0.000,0.000,0.000,0.783,0.217,0.000,0.000,0.000,0.000,0.000,0.000,0.000,Z06,0.783
C02333,C02333,26.6741,38.8631,60,1.000,21.0,0.000,0.000,0.000,0.000,0.000,0.000,0.000,0.000,0.917,0.083,0.000,0.000,0.000,0.000,0.000,0.000,0.000,Z06,0.917
C02334,C02334,26.6856,38.8631,60,1.000,21.0,0.000,0.000,0.000,0.000,0.000,0.000,0.000,0.000,1.000,0.000,0.000,0.000,0.000,0.000,0.000,0.000,0.000,Z06,1.000
C02335,C02335,26.6971,38.8631,60,1.000,21.0,0.000,0.000,0.000,0.000,0.000,0.000,0.000,0.000,1.000,0.000,0.000,0.000,0.000,0.000,0.000,0.000,0.000,Z06,1.000
C02336,C02336,26.7087,38.8631,60,1.000,24.0,0.000,0.000,0.000,0.000,0.000,0.000,0.000,0.000,1.000,0.000,0.000,0.000,0.000,0.000,0.000,0.000,0.000,Z06,1.000
C02337,C02337,26.7202,38.8631,60,1.000,24.0,0.000,0.000,0.000,0.000,0.000,0.000,0.000,0.000,1.000,0.000,0.000,0.000,0.000,0.000,0.000,0.000,0.000,Z06,1.000
C02338,C02338,26.7317,38.8631,60,1.000,24.0,0.000,0.000,0.000,0.000,0.000,0.000,0.000,0.000,1.000,0.000,0.000,0.000,0.000,0.000,0.000,0.000,0.000,Z06,1.000
C02339,C02339,26.7432,38.8631,60,1.000,27.0,0.000,0.000,0.000,0.000,0.000,0.000,0.000,0.000,1.000,0.000,0.000,0.000,0.000,0.000,0.000,0.000,0.000,Z06,1.000
C02340,C02340,26.7547,38.8631,60,1.000,27.0,0.000,0.000,0.000,0.000,0.000,0.000,0.000,0.000,1.000,0.000,0.000,0.000,0.000,0.000,0.000,0.000,0.000,Z06,1.000
C02341,C02341,26.7662,38.8631,60,1.000,27.0,0.000,0.000,0.000,0.000,0.000,0.000,0.000,0.000,1.000,0.000,0.000,0.000,0.000,0.000,0.000,0.000,0.000,Z06,1.000
C02342,C02342,26.7777,38.8631,60,1.000,30.0,0.000,0.000,0.000,0.000,0.000,0.000,0.000,0.000,0.967,0.000,0.033,0.000,0.000,0.000,0.000,0.000,0.000,Z06,0.967
C02343,C02343,26.7892,38.8631,60,1.000,30.0,0.000,0.000,0.000,0.000,0.000,0.000,0.000,0.000,0.967,0.000,0.033,0.000,0.000,0.000,0.000,0.000,0.000,Z06,0.967
C02344,C02344,26.8008,38.8631,60,1.000,30.0,0.000,0.000,0.000,0.000,0.000,0.000,0.000,0.000,0.883,0.000,0.117,0.000,0.000,0.000,0.000,0.000,0.000,Z06,0.883
C02345,C02345,26.8123,38.8631,60,1.000,30.0,0.000,0.000,0.000,0.000,0.000,0.000,0.000,0.000,0.883,0.000,0.117,0.000,0.000,0.000,0.000,0.000,0.000,Z06,0.883
C02346,C02346,26.8238,38.8631,60,1.000,33.0,0.000,0.000,0.000,0.000,0.000,0.000,0.000,0.000,0.867,0.000,0.133,0.000,0.000,0.000,0.000,0.000,0.000,Z06,0.867
C02347,C02347,26.8353,38.8631,60,1.000,33.0,0.000,0.000,0.000,0.000,0.000,0.000,0.000,0.000,0.833,0.000,0.167,0.000,0.000,0.000,0.000,0.000,0.000,Z06,0.833
C02348,C02348,26.8468,38.8631,60,1.000,33.0,0.000,0.000,0.000,0.000,0.000,0.000,0.000,0.000,0.667,0.000,0.333,0.000,0.000,0.000,0.000,0.000,0.000,Z06,0.667
C02349,C02349,26.8583,38.8631,60,1.000,27.0,0.000,0.000,0.000,0.000,0.000,0.000,0.000,0.000,0.500,0.000,0.400,0.000,0.000,0.100,0.000,0.000,0.000,Z06,0.500
C02350,C02350,26.8698,38.8631,60,1.000,24.0,0.000,0.000,0.000,0.000,0.000,0.000,0.000,0.000,0.367,0.000,0.467,0.000,0.000,0.167,0.000,0.000,0.000,Z07,0.467
C02351,C02351,26.8813,38.8631,60,1.000,21.0,0.000,0.000,0.000,0.000,0.000,0.000,0.000,0.017,0.317,0.000,0.350,0.000,0.000,0.317,0.000,0.000,0.000,Z07,0.350
C02352,C02352,26.8928,38.8631,60,1.000,3.0,0.000,0.000,0.000,0.000,0.000,0.000,0.000,0.083,0.050,0.000,0.150,0.000,0.000,0.717,0.000,0.000,0.000,Z10,0.717
C02353,C02353,26.9044,38.8631,60,1.000,12.0,0.000,0.000,0.000,0.000,0.017,0.000,0.000,0.050,0.050,0.000,0.267,0.000,0.000,0.617,0.000,0.000,0.000,Z10,0.617
C02354,C02354,26.9159,38.8631,60,1.000,15.0,0.000,0.000,0.000,0.000,0.000,0.000,0.000,0.000,0.083,0.000,0.317,0.000,0.000,0.600,0.000,0.000,0.000,Z10,0.600
C02355,C02355,26.9274,38.8631,60,1.000,15.0,0.000,0.000,0.000,0.000,0.017,0.000,0.000,0.000,0.033,0.000,0.350,0.000,0.000,0.600,0.000,0.000,0.000,Z10,0.600
C02356,C02356,26.9389,38.8631,60,1.000,15.0,0.000,0.000,0.000,0.000,0.000,0.000,0.000,0.000,0.000,0.000,0.383,0.000,0.000,0.617,0.000,0.000,0.000,Z10,0.617
C02357,C02357,26.9504,38.8631,60,1.000,15.0,0.000,0.000,0.000,0.000,0.000,0.000,0.000,0.000,0.000,0.000,0.417,0.000,0.000,0.583,0.000,0.000,0.000,Z10,0.583
C02358,C02358,26.9619,38.8631,60,1.000,13.5,0.000,0.000,0.000,0.000,0.000,0.000,0.000,0.000,0.000,0.000,0.250,0.000,0.000,0.750,0.000,0.000,0.000,Z10,0.750
C02359,C02359,26.9734,38.8631,60,1.000,12.0,0.000,0.000,0.000,0.000,0.000,0.000,0.000,0.000,0.000,0.000,0.167,0.000,0.000,0.833,0.000,0.000,0.000,Z10,0.833
C02360,C02360,26.9849,38.8631,60,1.000,9.0,0.000,0.000,0.000,0.000,0.000,0.000,0.000,0.000,0.000,0.000,0.033,0.000,0.000,0.967,0.000,0.000,0.000,Z10,0.967
C02361,C02361,26.9964,38.8631,60,1.000,6.0,0.000,0.000,0.000,0.000,0.000,0.000,0.000,0.000,0.000,0.000,0.000,0.000,0.000,1.000,0.000,0.000,0.000,Z10,1.000
C02362,C02362,27.0080,38.8631,60,1.000,3.0,0.000,0.000,0.000,0.000,0.000,0.000,0.000,0.000,0.000,0.000,0.000,0.000,0.000,1.000,0.000,0.000,0.000,Z10,1.000
C02363,C02363,27.0310,38.8631,60,1.000,3.0,0.000,0.000,0.000,0.000,0.000,0.000,0.000,0.000,0.000,0.000,0.000,0.000,0.000,1.000,0.000,0.000,0.000,Z10,1.000
C02364,C02364,27.0540,38.8631,60,1.000,6.0,0.000,0.000,0.000,0.000,0.000,0.000,0.000,0.000,0.000,0.000,0.000,0.000,0.000,1.000,0.000,0.000,0.000,Z10,1.000
C02365,C02365,26.3058,38.8721,60,0.983,84.0,0.000,0.000,0.000,0.000,0.000,0.000,0.000,0.000,0.000,0.000,0.000,0.000,0.000,0.000,0.000,0.000,1.000,Z12,1.000
C02366,C02366,26.3173,38.8721,60,0.983,84.0,0.000,0.000,0.000,0.000,0.000,0.000,0.000,0.000,0.000,0.000,0.000,0.017,0.000,0.000,0.000,0.000,0.983,Z12,0.983
C02367,C02367,26.3288,38.8721,60,0.967,81.0,0.000,0.000,0.000,0.000,0.000,0.000,0.000,0.000,0.000,0.000,0.000,0.017,0.000,0.000,0.000,0.000,0.983,Z12,0.983
C02368,C02368,26.3403,38.8721,60,0.950,81.0,0.000,0.000,0.000,0.000,0.000,0.000,0.000,0.000,0.000,0.000,0.000,0.050,0.000,0.000,0.000,0.000,0.950,Z12,0.950
C02369,C02369,26.3518,38.8721,60,0.933,84.0,0.000,0.000,0.000,0.000,0.000,0.000,0.000,0.000,0.000,0.000,0.000,0.017,0.000,0.000,0.000,0.000,0.983,Z12,0.983
C02370,C02370,26.3633,38.8721,60,0.967,85.5,0.000,0.000,0.000,0.000,0.000,0.000,0.000,0.000,0.000,0.017,0.000,0.067,0.000,0.000,0.000,0.000,0.917,Z12,0.917
C02371,C02371,26.3748,38.8721,60,0.967,90.0,0.000,0.000,0.000,0.000,0.000,0.000,0.000,0.000,0.000,0.000,0.000,0.033,0.000,0.000,0.000,0.000,0.967,Z12,0.967
C02372,C02372,26.3863,38.8721,60,0.933,91.5,0.000,0.000,0.000,0.000,0.000,0.000,0.000,0.000,0.000,0.000,0.000,0.017,0.000,0.000,0.000,0.000,0.983,Z12,0.983
C02373,C02373,26.3978,38.8721,60,0.967,93.0,0.000,0.000,0.000,0.000,0.000,0.000,0.000,0.000,0.000,0.017,0.000,0.067,0.000,0.000,0.000,0.000,0.917,Z12,0.917
C02374,C02374,26.4094,38.8721,60,0.933,94.5,0.000,0.000,0.000,0.000,0.000,0.000,0.000,0.000,0.000,0.000,0.000,0.050,0.000,0.000,0.000,0.000,0.950,Z12,0.950
C02375,C02375,26.4209,38.8721,60,1.000,96.0,0.000,0.000,0.000,0.000,0.000,0.000,0.000,0.000,0.000,0.000,0.000,0.050,0.000,0.000,0.000,0.000,0.950,Z12,0.950
C02376,C02376,26.4324,38.8721,60,0.967,93.0,0.000,0.000,0.000,0.000,0.000,0.000,0.000,0.000,0.000,0.000,0.000,0.067,0.000,0.000,0.000,0.000,0.933,Z12,0.933
C02377,C02377,26.4439,38.8721,60,0.950,93.0,0.000,0.000,0.000,0.000,0.000,0.000,0.000,0.000,0.000,0.000,0.000,0.050,0.000,0.000,0.000,0.000,0.950,Z12,0.950
C02378,C02378,26.4554,38.8721,60,0.950,84.0,0.000,0.000,0.000,0.000,0.000,0.000,0.000,0.000,0.000,0.000,0.000,0.017,0.000,0.000,0.000,0.000,0.983,Z12,0.983
C02379,C02379,26.4669,38.8721,60,1.000,81.0,0.000,0.000,0.000,0.000,0.000,0.000,0.000,0.000,0.000,0.000,0.000,0.000,0.000,0.000,0.000,0.000,1.000,Z12,1.000
C02380,C02380,26.4784,38.8721,60,0.983,81.0,0.000,0.000,0.000,0.000,0.000,0.000,0.000,0.000,0.000,0.000,0.000,0.033,0.000,0.000,0.000,0.000,0.967,Z12,0.967
C02381,C02381,26.4899,38.8721,60,1.000,78.0,0.000,0.000,0.000,0.000,0.000,0.000,0.000,0.000,0.000,0.000,0.000,0.083,0.000,0.000,0.000,0.000,0.917,Z12,0.917
C02382,C02382,26.5015,38.8721,60,1.000,78.0,0.000,0.000,0.000,0.000,0.000,0.000,0.000,0.000,0.000,0.017,0.000,0.033,0.000,0.000,0.000,0.000,0.950,Z12,0.950
C02383,C02383,26.5130,38.8721,60,0.967,75.0,0.000,0.000,0.000,0.000,0.000,0.000,0.000,0.000,0.000,0.000,0.000,0.017,0.000,0.000,0.000,0.000,0.983,Z12,0.983
C02384,C02384,26.5245,38.8721,60,1.000,72.0,0.000,0.000,0.000,0.000,0.000,0.000,0.000,0.000,0.017,0.000,0.000,0.100,0.000,0.000,0.000,0.000,0.883,Z12,0.883
C02385,C02385,26.5360,38.8721,60,1.000,69.0,0.000,0.000,0.000,0.000,0.000,0.000,0.000,0.000,0.000,0.050,0.000,0.050,0.000,0.000,0.000,0.000,0.900,Z12,0.900
C02386,C02386,26.5475,38.8721,60,1.000,64.5,0.000,0.000,0.000,0.000,0.000,0.000,0.000,0.000,0.083,0.083,0.000,0.100,0.000,0.000,0.000,0.000,0.733,Z12,0.733
C02387,C02387,26.5590,38.8721,60,1.000,60.0,0.000,0.000,0.000,0.000,0.000,0.000,0.000,0.000,0.117,0.100,0.000,0.017,0.000,0.000,0.000,0.000,0.767,Z12,0.767
C02388,C02388,26.5705,38.8721,60,1.000,55.5,0.000,0.000,0.000,0.000,0.000,0.000,0.000,0.000,0.183,0.067,0.000,0.033,0.000,0.000,0.000,0.000,0.717,Z12,0.717
C02389,C02389,26.5820,38.8721,60,1.000,51.0,0.000,0.000,0.000,0.000,0.000,0.000,0.000,0.000,0.250,0.083,0.000,0.033,0.000,0.000,0.000,0.000,0.633,Z12,0.633
C02390,C02390,26.5935,38.8721,60,1.000,48.0,0.000,0.000,0.000,0.000,0.000,0.000,0.000,0.000,0.283,0.050,0.000,0.067,0.000,0.000,0.000,0.000,0.600,Z12,0.600
C02391,C02391,26.6051,38.8721,60,1.000,39.0,0.000,0.000,0.000,0.000,0.000,0.000,0.000,0.000,0.317,0.017,0.000,0.067,0.000,0.000,0.000,0.000,0.600,Z12,0.600
C02392,C02392,26.6166,38.8721,60,1.000,30.0,0.000,0.000,0.000,0.000,0.000,0.000,0.000,0.000,0.317,0.033,0.000,0.067,0.000,0.000,0.000,0.000,0.583,Z12,0.583
C02393,C02393,26.6281,38.8721,60,1.000,30.0,0.000,0.000,0.000,0.000,0.000,0.000,0.000,0.000,0.350,0.167,0.000,0.167,0.000,0.000,0.000,0.000,0.317,Z06,0.350
C02394,C02394,26.6396,38.8721,60,1.000,30.0,0.000,0.000,0.000,0.000,0.000,0.000,0.000,0.000,0.483,0.250,0.000,0.133,0.000,0.000,0.000,0.000,0.133,Z06,0.483
C02395,C02395,26.6511,38.8721,60,1.000,21.0,0.000,0.000,0.000,0.000,0.000,0.000,0.000,0.000,0.617,0.283,0.000,0.050,0.000,0.000,0.000,0.000,0.050,Z06,0.617
C02396,C02396,26.6626,38.8721,60,1.000,21.0,0.000,0.000,0.000,0.000,0.000,0.000,0.000,0.000,0.733,0.233,0.000,0.033,0.000,0.000,0.000,0.000,0.000,Z06,0.733
C02397,C02397,26.6741,38.8721,60,1.000,21.0,0.000,0.000,0.000,0.000,0.000,0.000,0.000,0.000,0.900,0.100,0.000,0.000,0.000,0.000,0.000,0.000,0.000,Z06,0.900
C02398,C02398,26.6856,38.8721,60,1.000,21.0,0.000,0.000,0.000,0.000,0.000,0.000,0.000,0.000,0.967,0.033,0.000,0.000,0.000,0.000,0.000,0.000,0.000,Z06,0.967
C02399,C02399,26.6971,38.8721,60,1.000,24.0,0.000,0.000,0.000,0.000,0.000,0.000,0.000,0.000,1.000,0.000,0.000,0.000,0.000,0.000,0.000,0.000,0.000,Z06,1.000
C02400,C02400,26.7087,38.8721,60,1.000,24.0,0.000,0.000,0.000,0.000,0.000,0.000,0.000,0.000,1.000,0.000,0.000,0.000,0.000,0.000,0.000,0.000,0.000,Z06,1.000
C02401,C02401,26.7202,38.8721,60,1.000,24.0,0.000,0.000,0.000,0.000,0.000,0.000,0.000,0.000,1.000,0.000,0.000,0.000,0.000,0.000,0.000,0.000,0.000,Z06,1.000
C02402,C02402,26.7317,38.8721,60,1.000,25.5,0.000,0.000,0.000,0.000,0.000,0.000,0.000,0.000,1.000,0.000,0.000,0.000,0.000,0.000,0.000,0.000,0.000,Z06,1.000
C02403,C02403,26.7432,38.8721,60,1.000,27.0,0.000,0.000,0.000,0.000,0.000,0.000,0.000,0.000,1.000,0.000,0.000,0.000,0.000,0.000,0.000,0.000,0.000,Z06,1.000
C02404,C02404,26.7547,38.8721,60,1.000,27.0,0.000,0.000,0.000,0.000,0.000,0.000,0.000,0.000,1.000,0.000,0.000,0.000,0.000,0.000,0.000,0.000,0.000,Z06,1.000
C02405,C02405,26.7662,38.8721,60,1.000,27.0,0.000,0.000,0.000,0.000,0.000,0.000,0.000,0.000,1.000,0.000,0.000,0.000,0.000,0.000,0.000,0.000,0.000,Z06,1.000
C02406,C02406,26.7777,38.8721,60,1.000,30.0,0.000,0.000,0.000,0.000,0.000,0.000,0.000,0.000,1.000,0.000,0.000,0.000,0.000,0.000,0.000,0.000,0.000,Z06,1.000
C02407,C02407,26.7892,38.8721,60,1.000,30.0,0.000,0.000,0.000,0.000,0.000,0.000,0.000,0.000,1.000,0.000,0.000,0.000,0.000,0.000,0.000,0.000,0.000,Z06,1.000
C02408,C02408,26.8008,38.8721,60,1.000,30.0,0.000,0.000,0.000,0.000,0.000,0.000,0.000,0.000,0.983,0.000,0.017,0.000,0.000,0.000,0.000,0.000,0.000,Z06,0.983
C02409,C02409,26.8123,38.8721,60,1.000,33.0,0.000,0.000,0.000,0.000,0.000,0.000,0.000,0.000,0.983,0.000,0.017,0.000,0.000,0.000,0.000,0.000,0.000,Z06,0.983
C02410,C02410,26.8238,38.8721,60,1.000,33.0,0.000,0.000,0.000,0.000,0.000,0.000,0.000,0.000,0.933,0.000,0.067,0.000,0.000,0.000,0.000,0.000,0.000,Z06,0.933
C02411,C02411,26.8353,38.8721,60,1.000,33.0,0.000,0.000,0.000,0.000,0.000,0.000,0.000,0.000,0.983,0.000,0.017,0.000,0.000,0.000,0.000,0.000,0.000,Z06,0.983
C02412,C02412,26.8468,38.8721,60,1.000,33.0,0.000,0.000,0.000,0.000,0.000,0.000,0.000,0.000,0.917,0.000,0.083,0.000,0.000,0.000,0.000,0.000,0.000,Z06,0.917
C02413,C02413,26.8583,38.8721,60,1.000,33.0,0.000,0.000,0.000,0.000,0.000,0.000,0.000,0.000,0.767,0.000,0.233,0.000,0.000,0.000,0.000,0.000,0.000,Z06,0.767
C02414,C02414,26.8698,38.8721,60,1.000,33.0,0.000,0.000,0.000,0.000,0.000,0.000,0.000,0.017,0.533,0.000,0.350,0.000,0.000,0.100,0.000,0.000,0.000,Z06,0.533
C02415,C02415,26.8813,38.8721,60,1.000,24.0,0.000,0.000,0.000,0.000,0.000,0.000,0.000,0.000,0.383,0.000,0.467,0.000,0.000,0.150,0.000,0.000,0.000,Z07,0.467
C02416,C02416,26.8928,38.8721,60,1.000,18.0,0.000,0.000,0.000,0.000,0.033,0.000,0.000,0.033,0.250,0.000,0.300,0.000,0.000,0.383,0.000,0.000,0.000,Z10,0.383
C02417,C02417,26.9044,38.8721,60,1.000,16.5,0.000,0.000,0.000,0.000,0.017,0.000,0.000,0.033,0.117,0.000,0.267,0.000,0.000,0.567,0.000,0.000,0.000,Z10,0.567
C02418,C02418,26.9159,38.8721,60,1.000,15.0,0.000,0.000,0.000,0.000,0.033,0.000,0.000,0.017,0.067,0.000,0.167,0.000,0.000,0.717,0.000,0.000,0.000,Z10,0.717
C02419,C02419,26.9274,38.8721,60,1.000,15.0,0.000,0.000,0.000,0.000,0.033,0.000,0.000,0.000,0.050,0.000,0.217,0.000,0.000,0.700,0.000,0.000,0.000,Z10,0.700
C02420,C02420,26.9389,38.8721,60,1.000,15.0,0.000,0.000,0.000,0.000,0.000,0.000,0.000,0.000,0.000,0.000,0.417,0.000,0.000,0.583,0.000,0.000,0.000,Z10,0.583
C02421,C02421,26.9504,38.8721,60,1.000,15.0,0.000,0.000,0.000,0.000,0.000,0.000,0.000,0.000,0.000,0.000,0.367,0.000,0.000,0.633,0.000,0.000,0.000,Z10,0.633
C02422,C02422,26.9619,38.8721,60,1.000,15.0,0.000,0.000,0.000,0.000,0.000,0.000,0.000,0.000,0.000,0.000,0.350,0.000,0.000,0.650,0.000,0.000,0.000,Z10,0.650
C02423,C02423,26.9734,38.8721,60,1.000,15.0,0.000,0.000,0.000,0.000,0.000,0.000,0.000,0.000,0.000,0.000,0.250,0.000,0.000,0.750,0.000,0.000,0.000,Z10,0.750
C02424,C02424,26.9849,38.8721,60,1.000,12.0,0.000,0.000,0.000,0.000,0.000,0.000,0.000,0.000,0.000,0.000,0.150,0.000,0.000,0.850,0.000,0.000,0.000,Z10,0.850
C02425,C02425,26.9964,38.8721,60,1.000,12.0,0.000,0.000,0.000,0.000,0.000,0.000,0.000,0.000,0.000,0.000,0.083,0.000,0.000,0.917,0.000,0.000,0.000,Z10,0.917
C02426,C02426,27.0080,38.8721,60,1.000,9.0,0.000,0.000,0.000,0.000,0.000,0.000,0.000,0.000,0.000,0.000,0.017,0.000,0.000,0.983,0.000,0.000,0.000,Z10,0.983
C02427,C02427,27.0195,38.8721,60,1.000,3.0,0.000,0.000,0.000,0.000,0.000,0.000,0.000,0.000,0.000,0.000,0.000,0.000,0.000,1.000,0.000,0.000,0.000,Z10,1.000
C02428,C02428,27.0310,38.8721,60,1.000,3.0,0.000,0.000,0.000,0.000,0.000,0.000,0.000,0.000,0.000,0.000,0.000,0.000,0.000,1.000,0.000,0.000,0.000,Z10,1.000
C02429,C02429,27.0425,38.8721,60,1.000,6.0,0.000,0.000,0.000,0.000,0.000,0.000,0.000,0.000,0.000,0.000,0.000,0.000,0.000,1.000,0.000,0.000,0.000,Z10,1.000
C02430,C02430,27.0540,38.8721,60,1.000,3.0,0.000,0.000,0.000,0.000,0.000,0.000,0.000,0.000,0.000,0.000,0.000,0.000,0.000,1.000,0.000,0.000,0.000,Z10,1.000
C02431,C02431,26.3058,38.8811,60,0.983,87.0,0.000,0.000,0.000,0.000,0.000,0.000,0.000,0.000,0.000,0.000,0.000,0.033,0.000,0.000,0.000,0.000,0.967,Z12,0.967
C02432,C02432,26.3173,38.8811,60,0.950,87.0,0.000,0.000,0.000,0.000,0.000,0.000,0.000,0.000,0.000,0.000,0.000,0.033,0.000,0.000,0.000,0.000,0.967,Z12,0.967
C02433,C02433,26.3288,38.8811,60,0.983,84.0,0.000,0.000,0.000,0.000,0.000,0.000,0.000,0.000,0.000,0.017,0.000,0.017,0.000,0.000,0.000,0.000,0.967,Z12,0.967
C02434,C02434,26.3403,38.8811,60,0.933,84.0,0.000,0.000,0.000,0.000,0.000,0.000,0.000,0.000,0.000,0.000,0.000,0.017,0.000,0.000,0.000,0.000,0.983,Z12,0.983
C02435,C02435,26.3518,38.8811,60,0.850,90.0,0.000,0.000,0.000,0.000,0.000,0.000,0.000,0.000,0.000,0.000,0.000,0.017,0.000,0.000,0.000,0.000,0.983,Z12,0.983
C02436,C02436,26.3633,38.8811,60,0.900,96.0,0.000,0.000,0.000,0.000,0.000,0.000,0.000,0.000,0.000,0.000,0.000,0.083,0.000,0.000,0.000,0.000,0.917,Z12,0.917
C02437,C02437,26.3748,38.8811,60,0.883,93.0,0.000,0.000,0.000,0.000,0.000,0.000,0.000,0.000,0.000,0.000,0.000,0.033,0.000,0.000,0.000,0.000,0.967,Z12,0.967
C02438,C02438,26.3863,38.8811,60,0.950,99.0,0.000,0.000,0.000,0.000,0.000,0.000,0.000,0.000,0.000,0.017,0.000,0.083,0.000,0.000,0.000,0.000,0.900,Z12,0.900
C02439,C02439,26.3978,38.8811,60,0.983,99.0,0.000,0.000,0.000,0.000,0.000,0.000,0.000,0.000,0.000,0.000,0.000,0.067,0.000,0.000,0.000,0.000,0.933,Z12,0.933
C02440,C02440,26.4094,38.8811,60,0.933,99.0,0.000,0.000,0.000,0.000,0.000,0.000,0.000,0.000,0.000,0.017,0.000,0.017,0.000,0.000,0.000,0.000,0.967,Z12,0.967
C02441,C02441,26.4209,38.8811,60,0.983,96.0,0.000,0.000,0.000,0.000,0.000,0.000,0.000,0.000,0.000,0.000,0.000,0.050,0.000,0.000,0.000,0.000,0.950,Z12,0.950
C02442,C02442,26.4324,38.8811,60,0.950,96.0,0.000,0.000,0.000,0.000,0.000,0.000,0.000,0.000,0.000,0.033,0.000,0.033,0.000,0.000,0.000,0.000,0.933,Z12,0.933
C02443,C02443,26.4439,38.8811,60,0.950,96.0,0.000,0.000,0.000,0.000,0.000,0.000,0.000,0.000,0.000,0.000,0.000,0.100,0.000,0.000,0.000,0.000,0.900,Z12,0.900
C02444,C02444,26.4554,38.8811,60,0.933,91.5,0.000,0.000,0.000,0.000,0.000,0.000,0.000,0.000,0.000,0.000,0.000,0.050,0.000,0.000,0.000,0.000,0.950,Z12,0.950
C02445,C02445,26.4669,38.8811,60,0.983,90.0,0.000,0.000,0.000,0.000,0.000,0.000,0.000,0.000,0.000,0.000,0.000,0.117,0.000,0.000,0.000,0.000,0.883,Z12,0.883
C02446,C02446,26.4784,38.8811,60,0.967,84.0,0.000,0.000,0.000,0.000,0.000,0.000,0.000,0.000,0.000,0.000,0.000,0.033,0.000,0.000,0.000,0.000,0.967,Z12,0.967
C02447,C02447,26.4899,38.8811,60,0.967,84.0,0.000,0.000,0.000,0.000,0.000,0.000,0.000,0.000,0.000,0.000,0.000,0.117,0.000,0.000,0.000,0.000,0.883,Z12,0.883
C02448,C02448,26.5015,38.8811,60,1.000,78.0,0.000,0.000,0.000,0.000,0.000,0.000,0.000,0.000,0.000,0.000,0.000,0.083,0.000,0.000,0.000,0.000,0.917,Z12,0.917
C02449,C02449,26.5130,38.8811,60,1.000,75.0,0.000,0.000,0.000,0.000,0.000,0.000,0.000,0.000,0.000,0.033,0.000,0.017,0.000,0.000,0.000,0.000,0.950,Z12,0.950
C02450,C02450,26.5245,38.8811,60,1.000,75.0,0.000,0.000,0.000,0.000,0.000,0.000,0.000,0.000,0.000,0.000,0.000,0.083,0.000,0.000,0.000,0.000,0.917,Z12,0.917
C02451,C02451,26.5360,38.8811,60,1.000,69.0,0.000,0.000,0.000,0.000,0.000,0.000,0.000,0.000,0.000,0.017,0.000,0.117,0.000,0.000,0.000,0.000,0.867,Z12,0.867
C02452,C02452,26.5475,38.8811,60,1.000,66.0,0.000,0.000,0.000,0.000,0.000,0.000,0.000,0.000,0.017,0.033,0.000,0.083,0.000,0.000,0.000,0.000,0.867,Z12,0.867
C02453,C02453,26.5590,38.8811,60,1.000,63.0,0.000,0.000,0.000,0.000,0.000,0.000,0.000,0.000,0.017,0.150,0.000,0.050,0.000,0.000,0.000,0.000,0.783,Z12,0.783
C02454,C02454,26.5705,38.8811,60,1.000,57.0,0.000,0.000,0.000,0.000,0.000,0.000,0.000,0.000,0.133,0.133,0.000,0.117,0.000,0.000,0.000,0.000,0.617,Z12,0.617
C02455,C02455,26.5820,38.8811,60,1.000,51.0,0.000,0.000,0.000,0.000,0.000,0.000,0.000,0.000,0.200,0.133,0.000,0.017,0.000,0.000,0.000,0.000,0.650,Z12,0.650
C02456,C02456,26.5935,38.8811,60,1.000,49.5,0.000,0.000,0.000,0.000,0.000,0.000,0.000,0.000,0.167,0.150,0.000,0.083,0.000,0.000,0.000,0.000,0.600,Z12,0.600
C02457,C02457,26.6051,38.8811,60,1.000,36.0,0.000,0.000,0.000,0.000,0.000,0.000,0.000,0.000,0.200,0.117,0.000,0.067,0.000,0.000,0.000,0.000,0.617,Z12,0.617
C02458,C02458,26.6166,38.8811,60,1.000,33.0,0.000,0.000,0.000,0.000,0.000,0.000,0.000,0.000,0.250,0.100,0.000,0.050,0.000,0.000,0.000,0.000,0.600,Z12,0.600
C02459,C02459,26.6281,38.8811,60,1.000,33.0,0.000,0.000,0.000,0.000,0.000,0.000,0.000,0.000,0.217,0.200,0.000,0.083,0.000,0.000,0.000,0.000,0.500,Z12,0.500
C02460,C02460,26.6396,38.8811,60,1.000,30.0,0.000,0.000,0.000,0.000,0.000,0.000,0.000,0.000,0.450,0.283,0.000,0.067,0.000,0.000,0.000,0.000,0.200,Z06,0.450
C02461,C02461,26.6511,38.8811,60,1.000,28.5,0.000,0.000,0.000,0.000,0.000,0.000,0.000,0.000,0.550,0.267,0.000,0.083,0.000,0.000,0.000,0.000,0.100,Z06,0.550
C02462,C02462,26.6626,38.8811,60,1.000,21.0,0.000,0.000,0.000,0.000,0.000,0.000,0.000,0.000,0.733,0.250,0.000,0.017,0.000,0.000,0.000,0.000,0.000,Z06,0.733
C02463,C02463,26.6741,38.8811,60,1.000,21.0,0.000,0.000,0.000,0.000,0.000,0.000,0.000,0.000,0.817,0.183,0.000,0.000,0.000,0.000,0.000,0.000,0.000,Z06,0.817
C02464,C02464,26.6856,38.8811,60,1.000,21.0,0.000,0.000,0.000,0.000,0.000,0.000,0.000,0.000,0.983,0.017,0.000,0.000,0.000,0.000,0.000,0.000,0.000,Z06,0.983
C02465,C02465,26.6971,38.8811,60,1.000,24.0,0.000,0.000,0.000,0.000,0.000,0.000,0.000,0.000,1.000,0.000,0.000,0.000,0.000,0.000,0.000,0.000,0.000,Z06,1.000
C02466,C02466,26.7087,38.8811,60,1.000,24.0,0.000,0.000,0.000,0.000,0.000,0.000,0.000,0.000,1.000,0.000,0.000,0.000,0.000,0.000,0.000,0.000,0.000,Z06,1.000
C02467,C02467,26.7202,38.8811,60,1.000,24.0,0.000,0.000,0.000,0.000,0.000,0.000,0.000,0.000,1.000,0.000,0.000,0.000,0.000,0.000,0.000,0.000,0.000,Z06,1.000
C02468,C02468,26.7317,38.8811,60,1.000,24.0,0.000,0.000,0.000,0.000,0.000,0.000,0.000,0.000,1.000,0.000,0.000,0.000,0.000,0.000,0.000,0.000,0.000,Z06,1.000
C02469,C02469,26.7432,38.8811,60,1.000,27.0,0.000,0.000,0.000,0.000,0.000,0.000,0.000,0.000,1.000,0.000,0.000,0.000,0.000,0.000,0.000,0.000,0.000,Z06,1.000
C02470,C02470,26.7547,38.8811,60,1.000,27.0,0.000,0.000,0.000,0.000,0.000,0.000,0.000,0.000,1.000,0.000,0.000,0.000,0.000,0.000,0.000,0.000,0.000,Z06,1.000
C02471,C02471,26.7662,38.8811,60,1.000,27.0,0.000,0.000,0.000,0.000,0.000,0.000,0.000,0.000,1.000,0.000,0.000,0.000,0.000,0.000,0.000,0.000,0.000,Z06,1.000
C02472,C02472,26.7777,38.8811,60,1.000,30.0,0.000,0.000,0.000,0.000,0.000,0.000,0.000,0.000,1.000,0.000,0.000,0.000,0.000,0.000,0.000,0.000,0.000,Z06,1.000
C02473,C02473,26.7892,38.8811,60,1.000,30.0,0.000,0.000,0.000,0.000,0.000,0.000,0.000,0.000,1.000,0.000,0.000,0.000,0.000,0.000,0.000,0.000,0.000,Z06,1.000
C02474,C02474,26.8008,38.8811,60,1.000,30.0,0.000,0.000,0.000,0.000,0.000,0.000,0.000,0.000,1.000,0.000,0.000,0.000,0.000,0.000,0.000,0.000,0.000,Z06,1.000
C02475,C02475,26.8123,38.8811,60,1.000,30.0,0.000,0.000,0.000,0.000,0.000,0.000,0.000,0.000,1.000,0.000,0.000,0.000,0.000,0.000,0.000,0.000,0.000,Z06,1.000
C02476,C02476,26.8238,38.8811,60,1.000,33.0,0.000,0.000,0.000,0.000,0.000,0.000,0.000,0.000,1.000,0.000,0.000,0.000,0.000,0.000,0.000,0.000,0.000,Z06,1.000
C02477,C02477,26.8353,38.8811,60,1.000,33.0,0.000,0.000,0.000,0.000,0.000,0.000,0.000,0.000,1.000,0.000,0.000,0.000,0.000,0.000,0.000,0.000,0.000,Z06,1.000
C02478,C02478,26.8468,38.8811,60,1.000,36.0,0.000,0.000,0.000,0.000,0.000,0.000,0.000,0.000,0.967,0.000,0.033,0.000,0.000,0.000,0.000,0.000,0.000,Z06,0.967
C02479,C02479,26.8583,38.8811,60,1.000,37.5,0.000,0.000,0.000,0.000,0.000,0.000,0.000,0.000,0.967,0.000,0.033,0.000,0.000,0.000,0.000,0.000,0.000,Z06,0.967
C02480,C02480,26.8698,38.8811,60,1.000,36.0,0.000,0.000,0.000,0.000,0.000,0.000,0.000,0.000,0.733,0.000,0.250,0.000,0.000,0.017,0.000,0.000,0.000,Z06,0.733
C02481,C02481,26.8813,38.8811,60,1.000,36.0,0.000,0.000,0.000,0.000,0.000,0.000,0.000,0.000,0.650,0.000,0.317,0.000,0.000,0.033,0.000,0.000,0.000,Z06,0.650
C02482,C02482,26.8928,38.8811,60,1.000,31.5,0.000,0.000,0.000,0.000,0.000,0.000,0.000,0.000,0.517,0.000,0.250,0.000,0.000,0.233,0.000,0.000,0.000,Z06,0.517
C02483,C02483,26.9044,38.8811,60,1.000,19.5,0.000,0.000,0.000,0.000,0.000,0.000,0.000,0.050,0.300,0.000,0.333,0.000,0.000,0.317,0.000,0.000,0.000,Z07,0.333
C02484,C02484,26.9159,38.8811,60,1.000,18.0,0.000,0.000,0.000,0.000,0.050,0.000,0.000,0.033,0.233,0.000,0.300,0.000,0.000,0.383,0.000,0.000,0.000,Z10,0.383
C02485,C02485,26.9274,38.8811,60,1.000,18.0,0.000,0.000,0.000,0.000,0.017,0.000,0.000,0.017,0.100,0.000,0.233,0.000,0.000,0.633,0.000,0.000,0.000,Z10,0.633
C02486,C02486,26.9389,38.8811,60,1.000,18.0,0.000,0.000,0.000,0.000,0.017,0.000,0.000,0.000,0.000,0.000,0.317,0.000,0.000,0.667,0.000,0.000,0.000,Z10,0.667
C02487,C02487,26.9504,38.8811,60,1.000,15.0,0.000,0.000,0.000,0.000,0.000,0.000,0.000,0.000,0.000,0.000,0.367,0.000,0.000,0.633,0.000,0.000,0.000,Z10,0.633
C02488,C02488,26.9619,38.8811,60,1.000,15.0,0.000,0.000,0.000,0.000,0.000,0.000,0.000,0.000,0.000,0.000,0.517,0.000,0.000,0.483,0.000,0.000,0.000,Z07,0.517
C02489,C02489,26.9734,38.8811,60,1.000,18.0,0.000,0.000,0.000,0.000,0.000,0.000,0.000,0.000,0.000,0.000,0.417,0.000,0.000,0.583,0.000,0.000,0.000,Z10,0.583
C02490,C02490,26.9849,38.8811,60,1.000,18.0,0.000,0.000,0.000,0.000,0.000,0.000,0.000,0.000,0.000,0.000,0.233,0.000,0.000,0.767,0.000,0.000,0.000,Z10,0.767
C02491,C02491,26.9964,38.8811,60,1.000,12.0,0.000,0.000,0.000,0.000,0.000,0.000,0.000,0.000,0.000,0.000,0.100,0.000,0.000,0.900,0.000,0.000,0.000,Z10,0.900
C02492,C02492,27.0080,38.8811,60,1.000,12.0,0.000,0.000,0.000,0.000,0.000,0.000,0.000,0.000,0.000,0.000,0.017,0.000,0.000,0.983,0.000,0.000,0.000,Z10,0.983
C02493,C02493,27.0195,38.8811,60,1.000,9.0,0.000,0.000,0.000,0.000,0.000,0.000,0.000,0.000,0.000,0.000,0.000,0.000,0.000,1.000,0.000,0.000,0.000,Z10,1.000
C02494,C02494,27.0310,38.8811,60,1.000,6.0,0.000,0.000,0.000,0.000,0.000,0.000,0.000,0.000,0.000,0.000,0.000,0.000,0.000,1.000,0.000,0.000,0.000,Z10,1.000
C02495,C02495,27.0425,38.8811,60,1.000,6.0,0.000,0.000,0.000,0.000,0.000,0.000,0.000,0.000,0.000,0.000,0.000,0.000,0.000,1.000,0.000,0.000,0.000,Z10,1.000
C02496,C02496,27.0540,38.8811,60,1.000,9.0,0.000,0.000,0.000,0.000,0.000,0.000,0.000,0.000,0.000,0.000,0.000,0.000,0.000,1.000,0.000,0.000,0.000,Z10,1.000
C02497,C02497,26.3058,38.8901,60,0.950,93.0,0.000,0.000,0.000,0.000,0.000,0.000,0.000,0.000,0.000,0.000,0.000,0.000,0.000,0.000,0.000,0.000,1.000,Z12,1.000
C02498,C02498,26.3173,38.8901,60,0.900,91.5,0.000,0.000,0.000,0.000,0.000,0.000,0.000,0.000,0.000,0.017,0.000,0.033,0.000,0.000,0.000,0.000,0.950,Z12,0.950
C02499,C02499,26.3288,38.8901,60,0.850,90.0,0.000,0.000,0.000,0.000,0.000,0.000,0.000,0.000,0.000,0.000,0.000,0.033,0.000,0.000,0.000,0.000,0.967,Z12,0.967
C02500,C02500,26.3403,38.8901,60,0.833,93.0,0.000,0.000,0.000,0.000,0.000,0.000,0.000,0.000,0.000,0.000,0.000,0.033,0.000,0.000,0.000,0.000,0.967,Z12,0.967
C02501,C02501,26.3518,38.8901,60,0.867,94.5,0.000,0.000,0.000,0.000,0.000,0.000,0.000,0.000,0.000,0.050,0.000,0.067,0.000,0.000,0.000,0.000,0.883,Z12,0.883
C02502,C02502,26.3633,38.8901,60,0.850,99.0,0.000,0.000,0.000,0.000,0.000,0.000,0.000,0.000,0.000,0.050,0.000,0.033,0.000,0.000,0.000,0.000,0.917,Z12,0.917
C02503,C02503,26.3748,38.8901,60,0.783,102.0,0.000,0.000,0.000,0.000,0.000,0.000,0.000,0.000,0.000,0.017,0.000,0.017,0.000,0.000,0.000,0.000,0.967,Z12,0.967
C02504,C02504,26.3863,38.8901,60,0.900,100.5,0.000,0.000,0.000,0.000,0.000,0.000,0.000,0.000,0.000,0.017,0.000,0.100,0.000,0.000,0.000,0.000,0.883,Z12,0.883
C02505,C02505,26.3978,38.8901,60,0.933,102.0,0.000,0.000,0.000,0.000,0.000,0.000,0.000,0.000,0.000,0.017,0.000,0.017,0.000,0.000,0.000,0.000,0.967,Z12,0.967
C02506,C02506,26.4094,38.8901,60,0.900,102.0,0.000,0.000,0.000,0.000,0.000,0.000,0.000,0.000,0.000,0.033,0.000,0.050,0.000,0.000,0.000,0.000,0.917,Z12,0.917
C02507,C02507,26.4209,38.8901,60,0.950,102.0,0.000,0.000,0.000,0.000,0.000,0.000,0.000,0.000,0.000,0.017,0.000,0.100,0.000,0.000,0.000,0.000,0.883,Z12,0.883
C02508,C02508,26.4324,38.8901,60,0.917,99.0,0.000,0.000,0.000,0.000,0.000,0.000,0.000,0.000,0.000,0.017,0.000,0.067,0.000,0.000,0.000,0.000,0.917,Z12,0.917
C02509,C02509,26.4439,38.8901,60,0.933,93.0,0.000,0.000,0.000,0.000,0.000,0.000,0.000,0.000,0.000,0.033,0.000,0.050,0.000,0.000,0.000,0.000,0.917,Z12,0.917
C02510,C02510,26.4554,38.8901,60,0.933,96.0,0.000,0.000,0.000,0.000,0.000,0.000,0.000,0.000,0.000,0.000,0.000,0.100,0.000,0.000,0.000,0.000,0.900,Z12,0.900
C02511,C02511,26.4669,38.8901,60,0.983,87.0,0.000,0.000,0.000,0.000,0.000,0.000,0.000,0.000,0.000,0.000,0.000,0.050,0.000,0.000,0.000,0.000,0.950,Z12,0.950
C02512,C02512,26.4784,38.8901,60,1.000,84.0,0.000,0.000,0.000,0.000,0.000,0.000,0.000,0.000,0.000,0.000,0.000,0.100,0.000,0.000,0.000,0.000,0.900,Z12,0.900
C02513,C02513,26.4899,38.8901,60,0.950,81.0,0.000,0.000,0.000,0.000,0.000,0.000,0.000,0.000,0.000,0.000,0.000,0.117,0.000,0.000,0.000,0.000,0.883,Z12,0.883
C02514,C02514,26.5015,38.8901,60,0.983,78.0,0.000,0.000,0.000,0.000,0.000,0.000,0.000,0.000,0.000,0.000,0.000,0.083,0.000,0.000,0.000,0.000,0.917,Z12,0.917
C02515,C02515,26.5130,38.8901,60,0.983,78.0,0.000,0.000,0.000,0.000,0.000,0.000,0.000,0.000,0.000,0.000,0.000,0.067,0.000,0.000,0.000,0.000,0.933,Z12,0.933
C02516,C02516,26.5245,38.8901,60,1.000,72.0,0.000,0.000,0.000,0.000,0.000,0.000,0.000,0.000,0.000,0.000,0.000,0.050,0.000,0.000,0.000,0.000,0.950,Z12,0.950
C02517,C02517,26.5360,38.8901,60,1.000,72.0,0.000,0.000,0.000,0.000,0.000,0.000,0.000,0.000,0.000,0.000,0.000,0.067,0.000,0.000,0.000,0.000,0.933,Z12,0.933
C02518,C02518,26.5475,38.8901,60,0.967,70.5,0.000,0.000,0.000,0.000,0.000,0.000,0.000,0.000,0.000,0.000,0.000,0.033,0.000,0.000,0.000,0.000,0.967,Z12,0.967
C02519,C02519,26.5590,38.8901,60,1.000,60.0,0.000,0.000,0.000,0.000,0.000,0.000,0.000,0.000,0.000,0.050,0.000,0.083,0.000,0.000,0.000,0.000,0.867,Z12,0.867
C02520,C02520,26.5705,38.8901,60,1.000,57.0,0.000,0.000,0.000,0.000,0.000,0.000,0.000,0.000,0.033,0.150,0.000,0.033,0.000,0.000,0.000,0.000,0.783,Z12,0.783
C02521,C02521,26.5820,38.8901,60,1.000,57.0,0.000,0.000,0.000,0.000,0.000,0.000,0.000,0.000,0.083,0.100,0.000,0.200,0.000,0.000,0.000,0.000,0.617,Z12,0.617
C02522,C02522,26.5935,38.8901,60,1.000,48.0,0.000,0.000,0.000,0.000,0.000,0.000,0.000,0.000,0.100,0.167,0.000,0.100,0.000,0.000,0.000,0.000,0.633,Z12,0.633
C02523,C02523,26.6051,38.8901,60,1.000,45.0,0.000,0.000,0.000,0.000,0.000,0.000,0.000,0.000,0.083,0.200,0.000,0.067,0.000,0.000,0.000,0.000,0.650,Z12,0.650
C02524,C02524,26.6166,38.8901,60,1.000,39.0,0.000,0.000,0.000,0.000,0.000,0.000,0.000,0.000,0.117,0.183,0.000,0.200,0.000,0.000,0.000,0.000,0.500,Z12,0.500
C02525,C02525,26.6281,38.8901,60,1.000,33.0,0.000,0.000,0.000,0.000,0.000,0.000,0.000,0.000,0.217,0.167,0.000,0.200,0.000,0.000,0.000,0.000,0.417,Z12,0.417
C02526,C02526,26.6396,38.8901,60,1.000,33.0,0.000,0.000,0.000,0.000,0.000,0.000,0.000,0.000,0.333,0.350,0.000,0.100,0.000,0.000,0.000,0.000,0.217,Z16,0.350
C02527,C02527,26.6511,38.8901,60,1.000,21.0,0.000,0.000,0.000,0.000,0.000,0.000,0.000,0.000,0.567,0.283,0.000,0.067,0.000,0.000,0.000,0.000,0.083,Z06,0.567
C02528,C02528,26.6626,38.8901,60,1.000,21.0,0.000,0.000,0.000,0.000,0.000,0.000,0.000,0.000,0.683,0.267,0.000,0.050,0.000,0.000,0.000,0.000,0.000,Z06,0.683
C02529,C02529,26.6741,38.8901,60,1.000,21.0,0.000,0.000,0.000,0.000,0.000,0.000,0.000,0.000,0.817,0.183,0.000,0.000,0.000,0.000,0.000,0.000,0.000,Z06,0.817
C02530,C02530,26.6856,38.8901,60,1.000,21.0,0.000,0.000,0.000,0.000,0.000,0.000,0.000,0.000,0.950,0.050,0.000,0.000,0.000,0.000,0.000,0.000,0.000,Z06,0.950
C02531,C02531,26.6971,38.8901,60,1.000,24.0,0.000,0.000,0.000,0.000,0.000,0.000,0.000,0.000,1.000,0.000,0.000,0.000,0.000,0.000,0.000,0.000,0.000,Z06,1.000
C02532,C02532,26.7087,38.8901,60,1.000,24.0,0.000,0.000,0.000,0.000,0.000,0.000,0.000,0.000,1.000,0.000,0.000,0.000,0.000,0.000,0.000,0.000,0.000,Z06,1.000
C02533,C02533,26.7202,38.8901,60,1.000,24.0,0.000,0.000,0.000,0.000,0.000,0.000,0.000,0.000,1.000,0.000,0.000,0.000,0.000,0.000,0.000,0.000,0.000,Z06,1.000
C02534,C02534,26.7317,38.8901,60,1.000,27.0,0.000,0.000,0.000,0.000,0.000,0.000,0.000,0.000,1.000,0.000,0.000,0.000,0.000,0.000,0.000,0.000,0.000,Z06,1.000
C02535,C02535,26.7432,38.8901,60,1.000,27.0,0.000,0.000,0.000,0.000,0.000,0.000,0.000,0.000,1.000,0.000,0.000,0.000,0.000,0.000,0.000,0.000,0.000,Z06,1.000
C02536,C02536,26.7547,38.8901,60,1.000,27.0,0.000,0.000,0.000,0.000,0.000,0.000,0.000,0.000,1.000,0.000,0.000,0.000,0.000,0.000,0.000,0.000,0.000,Z06,1.000
C02537,C02537,26.7662,38.8901,60,1.000,30.0,0.000,0.000,0.000,0.000,0.000,0.000,0.000,0.000,1.000,0.000,0.000,0.000,0.000,0.000,0.000,0.000,0.000,Z06,1.000
C02538,C02538,26.7777,38.8901,60,1.000,30.0,0.000,0.000,0.000,0.000,0.000,0.000,0.000,0.000,1.000,0.000,0.000,0.000,0.000,0.000,0.000,0.000,0.000,Z06,1.000
C02539,C02539,26.7892,38.8901,60,1.000,30.0,0.000,0.000,0.000,0.000,0.000,0.000,0.000,0.000,1.000,0.000,0.000,0.000,0.000,0.000,0.000,0.000,0.000,Z06,1.000
C02540,C02540,26.8008,38.8901,60,1.000,30.0,0.000,0.000,0.000,0.000,0.000,0.000,0.000,0.000,1.000,0.000,0.000,0.000,0.000,0.000,0.000,0.000,0.000,Z06,1.000
C02541,C02541,26.8123,38.8901,60,1.000,33.0,0.000,0.000,0.000,0.000,0.000,0.000,0.000,0.000,1.000,0.000,0.000,0.000,0.000,0.000,0.000,0.000,0.000,Z06,1.000
C02542,C02542,26.8238,38.8901,60,1.000,33.0,0.000,0.000,0.000,0.000,0.000,0.000,0.000,0.000,1.000,0.000,0.000,0.000,0.000,0.000,0.000,0.000,0.000,Z06,1.000
C02543,C02543,26.8353,38.8901,60,1.000,33.0,0.000,0.000,0.000,0.000,0.000,0.000,0.000,0.000,1.000,0.000,0.000,0.000,0.000,0.000,0.000,0.000,0.000,Z06,1.000
C02544,C02544,26.8468,38.8901,60,1.000,36.0,0.000,0.000,0.000,0.000,0.000,0.000,0.000,0.000,1.000,0.000,0.000,0.000,0.000,0.000,0.000,0.000,0.000,Z06,1.000
C02545,C02545,26.8583,38.8901,60,1.000,36.0,0.000,0.000,0.000,0.000,0.000,0.000,0.000,0.000,1.000,0.000,0.000,0.000,0.000,0.000,0.000,0.000,0.000,Z06,1.000
C02546,C02546,26.8698,38.8901,60,1.000,42.0,0.000,0.000,0.000,0.000,0.000,0.000,0.000,0.000,0.967,0.000,0.017,0.000,0.000,0.017,0.000,0.000,0.000,Z06,0.967
C02547,C02547,26.8813,38.8901,60,1.000,43.5,0.000,0.000,0.000,0.000,0.000,0.000,0.000,0.000,0.867,0.000,0.117,0.000,0.000,0.017,0.000,0.000,0.000,Z06,0.867
C02548,C02548,26.8928,38.8901,60,1.000,34.5,0.000,0.000,0.000,0.000,0.000,0.000,0.000,0.000,0.550,0.000,0.250,0.000,0.000,0.200,0.000,0.000,0.000,Z06,0.550
C02549,C02549,26.9044,38.8901,60,1.000,21.0,0.000,0.000,0.000,0.000,0.017,0.000,0.000,0.050,0.383,0.000,0.267,0.000,0.000,0.283,0.000,0.000,0.000,Z06,0.383
C02550,C02550,26.9159,38.8901,60,1.000,18.0,0.000,0.000,0.000,0.000,0.033,0.000,0.000,0.033,0.233,0.000,0.283,0.000,0.000,0.417,0.000,0.000,0.000,Z10,0.417
C02551,C02551,26.9274,38.8901,60,1.000,18.0,0.000,0.000,0.000,0.000,0.050,0.000,0.000,0.067,0.150,0.000,0.267,0.000,0.000,0.467,0.000,0.000,0.000,Z10,0.467
C02552,C02552,26.9389,38.8901,60,1.000,18.0,0.000,0.000,0.000,0.000,0.033,0.000,0.000,0.000,0.017,0.000,0.450,0.000,0.000,0.500,0.000,0.000,0.000,Z10,0.500
C02553,C02553,26.9504,38.8901,60,1.000,18.0,0.000,0.000,0.000,0.000,0.000,0.000,0.000,0.000,0.000,0.000,0.400,0.000,0.000,0.600,0.000,0.000,0.000,Z10,0.600
C02554,C02554,26.9619,38.8901,60,1.000,18.0,0.000,0.000,0.000,0.000,0.000,0.000,0.000,0.000,0.000,0.000,0.400,0.000,0.000,0.600,0.000,0.000,0.000,Z10,0.600
C02555,C02555,26.9734,38.8901,60,1.000,18.0,0.000,0.000,0.000,0.000,0.000,0.000,0.000,0.000,0.000,0.000,0.500,0.000,0.000,0.500,0.000,0.000,0.000,Z07,0.500
C02556,C02556,26.9849,38.8901,60,1.000,18.0,0.000,0.000,0.000,0.000,0.000,0.000,0.000,0.000,0.000,0.000,0.450,0.000,0.000,0.550,0.000,0.000,0.000,Z10,0.550
C02557,C02557,26.9964,38.8901,60,1.000,18.0,0.000,0.000,0.000,0.000,0.000,0.000,0.000,0.000,0.000,0.000,0.150,0.000,0.000,0.850,0.000,0.000,0.000,Z10,0.850
C02558,C02558,27.0080,38.8901,60,1.000,15.0,0.000,0.000,0.000,0.000,0.000,0.000,0.000,0.000,0.000,0.000,0.050,0.000,0.000,0.950,0.000,0.000,0.000,Z10,0.950
C02559,C02559,27.0195,38.8901,60,1.000,12.0,0.000,0.000,0.000,0.000,0.000,0.000,0.000,0.000,0.000,0.000,0.000,0.000,0.000,1.000,0.000,0.000,0.000,Z10,1.000
C02560,C02560,27.0310,38.8901,60,1.000,9.0,0.000,0.000,0.000,0.000,0.000,0.000,0.000,0.000,0.000,0.000,0.000,0.000,0.000,1.000,0.000,0.000,0.000,Z10,1.000
C02561,C02561,27.0540,38.8901,60,1.000,9.0,0.000,0.000,0.000,0.000,0.000,0.000,0.000,0.000,0.000,0.000,0.000,0.000,0.000,1.000,0.000,0.000,0.000,Z10,1.000
C02562,C02562,26.3058,38.8991,60,0.833,91.5,0.000,0.000,0.000,0.000,0.000,0.000,0.000,0.000,0.000,0.000,0.000,0.017,0.000,0.000,0.000,0.000,0.983,Z12,0.983
C02563,C02563,26.3173,38.8991,60,0.817,93.0,0.000,0.000,0.000,0.000,0.000,0.000,0.000,0.000,0.000,0.000,0.000,0.033,0.000,0.000,0.000,0.000,0.967,Z12,0.967
C02564,C02564,26.3288,38.8991,60,0.700,93.0,0.000,0.000,0.000,0.000,0.000,0.000,0.000,0.000,0.000,0.017,0.000,0.000,0.000,0.000,0.000,0.000,0.983,Z12,0.983
C02565,C02565,26.3403,38.8991,60,0.683,93.0,0.000,0.000,0.000,0.000,0.000,0.000,0.000,0.000,0.000,0.000,0.000,0.000,0.000,0.000,0.000,0.000,1.000,Z12,1.000
C02566,C02566,26.3518,38.8991,60,0.733,99.0,0.000,0.000,0.000,0.000,0.000,0.000,0.000,0.000,0.000,0.033,0.000,0.050,0.000,0.000,0.000,0.000,0.917,Z12,0.917
C02567,C02567,26.3633,38.8991,60,0.717,99.0,0.000,0.000,0.000,0.000,0.000,0.000,0.000,0.000,0.000,0.033,0.000,0.017,0.000,0.000,0.000,0.000,0.950,Z12,0.950
C02568,C02568,26.3748,38.8991,60,0.717,108.0,0.000,0.000,0.000,0.000,0.000,0.000,0.000,0.000,0.000,0.017,0.000,0.017,0.000,0.000,0.000,0.000,0.967,Z12,0.967
C02569,C02569,26.3863,38.8991,60,0.850,108.0,0.000,0.000,0.000,0.000,0.000,0.000,0.000,0.000,0.000,0.067,0.000,0.067,0.000,0.000,0.000,0.000,0.867,Z12,0.867
C02570,C02570,26.3978,38.8991,60,0.867,100.5,0.000,0.000,0.000,0.000,0.000,0.000,0.000,0.000,0.000,0.050,0.000,0.083,0.000,0.000,0.000,0.000,0.867,Z12,0.867
C02571,C02571,26.4094,38.8991,60,0.883,102.0,0.000,0.000,0.000,0.000,0.000,0.000,0.000,0.000,0.000,0.017,0.000,0.117,0.000,0.000,0.000,0.000,0.867,Z12,0.867
C02572,C02572,26.4209,38.8991,60,0.900,102.0,0.000,0.000,0.000,0.000,0.000,0.000,0.000,0.000,0.000,0.033,0.000,0.100,0.000,0.000,0.000,0.000,0.867,Z12,0.867
C02573,C02573,26.4324,38.8991,60,0.933,99.0,0.000,0.000,0.000,0.000,0.000,0.000,0.000,0.000,0.000,0.000,0.000,0.033,0.000,0.000,0.000,0.000,0.967,Z12,0.967
C02574,C02574,26.4439,38.8991,60,0.917,99.0,0.000,0.000,0.000,0.000,0.000,0.000,0.000,0.000,0.000,0.033,0.000,0.050,0.000,0.000,0.000,0.000,0.917,Z12,0.917
C02575,C02575,26.4554,38.8991,60,0.933,93.0,0.000,0.000,0.000,0.000,0.000,0.000,0.000,0.000,0.000,0.000,0.000,0.050,0.000,0.000,0.000,0.000,0.950,Z12,0.950
C02576,C02576,26.4669,38.8991,60,0.967,87.0,0.000,0.000,0.000,0.000,0.000,0.000,0.000,0.000,0.000,0.000,0.000,0.100,0.000,0.000,0.000,0.000,0.900,Z12,0.900
C02577,C02577,26.4784,38.8991,60,0.950,84.0,0.000,0.000,0.000,0.000,0.000,0.000,0.000,0.000,0.000,0.000,0.000,0.050,0.000,0.000,0.000,0.000,0.950,Z12,0.950
C02578,C02578,26.4899,38.8991,60,0.967,84.0,0.000,0.000,0.000,0.000,0.000,0.000,0.000,0.000,0.000,0.000,0.000,0.083,0.000,0.000,0.000,0.000,0.917,Z12,0.917
C02579,C02579,26.5015,38.8991,60,0.967,78.0,0.000,0.000,0.000,0.000,0.000,0.000,0.000,0.000,0.000,0.000,0.000,0.100,0.000,0.000,0.000,0.000,0.900,Z12,0.900
C02580,C02580,26.5130,38.8991,60,0.983,75.0,0.000,0.000,0.000,0.000,0.000,0.000,0.000,0.000,0.000,0.000,0.000,0.033,0.000,0.000,0.000,0.000,0.967,Z12,0.967
C02581,C02581,26.5245,38.8991,60,0.983,72.0,0.000,0.000,0.000,0.000,0.000,0.000,0.000,0.000,0.000,0.000,0.000,0.033,0.000,0.000,0.000,0.000,0.967,Z12,0.967
C02582,C02582,26.5360,38.8991,60,0.967,69.0,0.000,0.000,0.000,0.000,0.000,0.000,0.000,0.000,0.000,0.000,0.000,0.000,0.000,0.000,0.000,0.000,1.000,Z12,1.000
C02583,C02583,26.5475,38.8991,60,1.000,66.0,0.000,0.000,0.000,0.000,0.000,0.000,0.000,0.000,0.000,0.000,0.000,0.033,0.000,0.000,0.000,0.000,0.967,Z12,0.967
C02584,C02584,26.5590,38.8991,60,1.000,60.0,0.000,0.000,0.000,0.000,0.000,0.000,0.000,0.000,0.000,0.000,0.000,0.017,0.000,0.000,0.000,0.000,0.983,Z12,0.983
C02585,C02585,26.5705,38.8991,60,1.000,58.5,0.000,0.000,0.000,0.000,0.000,0.000,0.000,0.000,0.000,0.083,0.000,0.083,0.000,0.000,0.000,0.000,0.833,Z12,0.833
C02586,C02586,26.5820,38.8991,60,1.000,54.0,0.000,0.000,0.000,0.000,0.000,0.000,0.000,0.000,0.017,0.117,0.000,0.167,0.000,0.000,0.000,0.000,0.700,Z12,0.700
C02587,C02587,26.5935,38.8991,60,1.000,51.0,0.000,0.000,0.000,0.000,0.000,0.000,0.000,0.000,0.050,0.133,0.000,0.100,0.000,0.000,0.000,0.000,0.717,Z12,0.717
C02588,C02588,26.6051,38.8991,60,1.000,45.0,0.000,0.000,0.000,0.000,0.000,0.000,0.000,0.000,0.083,0.117,0.000,0.167,0.000,0.000,0.000,0.000,0.633,Z12,0.633
C02589,C02589,26.6166,38.8991,60,1.000,34.5,0.000,0.000,0.000,0.000,0.000,0.000,0.000,0.000,0.067,0.250,0.000,0.150,0.000,0.000,0.000,0.000,0.533,Z12,0.533
C02590,C02590,26.6281,38.8991,60,1.000,33.0,0.000,0.000,0.000,0.000,0.000,0.000,0.000,0.000,0.167,0.233,0.000,0.167,0.000,0.000,0.000,0.000,0.433,Z12,0.433
C02591,C02591,26.6396,38.8991,60,1.000,33.0,0.000,0.000,0.000,0.000,0.000,0.000,0.000,0.000,0.350,0.400,0.000,0.117,0.000,0.000,0.000,0.000,0.133,Z16,0.400
C02592,C02592,26.6511,38.8991,60,1.000,25.5,0.000,0.000,0.000,0.000,0.000,0.000,0.000,0.000,0.450,0.350,0.000,0.117,0.000,0.000,0.000,0.000,0.083,Z06,0.450
C02593,C02593,26.6626,38.8991,60,1.000,21.0,0.000,0.000,0.000,0.000,0.000,0.000,0.000,0.000,0.617,0.367,0.000,0.017,0.000,0.000,0.000,0.000,0.000,Z06,0.617
C02594,C02594,26.6741,38.8991,60,1.000,21.0,0.000,0.000,0.000,0.000,0.000,0.000,0.000,0.000,0.817,0.183,0.000,0.000,0.000,0.000,0.000,0.000,0.000,Z06,0.817
C02595,C02595,26.6856,38.8991,60,1.000,24.0,0.000,0.000,0.000,0.000,0.000,0.000,0.000,0.000,0.917,0.083,0.000,0.000,0.000,0.000,0.000,0.000,0.000,Z06,0.917
C02596,C02596,26.6971,38.8991,60,1.000,24.0,0.000,0.000,0.000,0.000,0.000,0.000,0.000,0.000,0.967,0.033,0.000,0.000,0.000,0.000,0.000,0.000,0.000,Z06,0.967
C02597,C02597,26.7087,38.8991,60,1.000,24.0,0.000,0.000,0.000,0.000,0.000,0.000,0.000,0.000,1.000,0.000,0.000,0.000,0.000,0.000,0.000,0.000,0.000,Z06,1.000
C02598,C02598,26.7202,38.8991,60,1.000,27.0,0.000,0.000,0.000,0.000,0.000,0.000,0.000,0.000,1.000,0.000,0.000,0.000,0.000,0.000,0.000,0.000,0.000,Z06,1.000
C02599,C02599,26.7317,38.8991,60,1.000,27.0,0.000,0.000,0.000,0.000,0.000,0.000,0.000,0.000,1.000,0.000,0.000,0.000,0.000,0.000,0.000,0.000,0.000,Z06,1.000
C02600,C02600,26.7432,38.8991,60,1.000,27.0,0.000,0.000,0.000,0.000,0.000,0.000,0.000,0.000,1.000,0.000,0.000,0.000,0.000,0.000,0.000,0.000,0.000,Z06,1.000
C02601,C02601,26.7547,38.8991,60,1.000,30.0,0.000,0.000,0.000,0.000,0.000,0.000,0.000,0.000,1.000,0.000,0.000,0.000,0.000,0.000,0.000,0.000,0.000,Z06,1.000
C02602,C02602,26.7662,38.8991,60,1.000,30.0,0.000,0.000,0.000,0.000,0.000,0.000,0.000,0.000,1.000,0.000,0.000,0.000,0.000,0.000,0.000,0.000,0.000,Z06,1.000
C02603,C02603,26.7777,38.8991,60,1.000,30.0,0.000,0.000,0.000,0.000,0.000,0.000,0.000,0.000,1.000,0.000,0.000,0.000,0.000,0.000,0.000,0.000,0.000,Z06,1.000
C02604,C02604,26.7892,38.8991,60,1.000,30.0,0.000,0.000,0.000,0.000,0.000,0.000,0.000,0.000,1.000,0.000,0.000,0.000,0.000,0.000,0.000,0.000,0.000,Z06,1.000
C02605,C02605,26.8008,38.8991,60,1.000,30.0,0.000,0.000,0.000,0.000,0.000,0.000,0.000,0.000,1.000,0.000,0.000,0.000,0.000,0.000,0.000,0.000,0.000,Z06,1.000
C02606,C02606,26.8123,38.8991,60,1.000,33.0,0.000,0.000,0.000,0.000,0.000,0.000,0.000,0.000,1.000,0.000,0.000,0.000,0.000,0.000,0.000,0.000,0.000,Z06,1.000
C02607,C02607,26.8238,38.8991,60,1.000,33.0,0.000,0.000,0.000,0.000,0.000,0.000,0.000,0.000,1.000,0.000,0.000,0.000,0.000,0.000,0.000,0.000,0.000,Z06,1.000
C02608,C02608,26.8353,38.8991,60,1.000,33.0,0.000,0.000,0.000,0.000,0.000,0.000,0.000,0.000,0.967,0.000,0.000,0.000,0.000,0.033,0.000,0.000,0.000,Z06,0.967
C02609,C02609,26.8468,38.8991,60,1.000,33.0,0.000,0.000,0.000,0.000,0.000,0.000,0.000,0.000,0.983,0.000,0.000,0.000,0.000,0.017,0.000,0.000,0.000,Z06,0.983
C02610,C02610,26.8583,38.8991,60,1.000,39.0,0.000,0.000,0.000,0.000,0.000,0.000,0.000,0.000,1.000,0.000,0.000,0.000,0.000,0.000,0.000,0.000,0.000,Z06,1.000
C02611,C02611,26.8698,38.8991,60,1.000,45.0,0.000,0.000,0.000,0.000,0.000,0.000,0.000,0.000,1.000,0.000,0.000,0.000,0.000,0.000,0.000,0.000,0.000,Z06,1.000
C02612,C02612,26.8813,38.8991,60,1.000,48.0,0.000,0.000,0.000,0.000,0.000,0.000,0.000,0.000,0.933,0.000,0.067,0.000,0.000,0.000,0.000,0.000,0.000,Z06,0.933
C02613,C02613,26.8928,38.8991,60,1.000,45.0,0.000,0.000,0.000,0.000,0.000,0.000,0.000,0.000,0.800,0.000,0.117,0.000,0.000,0.083,0.000,0.000,0.000,Z06,0.800
C02614,C02614,26.9044,38.8991,60,1.000,37.5,0.000,0.000,0.000,0.000,0.033,0.000,0.000,0.017,0.500,0.000,0.167,0.000,0.000,0.283,0.000,0.000,0.000,Z06,0.500
C02615,C02615,26.9159,38.8991,60,1.000,21.0,0.000,0.000,0.000,0.000,0.017,0.000,0.000,0.100,0.250,0.000,0.267,0.000,0.000,0.367,0.000,0.000,0.000,Z10,0.367
C02616,C02616,26.9274,38.8991,60,1.000,21.0,0.000,0.000,0.000,0.000,0.017,0.000,0.000,0.033,0.217,0.000,0.317,0.000,0.000,0.417,0.000,0.000,0.000,Z10,0.417
C02617,C02617,26.9389,38.8991,60,1.000,21.0,0.000,0.000,0.000,0.000,0.033,0.000,0.000,0.017,0.083,0.000,0.400,0.000,0.000,0.467,0.000,0.000,0.000,Z10,0.467
C02618,C02618,26.9504,38.8991,60,1.000,19.5,0.000,0.000,0.000,0.000,0.000,0.000,0.000,0.017,0.000,0.000,0.283,0.000,0.000,0.700,0.000,0.000,0.000,Z10,0.700
C02619,C02619,26.9619,38.8991,60,1.000,18.0,0.000,0.000,0.000,0.000,0.000,0.000,0.000,0.000,0.000,0.000,0.350,0.000,0.000,0.650,0.000,0.000,0.000,Z10,0.650
C02620,C02620,26.9734,38.8991,60,1.000,18.0,0.000,0.000,0.000,0.000,0.000,0.000,0.000,0.000,0.000,0.000,0.417,0.000,0.000,0.583,0.000,0.000,0.000,Z10,0.583
C02621,C02621,26.9849,38.8991,60,1.000,21.0,0.000,0.000,0.000,0.000,0.000,0.000,0.000,0.000,0.000,0.000,0.317,0.000,0.000,0.683,0.000,0.000,0.000,Z10,0.683
C02622,C02622,26.9964,38.8991,60,1.000,18.0,0.000,0.000,0.000,0.000,0.000,0.000,0.000,0.000,0.000,0.000,0.200,0.000,0.000,0.800,0.000,0.000,0.000,Z10,0.800
C02623,C02623,27.0080,38.8991,60,1.000,15.0,0.000,0.000,0.000,0.000,0.000,0.000,0.000,0.000,0.000,0.000,0.133,0.000,0.000,0.867,0.000,0.000,0.000,Z10,0.867
C02624,C02624,27.0195,38.8991,60,1.000,15.0,0.000,0.000,0.000,0.000,0.000,0.000,0.000,0.000,0.000,0.000,0.000,0.000,0.000,1.000,0.000,0.000,0.000,Z10,1.000
C02625,C02625,27.0310,38.8991,60,1.000,12.0,0.000,0.000,0.000,0.000,0.000,0.000,0.000,0.000,0.000,0.000,0.000,0.000,0.000,1.000,0.000,0.000,0.000,Z10,1.000
C02626,C02626,27.0425,38.8991,60,1.000,6.0,0.000,0.000,0.000,0.000,0.000,0.000,0.000,0.000,0.000,0.000,0.000,0.000,0.000,1.000,0.000,0.000,0.000,Z10,1.000
