{"type":"FeatureCollection","features":[{"type":"Feature","geometry":{"type":"LineString","coordinates":[[26.36,38.3078],[26.36,38.3088],[26.3588,38.3098],[26.3588,38.3108],[26.3575,38.3108],[26.3575,38.3118],[26.3562,38.3118],[26.355,38.3118],[26.355,38.3128],[26.3538,38.3128],[26.3538,38.3137],[26.3525,38.3137],[26.3513,38.3137],[26.35,38.3137],[26.35,38.3147],[26.3487,38.3147],[26.3487,38.3157],[26.3475,38.3157],[26.3475,38.3167],[26.3463,38.3167],[26.3463,38.3177],[26.345,38.3177],[26.345,38.3186],[26.3438,38.3186],[26.3438,38.3196],[26.3438,38.3206],[26.3438,38.3216],[26.3438,38.3226],[26.3438,38.3235],[26.3438,38.3245],[26.3438,38.3255],[26.3438,38.3265],[26.3438,38.3275],[26.3438,38.3284],[26.3425,38.3284],[26.3425,38.3294],[26.3425,38.3304],[26.3412,38.3304],[26.3412,38.3294],[26.3412,38.3284],[26.3412,38.3275],[26.3412,38.3265],[26.34,38.3265],[26.34,38.3255],[26.34,38.3245],[26.34,38.3235],[26.3387,38.3235],[26.3387,38.3226],[26.3375,38.3226],[26.335,38.3216],[26.3325,38.3216],[26.3325,38.3235],[26.3313,38.3235],[26.33,38.3235],[26.33,38.3245],[26.3287,38.3245],[26.3275,38.3245],[26.3263,38.3255],[26.325,38.3255],[26.3225,38.3255],[26.32,38.3255],[26.32,38.3275],[26.3175,38.3275],[26.3175,38.3294],[26.3188,38.3314],[26.3175,38.3314],[26.3175,38.3324],[26.3175,38.3333],[26.3163,38.3333],[26.3163,38.3343],[26.315,38.3343],[26.315,38.3353],[26.3137,38.3353],[26.3125,38.3353],[26.3125,38.3363],[26.3125,38.3373],[26.3125,38.3382],[26.3137,38.3382],[26.315,38.3382],[26.315,38.3392],[26.3163,38.3392],[26.3163,38.3402],[26.3163,38.3412],[26.3163,38.3422],[26.3163,38.3432],[26.315,38.3432],[26.315,38.3441],[26.315,38.3451],[26.3163,38.3451],[26.3175,38.3451],[26.3188,38.3451],[26.32,38.3451],[26.3212,38.3451],[26.3212,38.3461],[26.3212,38.3471],[26.3212,38.3481],[26.3212,38.349],[26.3225,38.349],[26.3225,38.35],[26.3225,38.351],[26.3225,38.352],[26.3225,38.353],[26.3225,38.3539],[26.3212,38.3539],[26.3212,38.3549],[26.32,38.3549],[26.32,38.3559],[26.3188,38.3559],[26.3188,38.3549],[26.3175,38.3549],[26.315,38.3549],[26.315,38.3569],[26.3175,38.3579],[26.3175,38.3588],[26.3175,38.3598],[26.315,38.3608],[26.3125,38.3608],[26.3125,38.3628],[26.3137,38.3647],[26.3137,38.3657],[26.3137,38.3667],[26.315,38.3667],[26.315,38.3677],[26.315,38.3686],[26.315,38.3696],[26.315,38.3706],[26.315,38.3716],[26.315,38.3726],[26.315,38.3735],[26.315,38.3745],[26.3137,38.3745],[26.3125,38.3745],[26.3113,38.3745],[26.31,38.3745],[26.31,38.3735],[26.31,38.3726],[26.31,38.3716],[26.31,38.3706],[26.3087,38.3706],[26.3087,38.3696],[26.3087,38.3686],[26.3087,38.3677],[26.3075,38.3677],[26.3075,38.3667],[26.3063,38.3667],[26.3063,38.3657],[26.305,38.3657],[26.305,38.3647],[26.3038,38.3647],[26.3038,38.3637],[26.3038,38.3628],[26.3025,38.3628],[26.3025,38.3618],[26.3025,38.3608],[26.3025,38.3598],[26.3025,38.3588],[26.3025,38.3579],[26.305,38.3569],[26.305,38.3549],[26.305,38.353],[26.3025,38.353],[26.3,38.353],[26.3,38.3549],[26.3,38.3569],[26.3,38.3579],[26.3,38.3588],[26.3,38.3598],[26.3,38.3608],[26.3,38.3618],[26.3,38.3628],[26.3,38.3637],[26.3,38.3647],[26.3,38.3657],[26.3,38.3667],[26.3,38.3677],[26.3,38.3686],[26.3,38.3696],[26.3,38.3706],[26.3,38.3716],[26.3,38.3726],[26.3,38.3735],[26.3,38.3745],[26.3,38.3755],[26.3,38.3765],[26.3,38.3775],[26.3,38.3784],[26.3,38.3794],[26.3,38.3804],[26.3,38.3824],[26.3,38.3843],[26.3,38.3863],[26.3,38.3882],[26.3,38.3902],[26.3,38.3922],[26.3,38.3941],[26.3,38.3961],[26.3,38.398],[26.3,38.4],[26.3,38.402],[26.3,38.4039],[26.3,38.4059],[26.3,38.4068],[26.3,38.4078],[26.3,38.4088],[26.3,38.4098],[26.3,38.4108],[26.3,38.4117],[26.3,38.4127],[26.3,38.4137],[26.3,38.4147],[26.3,38.4157],[26.3,38.4166],[26.3,38.4176],[26.3,38.4186],[26.3,38.4196],[26.3,38.4206],[26.3,38.4215],[26.3,38.4235],[26.3,38.4255],[26.3,38.4264],[26.3,38.4274],[26.3,38.4294],[26.3,38.4313],[26.3,38.4333],[26.3,38.4353],[26.3,38.4372],[26.3,38.4392],[26.3,38.4411],[26.3,38.4431],[26.3,38.445],[26.3,38.447],[26.3,38.449],[26.3,38.4509],[26.3,38.4529],[26.3,38.4568],[26.3,38.4607],[26.3,38.4646],[26.3,38.4685],[26.3,38.4724],[26.3,38.4744],[26.3,38.4764],[26.3,38.4783],[26.3,38.4803],[26.3,38.4822],[26.3,38.4842],[26.3,38.4861],[26.3,38.4881],[26.3,38.4901],[26.3,38.492],[26.3,38.494],[26.3,38.4959],[26.3,38.4979],[26.3,38.4998],[26.3,38.5018],[26.3,38.5038],[26.3,38.5057],[26.3,38.5077],[26.3,38.5096],[26.3,38.5116],[26.3,38.5135],[26.3,38.5155],[26.3,38.5175],[26.3,38.5194],[26.3,38.5214],[26.3,38.5233],[26.3,38.5272],[26.3,38.5311],[26.3,38.5351],[26.3,38.539],[26.3,38.5429],[26.3,38.5468],[26.3,38.5507],[26.3,38.5546],[26.3,38.5585],[26.3,38.5624],[26.3,38.5663],[26.3,38.5702],[26.3,38.5742],[26.3,38.5781],[26.3,38.582],[26.3,38.5859],[26.3,38.5898],[26.3,38.5937],[26.3,38.5976],[26.3,38.6015],[26.3,38.6054],[26.3,38.6093],[26.3,38.6132],[26.3,38.6171],[26.3,38.6211],[26.3,38.625],[26.3,38.6289],[26.3,38.6328],[26.3,38.6367],[26.3,38.6406],[26.3,38.6445],[26.3,38.6484],[26.3,38.6523],[26.3,38.6562],[26.3,38.6601],[26.3,38.664],[26.3,38.6679],[26.3,38.6718],[26.3,38.6757],[26.3,38.6796],[26.3,38.6835],[26.3,38.6874],[26.3,38.6913],[26.3,38.6952],[26.3,38.6991],[26.3,38.703],[26.3,38.7069],[26.3,38.7108],[26.3,38.7147],[26.3,38.7187],[26.3,38.7226],[26.3,38.7265],[26.3,38.7304],[26.3,38.7343],[26.3,38.7382],[26.3,38.7421],[26.3,38.746],[26.3,38.7499],[26.3,38.7538],[26.3,38.7577],[26.3,38.7616],[26.3,38.7655],[26.3,38.7693],[26.3,38.7732],[26.3,38.7771],[26.3,38.781],[26.3,38.7849],[26.3,38.7888],[26.3,38.7927],[26.3,38.7966],[26.3,38.8005],[26.3,38.8044],[26.3,38.8083],[26.3,38.8122],[26.3,38.8161],[26.3,38.82],[26.3,38.8239],[26.3,38.8278],[26.3,38.8317],[26.3,38.8356],[26.3,38.8395],[26.3,38.8434],[26.3,38.8473],[26.3,38.8512],[26.3,38.8551],[26.3,38.859],[26.3,38.8629],[26.3,38.8667],[26.3,38.8706],[26.3,38.8745],[26.3,38.8784],[26.3,38.8823],[26.3,38.8862],[26.3,38.8901],[26.3,38.894],[26.3,38.8979],[26.3,38.9018],[26.305,38.9018],[26.31,38.9018],[26.315,38.9018],[26.32,38.9018],[26.325,38.9018],[26.33,38.9018],[26.335,38.9018],[26.34,38.9018],[26.345,38.9018],[26.35,38.9018],[26.355,38.9018],[26.36,38.9018],[26.365,38.9018],[26.37,38.9018],[26.375,38.9018],[26.38,38.9018],[26.385,38.9018],[26.39,38.9018],[26.395,38.9018],[26.4,38.9018],[26.405,38.9018],[26.41,38.9018],[26.415,38.9018],[26.42,38.9018],[26.425,38.9018],[26.43,38.9018],[26.435,38.9018],[26.44,38.9018],[26.445,38.9018],[26.45,38.9018],[26.455,38.9018],[26.46,38.9018],[26.465,38.9018],[26.47,38.9018],[26.475,38.9018],[26.48,38.9018],[26.485,38.9018],[26.49,38.9018],[26.495,38.9018],[26.5,38.9018],[26.505,38.9018],[26.51,38.9018],[26.515,38.9018],[26.52,38.9018],[26.525,38.9018],[26.53,38.9018],[26.535,38.9018],[26.54,38.9018],[26.545,38.9018],[26.55,38.9018],[26.555,38.9018],[26.56,38.9018],[26.565,38.9018],[26.57,38.9018],[26.575,38.9018],[26.58,38.9018],[26.585,38.9018],[26.59,38.9018],[26.595,38.9018],[26.6,38.9018],[26.605,38.9018],[26.61,38.9018],[26.615,38.9018],[26.62,38.9018],[26.625,38.9018],[26.63,38.9018],[26.635,38.9018],[26.64,38.9018],[26.645,38.9018],[26.65,38.9018],[26.655,38.9018],[26.66,38.9018],[26.665,38.9018],[26.67,38.9018],[26.675,38.9018],[26.68,38.9018],[26.685,38.9018],[26.69,38.9018],[26.695,38.9018],[26.7,38.9018],[26.705,38.9018],[26.71,38.9018],[26.715,38.9018],[26.72,38.9018],[26.725,38.9018],[26.73,38.9018],[26.735,38.9018],[26.74,38.9018],[26.745,38.9018],[26.75,38.9018],[26.755,38.9018],[26.76,38.9018],[26.765,38.9018],[26.77,38.9018],[26.775,38.9018],[26.78,38.9018],[26.785,38.9018],[26.79,38.9018],[26.795,38.9018],[26.8,38.9018],[26.805,38.9018],[26.81,38.9018],[26.815,38.9018],[26.8175,38.9018],[26.82,38.9018],[26.8225,38.9018],[26.825,38.9018],[26.8275,38.9018],[26.83,38.9018],[26.8325,38.9018],[26.835,38.9018],[26.8375,38.9018],[26.84,38.9018],[26.8425,38.9018],[26.845,38.9018],[26.8475,38.9018],[26.85,38.9018],[26.8525,38.9018],[26.855,38.9018],[26.8575,38.9018],[26.86,38.9018],[26.865,38.9018],[26.87,38.9018],[26.875,38.9018],[26.88,38.9018],[26.885,38.9018],[26.89,38.9018],[26.8925,38.9018],[26.895,38.9018],[26.8975,38.9018],[26.9,38.9018],[26.9025,38.9018],[26.905,38.9018],[26.9075,38.9018],[26.91,38.9018],[26.9125,38.9018],[26.915,38.9018],[26.9175,38.9018],[26.92,38.9018],[26.9225,38.9018],[26.925,38.9018],[26.9275,38.9018],[26.93,38.9018],[26.9325,38.9018],[26.935,38.9018],[26.94,38.9018],[26.945,38.9018],[26.95,38.9018],[26.955,38.9018],[26.96,38.9018],[26.965,38.9018],[26.9675,38.9018],[26.97,38.9018],[26.9725,38.9018],[26.975,38.9018],[26.9775,38.9018],[26.98,38.9018],[26.9825,38.9018],[26.985,38.9018],[26.9875,38.9018],[26.99,38.9018],[26.9925,38.9018],[26.995,38.9018],[26.9975,38.9018],[27.0,38.9018],[27.0025,38.9018],[27.005,38.9018],[27.0075,38.9018],[27.01,38.9018],[27.0125,38.9018],[27.015,38.9018],[27.0175,38.9018],[27.02,38.9018],[27.0225,38.9018],[27.025,38.9018],[27.0275,38.9018],[27.03,38.9018],[27.0312,38.9018],[27.0325,38.9018],[27.0338,38.9018],[27.035,38.9018],[27.0363,38.9018],[27.0375,38.9018],[27.0387,38.9018],[27.04,38.9018],[27.0413,38.9018],[27.0425,38.9018],[27.0437,38.9018],[27.045,38.9018],[27.045,38.9008],[27.0437,38.9008],[27.0437,38.8998],[27.0425,38.8998],[27.0425,38.8989],[27.0425,38.8979],[27.0413,38.8979],[27.04,38.8979],[27.04,38.8969],[27.0387,38.8969],[27.0387,38.8959],[27.0387,38.895],[27.0387,38.894],[27.0387,38.893],[27.04,38.893],[27.0413,38.893],[27.0425,38.893],[27.0437,38.893],[27.0437,38.892],[27.045,38.892],[27.045,38.8911],[27.0463,38.8911],[27.0463,38.892],[27.0475,38.892],[27.0475,38.893],[27.0487,38.893],[27.05,38.893],[27.0512,38.893],[27.0525,38.893],[27.0538,38.893],[27.055,38.893],[27.0562,38.893],[27.0562,38.892],[27.0575,38.892],[27.0575,38.8911],[27.0587,38.8911],[27.0587,38.8901],[27.06,38.8901],[27.06,38.8891],[27.0613,38.8891],[27.0613,38.8882],[27.0625,38.8882],[27.0625,38.8872],[27.0625,38.8862],[27.065,38.8862],[27.0637,38.8843],[27.065,38.8843],[27.065,38.8833],[27.065,38.8823],[27.065,38.8813],[27.0663,38.8813],[27.0663,38.8804],[27.0663,38.8794],[27.0663,38.8784],[27.0675,38.8765],[27.065,38.8774],[27.065,38.8784],[27.0637,38.8784],[27.0625,38.8784],[27.0625,38.8774],[27.0613,38.8774],[27.0613,38.8765],[27.0625,38.8765],[27.0625,38.8755],[27.0625,38.8745],[27.0637,38.8745],[27.0637,38.8736],[27.0637,38.8726],[27.0637,38.8716],[27.065,38.8716],[27.065,38.8706],[27.065,38.8697],[27.0637,38.8697],[27.0637,38.8687],[27.0625,38.8687],[27.0625,38.8677],[27.0625,38.8667],[27.0613,38.8667],[27.0613,38.8658],[27.06,38.8658],[27.0587,38.8658],[27.0575,38.8658],[27.0575,38.8667],[27.0575,38.8677],[27.0575,38.8687],[27.0562,38.8687],[27.055,38.8687],[27.0538,38.8687],[27.0525,38.8687],[27.0525,38.8677],[27.0525,38.8667],[27.0512,38.8667],[27.05,38.8667],[27.0487,38.8667],[27.0487,38.8677],[27.0475,38.8677],[27.0463,38.8677],[27.045,38.8677],[27.045,38.8667],[27.0437,38.8667],[27.0437,38.8658],[27.0437,38.8648],[27.0425,38.8648],[27.0425,38.8638],[27.0413,38.8638],[27.0413,38.8629],[27.04,38.8629],[27.0387,38.8629],[27.0387,38.8619],[27.0375,38.8619],[27.0375,38.8609],[27.0375,38.8599],[27.0375,38.859],[27.0375,38.857],[27.035,38.857],[27.0325,38.857],[27.0325,38.859],[27.03,38.859],[27.0287,38.859],[27.0275,38.859],[27.025,38.859],[27.0225,38.859],[27.0225,38.8609],[27.02,38.8609],[27.02,38.8629],[27.0225,38.8638],[27.0225,38.8648],[27.0225,38.8658],[27.0225,38.8667],[27.0237,38.8667],[27.0237,38.8677],[27.0237,38.8687],[27.025,38.8687],[27.025,38.8697],[27.0262,38.8697],[27.0275,38.8697],[27.0275,38.8706],[27.0275,38.8716],[27.0262,38.8716],[27.025,38.8716],[27.025,38.8706],[27.0237,38.8706],[27.0237,38.8697],[27.0225,38.8697],[27.0225,38.8687],[27.0212,38.8687],[27.02,38.8687],[27.02,38.8677],[27.0188,38.8677],[27.0175,38.8677],[27.0175,38.8667],[27.0162,38.8667],[27.0162,38.8658],[27.015,38.8658],[27.0137,38.8658],[27.0125,38.8658],[27.0113,38.8658],[27.01,38.8658],[27.0087,38.8658],[27.0087,38.8648],[27.0087,38.8638],[27.0087,38.8629],[27.0075,38.8629],[27.0075,38.8619],[27.0075,38.8609],[27.0063,38.8609],[27.0063,38.8599],[27.0063,38.859],[27.0063,38.858],[27.0063,38.857],[27.005,38.857],[27.0038,38.857],[27.0025,38.857],[27.0025,38.856],[27.0013,38.856],[27.0,38.856],[26.9988,38.856],[26.9975,38.856],[26.9962,38.856],[26.995,38.856],[26.9937,38.856],[26.9925,38.856],[26.9913,38.856],[26.99,38.856],[26.99,38.8551],[26.9887,38.8551],[26.9875,38.8551],[26.9875,38.8541],[26.9875,38.8531],[26.9875,38.8521],[26.9875,38.8512],[26.9887,38.8512],[26.99,38.8492],[26.99,38.8473],[26.9875,38.8473],[26.985,38.8473],[26.9837,38.8473],[26.9837,38.8482],[26.9825,38.8482],[26.9813,38.8482],[26.98,38.8482],[26.98,38.8492],[26.9787,38.8492],[26.9787,38.8482],[26.9775,38.8482],[26.9763,38.8482],[26.9763,38.8473],[26.9763,38.8463],[26.9763,38.8453],[26.9763,38.8444],[26.975,38.8444],[26.9737,38.8444],[26.9737,38.8453],[26.9725,38.8453],[26.9713,38.8453],[26.97,38.8453],[26.9688,38.8453],[26.9688,38.8444],[26.9688,38.8434],[26.9688,38.8424],[26.9688,38.8414],[26.9675,38.8414],[26.9675,38.8405],[26.9675,38.8395],[26.9675,38.8385],[26.9662,38.8385],[26.9662,38.8375],[26.9662,38.8366],[26.9662,38.8356],[26.965,38.8356],[26.965,38.8346],[26.9638,38.8346],[26.9638,38.8336],[26.9638,38.8327],[26.9625,38.8327],[26.9625,38.8317],[26.9625,38.8307],[26.9625,38.8297],[26.9638,38.8297],[26.965,38.8297],[26.965,38.8307],[26.9662,38.8307],[26.9675,38.8307],[26.9688,38.8307],[26.97,38.8307],[26.9713,38.8307],[26.9713,38.8297],[26.9725,38.8297],[26.9737,38.8297],[26.975,38.8297],[26.9763,38.8297],[26.9775,38.8297],[26.9775,38.8288],[26.9787,38.8288],[26.98,38.8288],[26.9813,38.8288],[26.9813,38.8278],[26.9825,38.8278],[26.9825,38.8268],[26.9837,38.8268],[26.9837,38.8259],[26.9837,38.8249],[26.9837,38.8239],[26.9837,38.8229],[26.9837,38.822],[26.9837,38.821],[26.9837,38.82],[26.9837,38.819],[26.9825,38.819],[26.9825,38.8181],[26.9825,38.8171],[26.9813,38.8171],[26.9813,38.8161],[26.9813,38.8151],[26.98,38.8151],[26.98,38.8142],[26.98,38.8132],[26.98,38.8122],[26.98,38.8112],[26.9787,38.8112],[26.9787,38.8103],[26.9787,38.8093],[26.9787,38.8083],[26.9775,38.8083],[26.9775,38.8064],[26.975,38.8054],[26.975,38.8044],[26.9737,38.8044],[26.9725,38.8044],[26.9713,38.8044],[26.97,38.8044],[26.9688,38.8044],[26.9675,38.8044],[26.9662,38.8044],[26.9662,38.8035],[26.965,38.8035],[26.9638,38.8035],[26.9625,38.8035],[26.9625,38.8025],[26.9612,38.8025],[26.96,38.8025],[26.9587,38.8025],[26.9575,38.8025],[26.9562,38.8025],[26.955,38.8025],[26.9525,38.8025],[26.95,38.8025],[26.95,38.8044],[26.9475,38.8044],[26.945,38.8044],[26.945,38.8064],[26.9425,38.8064],[26.9425,38.8083],[26.9425,38.8103],[26.9425,38.8122],[26.9425,38.8132],[26.9425,38.8142],[26.9425,38.8151],[26.9425,38.8161],[26.9425,38.8171],[26.9425,38.8181],[26.9425,38.819],[26.9438,38.819],[26.9438,38.82],[26.9438,38.821],[26.9438,38.822],[26.945,38.822],[26.945,38.8229],[26.945,38.8239],[26.945,38.8249],[26.945,38.8259],[26.945,38.8268],[26.9463,38.8268],[26.9463,38.8278],[26.9463,38.8288],[26.9463,38.8297],[26.945,38.8297],[26.945,38.8307],[26.945,38.8317],[26.945,38.8327],[26.945,38.8336],[26.9438,38.8336],[26.9438,38.8346],[26.9425,38.8346],[26.9413,38.8346],[26.9413,38.8336],[26.94,38.8336],[26.9387,38.8336],[26.9375,38.8336],[26.9375,38.8327],[26.9375,38.8317],[26.9363,38.8317],[26.9363,38.8307],[26.9363,38.8297],[26.935,38.8297],[26.9337,38.8297],[26.9337,38.8288],[26.9325,38.8288],[26.9312,38.8288],[26.9312,38.8278],[26.93,38.8278],[26.9288,38.8278],[26.9275,38.8278],[26.9275,38.8268],[26.9262,38.8268],[26.925,38.8268],[26.925,38.8259],[26.9237,38.8259],[26.9237,38.8249],[26.9225,38.8249],[26.9213,38.8249],[26.9213,38.8239],[26.9213,38.8229],[26.92,38.8229],[26.92,38.822],[26.9187,38.822],[26.9187,38.821],[26.9187,38.82],[26.9175,38.82],[26.9175,38.819],[26.9175,38.8181],[26.9163,38.8181],[26.9163,38.8171],[26.915,38.8171],[26.915,38.8161],[26.9138,38.8161],[26.9125,38.8161],[26.9112,38.8161],[26.9112,38.8171],[26.91,38.8171],[26.9088,38.8171],[26.9075,38.8171],[26.9075,38.8181],[26.9062,38.8181],[26.905,38.8181],[26.905,38.819],[26.9037,38.819],[26.9037,38.82],[26.9025,38.82],[26.9013,38.82],[26.9013,38.821],[26.9,38.821],[26.9,38.822],[26.8987,38.822],[26.8987,38.8229],[26.8975,38.8229],[26.8975,38.8239],[26.8962,38.8239],[26.8962,38.8249],[26.895,38.8249],[26.8937,38.8249],[26.8937,38.8239],[26.8925,38.8239],[26.8925,38.8229],[26.8925,38.822],[26.8925,38.82],[26.895,38.82],[26.895,38.8181],[26.895,38.8161],[26.895,38.8142],[26.8962,38.8122],[26.8962,38.8112],[26.8962,38.8103],[26.8975,38.8103],[26.8975,38.8093],[26.8987,38.8093],[26.8987,38.8083],[26.9,38.8083],[26.9,38.8073],[26.9013,38.8073],[26.9025,38.8073],[26.9025,38.8064],[26.9037,38.8064],[26.905,38.8064],[26.9075,38.8064],[26.9062,38.8044],[26.9062,38.8035],[26.9062,38.8025],[26.9075,38.8025],[26.9075,38.8015],[26.9075,38.8005],[26.9088,38.8005],[26.9088,38.7996],[26.9088,38.7986],[26.91,38.7986],[26.91,38.7976],[26.9112,38.7976],[26.9112,38.7966],[26.9112,38.7957],[26.9112,38.7947],[26.9112,38.7937],[26.9125,38.7937],[26.9138,38.7937],[26.9138,38.7927],[26.9138,38.7918],[26.915,38.7918],[26.9175,38.7908],[26.9163,38.7888],[26.9163,38.7879],[26.9163,38.7869],[26.9163,38.7859],[26.9175,38.7859],[26.9175,38.7849],[26.9187,38.7849],[26.9187,38.784],[26.92,38.784],[26.92,38.783],[26.9213,38.783],[26.9213,38.782],[26.9225,38.782],[26.9237,38.782],[26.925,38.782],[26.9275,38.783],[26.93,38.783],[26.93,38.781],[26.9325,38.781],[26.9325,38.7791],[26.9312,38.7771],[26.9312,38.7762],[26.9312,38.7752],[26.9312,38.7742],[26.9325,38.7742],[26.9325,38.7732],[26.9325,38.7723],[26.9337,38.7723],[26.9337,38.7713],[26.935,38.7713],[26.9363,38.7713],[26.9363,38.7703],[26.9363,38.7693],[26.9363,38.7684],[26.9375,38.7684],[26.9375,38.7674],[26.9375,38.7664],[26.9375,38.7655],[26.9387,38.7655],[26.94,38.7635],[26.94,38.7616],[26.9375,38.7616],[26.9363,38.7616],[26.9363,38.7606],[26.9363,38.7596],[26.935,38.7596],[26.935,38.7586],[26.935,38.7577],[26.9337,38.7577],[26.9337,38.7567],[26.9325,38.7567],[26.9325,38.7557],[26.9312,38.7557],[26.9312,38.7547],[26.93,38.7547],[26.9275,38.7557],[26.925,38.7557],[26.9225,38.7577],[26.92,38.7577],[26.92,38.7596],[26.9187,38.7616],[26.9175,38.7616],[26.9175,38.7625],[26.9163,38.7625],[26.9163,38.7635],[26.915,38.7635],[26.9138,38.7635],[26.9125,38.7635],[26.9125,38.7645],[26.9112,38.7645],[26.91,38.7645],[26.9088,38.7645],[26.9075,38.7645],[26.9075,38.7635],[26.9075,38.7625],[26.9075,38.7616],[26.9075,38.7606],[26.9062,38.7606],[26.9062,38.7596],[26.9062,38.7586],[26.905,38.7586],[26.905,38.7577],[26.905,38.7567],[26.9062,38.7567],[26.9062,38.7557],[26.9062,38.7547],[26.9075,38.7547],[26.9075,38.7538],[26.9075,38.7518],[26.9075,38.7499],[26.905,38.7499],[26.9025,38.7508],[26.9013,38.7508],[26.9,38.7508],[26.8987,38.7508],[26.8987,38.7499],[26.8975,38.7499],[26.8975,38.7489],[26.8987,38.7489],[26.8987,38.7479],[26.8987,38.7469],[26.9,38.7469],[26.9,38.746],[26.9013,38.746],[26.9013,38.745],[26.9013,38.744],[26.9013,38.743],[26.9013,38.7421],[26.9,38.7421],[26.9,38.7411],[26.9,38.7401],[26.9,38.7391],[26.8987,38.7391],[26.8987,38.7382],[26.8987,38.7372],[26.8987,38.7362],[26.8975,38.7362],[26.8975,38.7352],[26.8975,38.7343],[26.8962,38.7343],[26.895,38.7333],[26.895,38.7323],[26.8937,38.7323],[26.8925,38.7323],[26.8925,38.7313],[26.8912,38.7313],[26.89,38.7313],[26.8887,38.7313],[26.8875,38.7313],[26.8863,38.7313],[26.885,38.7313],[26.8825,38.7304],[26.8825,38.7323],[26.8813,38.7323],[26.88,38.7323],[26.88,38.7333],[26.8788,38.7343],[26.8775,38.7343],[26.8775,38.7352],[26.8763,38.7352],[26.8763,38.7362],[26.8763,38.7372],[26.875,38.7372],[26.875,38.7382],[26.8738,38.7382],[26.8738,38.7391],[26.8725,38.7391],[26.8725,38.7401],[26.8712,38.7401],[26.8712,38.7411],[26.87,38.7411],[26.87,38.7421],[26.8687,38.7421],[26.8675,38.7421],[26.8675,38.743],[26.8663,38.743],[26.8663,38.744],[26.865,38.744],[26.865,38.745],[26.8637,38.746],[26.8625,38.746],[26.8625,38.7469],[26.8612,38.7479],[26.8612,38.7489],[26.86,38.7489],[26.86,38.7499],[26.86,38.7508],[26.8587,38.7508],[26.8575,38.7508],[26.8563,38.7508],[26.855,38.7508],[26.8538,38.7508],[26.8525,38.7508],[26.8525,38.7499],[26.8513,38.7499],[26.8513,38.7489],[26.8513,38.7479],[26.8513,38.7469],[26.85,38.7469],[26.85,38.746],[26.8488,38.746],[26.8475,38.746],[26.8475,38.744],[26.845,38.744],[26.845,38.7421],[26.8425,38.7421],[26.8412,38.7421],[26.84,38.7421],[26.84,38.7411],[26.8388,38.7411],[26.8375,38.7411],[26.8362,38.7411],[26.835,38.7411],[26.8337,38.7421],[26.8325,38.7421],[26.8325,38.743],[26.8325,38.744],[26.8325,38.745],[26.8325,38.746],[26.8325,38.7469],[26.8325,38.7479],[26.8325,38.7489],[26.8325,38.7499],[26.8337,38.7499],[26.835,38.7499],[26.835,38.7508],[26.8362,38.7508],[26.8375,38.7508],[26.8375,38.7518],[26.8375,38.7528],[26.8362,38.7528],[26.835,38.7528],[26.835,38.7538],[26.8337,38.7538],[26.8325,38.7538],[26.8325,38.7547],[26.8325,38.7557],[26.8325,38.7567],[26.8313,38.7567],[26.8313,38.7577],[26.83,38.7577],[26.83,38.7586],[26.83,38.7596],[26.8275,38.7596],[26.825,38.7596],[26.8225,38.7596],[26.8225,38.7577],[26.82,38.7577],[26.8175,38.7577],[26.8163,38.7557],[26.8163,38.7547],[26.8163,38.7538],[26.815,38.7538],[26.815,38.7528],[26.815,38.7518],[26.8137,38.7518],[26.8125,38.7518],[26.8125,38.7508],[26.8113,38.7508],[26.81,38.7508],[26.8087,38.7508],[26.8075,38.7508],[26.8062,38.7508],[26.8062,38.7499],[26.8062,38.7489],[26.805,38.7489],[26.8038,38.7489],[26.8025,38.7489],[26.8025,38.7479],[26.8012,38.7479],[26.8,38.7479],[26.8,38.7469],[26.7987,38.7469],[26.7975,38.7469],[26.7975,38.746],[26.7975,38.745],[26.795,38.744],[26.795,38.746],[26.7937,38.746],[26.7937,38.7469],[26.7925,38.7469],[26.7925,38.7479],[26.7913,38.7479],[26.7913,38.7469],[26.79,38.7469],[26.79,38.746],[26.7888,38.746],[26.7888,38.745],[26.7875,38.745],[26.7863,38.745],[26.7863,38.744],[26.7863,38.743],[26.7863,38.7421],[26.785,38.7421],[26.785,38.7411],[26.785,38.7401],[26.7838,38.7401],[26.785,38.7382],[26.785,38.7362],[26.7825,38.7362],[26.78,38.7362],[26.78,38.7382],[26.7788,38.7382],[26.7775,38.7382],[26.7763,38.7382],[26.7763,38.7372],[26.775,38.7372],[26.7725,38.7362],[26.7725,38.7343],[26.77,38.7343],[26.7675,38.7343],[26.7675,38.7362],[26.7675,38.7382],[26.77,38.7382],[26.77,38.7391],[26.77,38.7401],[26.77,38.7411],[26.7687,38.7411],[26.7687,38.7401],[26.7675,38.7401],[26.7662,38.7401],[26.765,38.7391],[26.765,38.7382],[26.7638,38.7382],[26.7625,38.7382],[26.7613,38.7382],[26.7613,38.7372],[26.76,38.7372],[26.76,38.7362],[26.7587,38.7362],[26.7587,38.7352],[26.7575,38.7352],[26.7563,38.7352],[26.755,38.7352],[26.755,38.7362],[26.7538,38.7362],[26.7525,38.7362],[26.7525,38.7372],[26.7512,38.7372],[26.7512,38.7382],[26.75,38.7382],[26.75,38.7391],[26.7488,38.7391],[26.7475,38.7391],[26.7475,38.7401],[26.7462,38.7401],[26.745,38.7401],[26.7437,38.7401],[26.7425,38.7401],[26.7413,38.7401],[26.7413,38.7391],[26.74,38.7391],[26.74,38.7382],[26.74,38.7372],[26.74,38.7362],[26.7413,38.7362],[26.7413,38.7352],[26.7413,38.7343],[26.7425,38.7343],[26.7425,38.7333],[26.7425,38.7323],[26.7425,38.7313],[26.7413,38.7313],[26.7413,38.7304],[26.74,38.7304],[26.7387,38.7304],[26.7375,38.7304],[26.7362,38.7304],[26.735,38.7304],[26.735,38.7294],[26.7337,38.7294],[26.7337,38.7284],[26.7325,38.7284],[26.7325,38.7274],[26.7313,38.7274],[26.7313,38.7265],[26.73,38.7265],[26.73,38.7255],[26.7288,38.7255],[26.7288,38.7245],[26.7288,38.7235],[26.7288,38.7226],[26.7288,38.7216],[26.7275,38.7216],[26.7275,38.7206],[26.7275,38.7196],[26.7288,38.7196],[26.73,38.7196],[26.7313,38.7196],[26.7313,38.7187],[26.7313,38.7177],[26.73,38.7177],[26.73,38.7167],[26.73,38.7157],[26.73,38.7147],[26.7288,38.7147],[26.7288,38.7138],[26.7288,38.7128],[26.7288,38.7118],[26.7288,38.7108],[26.7288,38.7099],[26.7288,38.7089],[26.73,38.7089],[26.73,38.7079],[26.73,38.7069],[26.7313,38.7069],[26.7313,38.706],[26.7313,38.705],[26.7313,38.704],[26.7313,38.703],[26.7313,38.7021],[26.7313,38.7011],[26.7313,38.7001],[26.7313,38.6991],[26.7313,38.6982],[26.7313,38.6972],[26.7313,38.6962],[26.73,38.6962],[26.73,38.6952],[26.73,38.6943],[26.7288,38.6943],[26.7288,38.6933],[26.73,38.6933],[26.73,38.6923],[26.7313,38.6923],[26.7313,38.6913],[26.7313,38.6904],[26.7313,38.6894],[26.7325,38.6894],[26.7325,38.6884],[26.7337,38.6884],[26.735,38.6884],[26.735,38.6874],[26.735,38.6865],[26.735,38.6855],[26.735,38.6845],[26.7362,38.6845],[26.7362,38.6835],[26.7362,38.6826],[26.7375,38.6826],[26.7387,38.6826],[26.74,38.6826],[26.74,38.6816],[26.7413,38.6816],[26.7413,38.6806],[26.7413,38.6796],[26.7413,38.6787],[26.74,38.6787],[26.7387,38.6787],[26.7387,38.6777],[26.7375,38.6777],[26.7362,38.6777],[26.7362,38.6767],[26.735,38.6767],[26.735,38.6757],[26.7337,38.6757],[26.7337,38.6747],[26.7325,38.6747],[26.7313,38.6747],[26.7313,38.6738],[26.7325,38.6738],[26.7337,38.6738],[26.735,38.6738],[26.7362,38.6738],[26.7362,38.6747],[26.7375,38.6747],[26.7375,38.6757],[26.7375,38.6767],[26.7387,38.6767],[26.74,38.6767],[26.74,38.6777],[26.7413,38.6777],[26.7425,38.6777],[26.7437,38.6777],[26.745,38.6777],[26.745,38.6767],[26.7462,38.6767],[26.7475,38.6767],[26.7475,38.6757],[26.7488,38.6757],[26.75,38.6757],[26.75,38.6747],[26.7512,38.6747],[26.7512,38.6738],[26.7525,38.6738],[26.7525,38.6728],[26.7538,38.6728],[26.7538,38.6718],[26.755,38.6699],[26.755,38.6679],[26.755,38.666],[26.755,38.664],[26.7525,38.664],[26.7525,38.6621],[26.75,38.6621],[26.7475,38.6621],[26.745,38.6621],[26.745,38.664],[26.745,38.665],[26.745,38.666],[26.745,38.6669],[26.745,38.6679],[26.7437,38.6679],[26.7425,38.6679],[26.7425,38.6669],[26.7425,38.666],[26.7425,38.665],[26.7413,38.665],[26.7413,38.664],[26.74,38.663],[26.7387,38.663],[26.7375,38.663],[26.7375,38.664],[26.7362,38.664],[26.7362,38.665],[26.735,38.665],[26.7337,38.665],[26.7337,38.664],[26.7337,38.663],[26.7337,38.6621],[26.7337,38.6611],[26.7337,38.6601],[26.7337,38.6591],[26.7337,38.6582],[26.7337,38.6572],[26.7337,38.6562],[26.7325,38.6562],[26.7325,38.6552],[26.7313,38.6552],[26.73,38.6552],[26.7288,38.6552],[26.7275,38.6552],[26.7263,38.6552],[26.725,38.6552],[26.7237,38.6552],[26.7237,38.6543],[26.7225,38.6543],[26.7225,38.6533],[26.7225,38.6523],[26.7225,38.6513],[26.7225,38.6503],[26.7237,38.6503],[26.725,38.6503],[26.725,38.6513],[26.725,38.6523],[26.725,38.6533],[26.7263,38.6533],[26.7275,38.6533],[26.7288,38.6533],[26.73,38.6533],[26.7313,38.6533],[26.7325,38.6533],[26.7325,38.6523],[26.7337,38.6523],[26.7337,38.6513],[26.7337,38.6503],[26.7337,38.6494],[26.7325,38.6494],[26.7325,38.6484],[26.7337,38.6484],[26.7337,38.6474],[26.7337,38.6464],[26.7337,38.6455],[26.735,38.6455],[26.7362,38.6455],[26.7375,38.6455],[26.7387,38.6455],[26.74,38.6455],[26.7413,38.6455],[26.7413,38.6445],[26.7425,38.6445],[26.7425,38.6435],[26.7437,38.6435],[26.7437,38.6425],[26.7437,38.6416],[26.7437,38.6406],[26.7437,38.6396],[26.7437,38.6386],[26.7437,38.6377],[26.7437,38.6367],[26.745,38.6367],[26.745,38.6357],[26.7462,38.6357],[26.7475,38.6357],[26.7475,38.6347],[26.7488,38.6347],[26.7488,38.6337],[26.75,38.6337],[26.7512,38.6337],[26.7525,38.6337],[26.7525,38.6347],[26.7525,38.6357],[26.7538,38.6357],[26.755,38.6357],[26.755,38.6367],[26.7563,38.6367],[26.7575,38.6377],[26.7575,38.6386],[26.7587,38.6386],[26.76,38.6406],[26.7625,38.6406],[26.765,38.6406],[26.7675,38.6406],[26.7675,38.6386],[26.77,38.6386],[26.77,38.6367],[26.77,38.6347],[26.77,38.6328],[26.7675,38.6328],[26.765,38.6337],[26.765,38.6328],[26.765,38.6318],[26.7638,38.6318],[26.7638,38.6308],[26.7625,38.6308],[26.7613,38.6308],[26.7613,38.6298],[26.76,38.6298],[26.76,38.6289],[26.7587,38.6289],[26.7575,38.6289],[26.7575,38.6279],[26.7563,38.6279],[26.755,38.6279],[26.755,38.6269],[26.7563,38.6269],[26.7563,38.6259],[26.7563,38.625],[26.7575,38.625],[26.7587,38.625],[26.7587,38.624],[26.7587,38.623],[26.7575,38.623],[26.7575,38.622],[26.7587,38.622],[26.7587,38.6211],[26.7587,38.6201],[26.7587,38.6191],[26.7587,38.6181],[26.7587,38.6171],[26.7575,38.6171],[26.7575,38.6162],[26.7575,38.6152],[26.7575,38.6142],[26.7587,38.6142],[26.76,38.6142],[26.7613,38.6142],[26.7625,38.6142],[26.7638,38.6142],[26.765,38.6142],[26.7662,38.6142],[26.7675,38.6142],[26.7675,38.6152],[26.7687,38.6152],[26.77,38.6152],[26.7712,38.6152],[26.7712,38.6142],[26.7725,38.6142],[26.7725,38.6132],[26.7725,38.6123],[26.7737,38.6123],[26.7737,38.6113],[26.775,38.6113],[26.775,38.6123],[26.775,38.6132],[26.775,38.6142],[26.7763,38.6142],[26.7763,38.6152],[26.7775,38.6162],[26.7788,38.6162],[26.78,38.6162],[26.7812,38.6162],[26.7812,38.6152],[26.7812,38.6142],[26.7825,38.6142],[26.7838,38.6142],[26.785,38.6142],[26.785,38.6132],[26.7863,38.6132],[26.7875,38.6132],[26.7875,38.6123],[26.7888,38.6123],[26.7888,38.6113],[26.79,38.6113],[26.7913,38.6113],[26.7913,38.6103],[26.7925,38.6103],[26.7937,38.6103],[26.795,38.6103],[26.7962,38.6103],[26.7975,38.6103],[26.7987,38.6103],[26.8,38.6103],[26.8,38.6093],[26.8012,38.6093],[26.8012,38.6084],[26.8012,38.6074],[26.8012,38.6064],[26.8012,38.6054],[26.8012,38.6044],[26.8012,38.6035],[26.8012,38.6025],[26.8012,38.6015],[26.8012,38.6005],[26.8012,38.5996],[26.8012,38.5986],[26.8,38.5986],[26.8,38.5976],[26.7987,38.5976],[26.7987,38.5966],[26.7975,38.5966],[26.7975,38.5957],[26.7962,38.5957],[26.7962,38.5947],[26.795,38.5947],[26.795,38.5937],[26.795,38.5927],[26.7937,38.5927],[26.7937,38.5917],[26.795,38.5917],[26.7962,38.5917],[26.7962,38.5927],[26.7975,38.5927],[26.7975,38.5937],[26.7987,38.5937],[26.7987,38.5947],[26.8,38.5947],[26.8,38.5957],[26.8,38.5966],[26.8012,38.5966],[26.8025,38.5966],[26.8025,38.5976],[26.8038,38.5976],[26.8038,38.5986],[26.805,38.5986],[26.8062,38.5986],[26.8075,38.5986],[26.8087,38.5976],[26.81,38.5976],[26.81,38.5966],[26.8113,38.5966],[26.8125,38.5966],[26.8137,38.5966],[26.815,38.5966],[26.8175,38.5976],[26.8175,38.5957],[26.82,38.5957],[26.82,38.5976],[26.825,38.5976],[26.8225,38.5937],[26.8213,38.5917],[26.8225,38.5917],[26.8237,38.5917],[26.825,38.5917],[26.8275,38.5917],[26.83,38.5917],[26.83,38.5898],[26.8325,38.5898],[26.8325,38.5878],[26.8337,38.5878],[26.835,38.5898],[26.8375,38.5898],[26.84,38.5898],[26.84,38.5878],[26.8388,38.5878],[26.8375,38.5878],[26.8362,38.5878],[26.835,38.5878],[26.835,38.5869],[26.835,38.5859],[26.8362,38.5859],[26.8362,38.5869],[26.8375,38.5869],[26.8388,38.5869],[26.8388,38.5859],[26.84,38.5859],[26.84,38.5849],[26.84,38.5839],[26.8388,38.5839],[26.8388,38.583],[26.8388,38.582],[26.8388,38.581],[26.8388,38.58],[26.84,38.58],[26.84,38.579],[26.8412,38.579],[26.8425,38.579],[26.8425,38.58],[26.8438,38.58],[26.845,38.58],[26.845,38.579],[26.8463,38.579],[26.8463,38.5781],[26.8475,38.5781],[26.8475,38.5771],[26.8475,38.5761],[26.8475,38.5751],[26.8463,38.5751],[26.8463,38.5742],[26.8463,38.5732],[26.8463,38.5722],[26.8463,38.5712],[26.845,38.5712],[26.8438,38.5712],[26.8438,38.5702],[26.8438,38.5693],[26.8425,38.5693],[26.8425,38.5683],[26.8425,38.5673],[26.8425,38.5663],[26.8425,38.5654],[26.8438,38.5654],[26.8438,38.5644],[26.8438,38.5634],[26.8438,38.5624],[26.845,38.5605],[26.845,38.5585],[26.8425,38.5585],[26.8425,38.5566],[26.84,38.5566],[26.8375,38.5566],[26.8375,38.5546],[26.835,38.5546],[26.835,38.5566],[26.8337,38.5566],[26.8325,38.5566],[26.8313,38.5566],[26.83,38.5566],[26.83,38.5556],[26.83,38.5546],[26.8313,38.5546],[26.8325,38.5546],[26.8325,38.5536],[26.835,38.5527],[26.8325,38.5527],[26.8325,38.5517],[26.8325,38.5507],[26.8313,38.5507],[26.8325,38.5487],[26.83,38.5487],[26.83,38.5468],[26.8275,38.5468],[26.8263,38.5468],[26.825,38.5448],[26.8225,38.5448],[26.8225,38.5439],[26.8225,38.5429],[26.8225,38.5419],[26.8225,38.5409],[26.8213,38.5409],[26.8213,38.5419],[26.82,38.5419],[26.82,38.5429],[26.82,38.5439],[26.82,38.5448],[26.82,38.5458],[26.82,38.5468],[26.8213,38.5468],[26.8213,38.5478],[26.8213,38.5487],[26.82,38.5487],[26.82,38.5478],[26.8188,38.5478],[26.8188,38.5468],[26.8188,38.5458],[26.8175,38.5458],[26.8163,38.5458],[26.8163,38.5448],[26.8163,38.5439],[26.8163,38.5429],[26.8163,38.5419],[26.8163,38.5409],[26.8175,38.5409],[26.8175,38.5399],[26.8175,38.539],[26.8188,38.539],[26.8188,38.538],[26.8188,38.537],[26.82,38.537],[26.82,38.536],[26.82,38.5351],[26.8213,38.5351],[26.8213,38.5341],[26.8225,38.5341],[26.8225,38.5331],[26.8237,38.5331],[26.8237,38.5321],[26.825,38.5321],[26.8263,38.5321],[26.8263,38.5311],[26.8263,38.5302],[26.8275,38.5302],[26.8275,38.5311],[26.8275,38.5321],[26.8275,38.5331],[26.8263,38.5331],[26.8263,38.5341],[26.8263,38.5351],[26.825,38.536],[26.825,38.537],[26.825,38.539],[26.8275,38.539],[26.8275,38.537],[26.83,38.537],[26.83,38.5351],[26.8325,38.5351],[26.8325,38.5331],[26.8325,38.5311],[26.8325,38.5302],[26.835,38.5292],[26.835,38.5272],[26.8375,38.5272],[26.8388,38.5253],[26.84,38.5253],[26.8425,38.5253],[26.845,38.5253],[26.845,38.5233],[26.8475,38.5233],[26.85,38.5233],[26.85,38.5214],[26.8525,38.5214],[26.855,38.5214],[26.855,38.5194],[26.8538,38.5194],[26.8525,38.5194],[26.8513,38.5194],[26.85,38.5194],[26.8488,38.5194],[26.8475,38.5194],[26.8463,38.5194],[26.8463,38.5204],[26.845,38.5204],[26.8438,38.5204],[26.8425,38.5204],[26.8425,38.5194],[26.8438,38.5194],[26.8438,38.5184],[26.845,38.5184],[26.8463,38.5184],[26.8475,38.5184],[26.8488,38.5184],[26.8488,38.5175],[26.85,38.5175],[26.8513,38.5175],[26.8513,38.5165],[26.8525,38.5165],[26.8538,38.5165],[26.855,38.5165],[26.855,38.5155],[26.8563,38.5155],[26.8575,38.5155],[26.8587,38.5155],[26.86,38.5155],[26.86,38.5165],[26.8587,38.5165],[26.8587,38.5175],[26.8575,38.5184],[26.8563,38.5184],[26.8563,38.5194],[26.8575,38.5194],[26.86,38.5194],[26.8625,38.5194],[26.865,38.5194],[26.865,38.5175],[26.8663,38.5175],[26.8675,38.5175],[26.87,38.5175],[26.87,38.5155],[26.8712,38.5155],[26.8725,38.5155],[26.8738,38.5155],[26.875,38.5155],[26.8775,38.5155],[26.8788,38.5135],[26.88,38.5135],[26.8825,38.5135],[26.885,38.5135],[26.885,38.5116],[26.8875,38.5116],[26.8875,38.5096],[26.885,38.5087],[26.8837,38.5087],[26.8825,38.5087],[26.8813,38.5087],[26.88,38.5087],[26.88,38.5096],[26.8788,38.5096],[26.8775,38.5096],[26.8775,38.5106],[26.8763,38.5106],[26.875,38.5106],[26.8738,38.5106],[26.8738,38.5096],[26.875,38.5096],[26.8763,38.5096],[26.8763,38.5087],[26.8775,38.5087],[26.8788,38.5087],[26.8788,38.5077],[26.88,38.5077],[26.8813,38.5077],[26.8813,38.5067],[26.8825,38.5067],[26.8837,38.5067],[26.8837,38.5057],[26.885,38.5057],[26.885,38.5047],[26.885,38.5038],[26.885,38.5028],[26.885,38.5018],[26.8863,38.5018],[26.8863,38.5008],[26.8875,38.5008],[26.8875,38.4998],[26.8875,38.4989],[26.8887,38.4989],[26.89,38.4989],[26.89,38.4979],[26.8912,38.4979],[26.8912,38.4969],[26.8912,38.4959],[26.8925,38.4959],[26.8937,38.4959],[26.8937,38.495],[26.895,38.495],[26.895,38.494],[26.8962,38.494],[26.8962,38.493],[26.8975,38.493],[26.8975,38.492],[26.8987,38.492],[26.8987,38.491],[26.9,38.491],[26.9,38.4901],[26.9013,38.4901],[26.9013,38.4891],[26.9025,38.4891],[26.9025,38.4881],[26.9037,38.4881],[26.9037,38.4871],[26.905,38.4871],[26.905,38.4861],[26.9062,38.4861],[26.9062,38.4852],[26.9075,38.4852],[26.9075,38.4842],[26.9088,38.4842],[26.91,38.4842],[26.91,38.4832],[26.91,38.4822],[26.9112,38.4822],[26.9112,38.4813],[26.9112,38.4803],[26.9112,38.4793],[26.9125,38.4793],[26.9125,38.4783],[26.9125,38.4773],[26.9138,38.4773],[26.9138,38.4764],[26.915,38.4764],[26.915,38.4754],[26.915,38.4744],[26.9163,38.4744],[26.9163,38.4734],[26.9163,38.4724],[26.9163,38.4715],[26.9163,38.4705],[26.9163,38.4695],[26.9175,38.4695],[26.9187,38.4695],[26.92,38.4695],[26.92,38.4685],[26.9213,38.4685],[26.9213,38.4676],[26.9225,38.4676],[26.9237,38.4676],[26.9237,38.4666],[26.9237,38.4656],[26.9237,38.4646],[26.9225,38.4646],[26.9225,38.4636],[26.9213,38.4636],[26.9213,38.4627],[26.9225,38.4627],[26.9237,38.4627],[26.9237,38.4617],[26.9237,38.4607],[26.9237,38.4597],[26.9225,38.4597],[26.9213,38.4597],[26.9213,38.4587],[26.9225,38.4587],[26.9237,38.4587],[26.9237,38.4578],[26.9237,38.4568],[26.925,38.4568],[26.925,38.4578],[26.9262,38.4578],[26.9262,38.4587],[26.9262,38.4597],[26.9262,38.4607],[26.925,38.4617],[26.925,38.4627],[26.925,38.4636],[26.9275,38.4646],[26.93,38.4646],[26.93,38.4627],[26.93,38.4607],[26.93,38.4587],[26.9288,38.4568],[26.9288,38.4558],[26.9275,38.4558],[26.9275,38.4548],[26.9262,38.4548],[26.925,38.4548],[26.925,38.4539],[26.9262,38.4539],[26.9275,38.4539],[26.9288,38.4539],[26.9288,38.4529],[26.93,38.4529],[26.9312,38.4529],[26.9325,38.4529],[26.9337,38.4529],[26.9337,38.4519],[26.935,38.4519],[26.935,38.4509],[26.9363,38.4509],[26.9363,38.4499],[26.9375,38.4499],[26.9375,38.449],[26.9375,38.448],[26.9375,38.447],[26.9387,38.447],[26.9387,38.446],[26.94,38.446],[26.94,38.445],[26.9413,38.445],[26.9413,38.4441],[26.9425,38.4441],[26.9425,38.4431],[26.9438,38.4431],[26.9438,38.4441],[26.945,38.4441],[26.9463,38.4441],[26.9463,38.4431],[26.9475,38.4431],[26.9475,38.4421],[26.9487,38.4421],[26.9487,38.4411],[26.9487,38.4401],[26.9487,38.4392],[26.9487,38.4382],[26.95,38.4382],[26.95,38.4372],[26.9513,38.4372],[26.9525,38.4372],[26.9537,38.4372],[26.9537,38.4362],[26.955,38.4362],[26.9562,38.4362],[26.9562,38.4372],[26.9562,38.4382],[26.9562,38.4392],[26.955,38.4392],[26.955,38.4401],[26.955,38.4411],[26.955,38.4421],[26.955,38.4431],[26.9562,38.4431],[26.9562,38.4441],[26.9575,38.4441],[26.9575,38.445],[26.9587,38.445],[26.96,38.445],[26.96,38.446],[26.9612,38.446],[26.9612,38.447],[26.9625,38.447],[26.9638,38.447],[26.965,38.447],[26.9662,38.447],[26.9675,38.447],[26.9688,38.447],[26.97,38.447],[26.97,38.446],[26.97,38.445],[26.97,38.4441],[26.97,38.4431],[26.97,38.4421],[26.97,38.4411],[26.97,38.4401],[26.9713,38.4401],[26.9713,38.4392],[26.9713,38.4382],[26.9713,38.4372],[26.9725,38.4372],[26.9725,38.4362],[26.9737,38.4362],[26.975,38.4362],[26.975,38.4372],[26.975,38.4382],[26.975,38.4392],[26.975,38.4401],[26.975,38.4411],[26.9737,38.4411],[26.9737,38.4421],[26.9725,38.4421],[26.9725,38.4431],[26.9725,38.4441],[26.9725,38.445],[26.9737,38.445],[26.975,38.446],[26.9763,38.446],[26.9775,38.446],[26.9775,38.447],[26.9763,38.447],[26.975,38.449],[26.975,38.4509],[26.9775,38.4509],[26.9787,38.449],[26.98,38.449],[26.98,38.4499],[26.9813,38.4499],[26.9825,38.4499],[26.9825,38.449],[26.9825,38.448],[26.9837,38.448],[26.9837,38.449],[26.9837,38.4499],[26.9837,38.4509],[26.985,38.4509],[26.985,38.4529],[26.985,38.4548],[26.9875,38.4548],[26.9887,38.4529],[26.9887,38.4519],[26.9887,38.4509],[26.99,38.4509],[26.9913,38.4509],[26.9913,38.4519],[26.9925,38.4519],[26.9937,38.4519],[26.9937,38.4529],[26.9937,38.4539],[26.995,38.4539],[26.995,38.4548],[26.9937,38.4548],[26.9937,38.4558],[26.9937,38.4568],[26.9925,38.4587],[26.995,38.4587],[26.9962,38.4587],[26.9962,38.4578],[26.9962,38.4568],[26.9975,38.4568],[26.9988,38.4568],[26.9988,38.4578],[27.0,38.4578],[27.0,38.4587],[27.0013,38.4587],[27.0025,38.4587],[27.0038,38.4587],[27.0038,38.4597],[27.0038,38.4607],[27.005,38.4617],[27.0063,38.4617],[27.0075,38.4617],[27.0075,38.4607],[27.0087,38.4607],[27.0087,38.4617],[27.01,38.4617],[27.0113,38.4617],[27.0113,38.4607],[27.0113,38.4597],[27.0113,38.4587],[27.0125,38.4587],[27.0125,38.4597],[27.0137,38.4597],[27.015,38.4597],[27.015,38.4607],[27.0162,38.4607],[27.0175,38.4607],[27.0188,38.4607],[27.02,38.4607],[27.02,38.4617],[27.0212,38.4617],[27.0212,38.4627],[27.0212,38.4636],[27.0212,38.4646],[27.0225,38.4646],[27.0237,38.4646],[27.025,38.4646],[27.0262,38.4646],[27.0262,38.4636],[27.0275,38.4636],[27.0287,38.4636],[27.03,38.4636],[27.0312,38.4636],[27.0325,38.4636],[27.0338,38.4636],[27.0338,38.4627],[27.035,38.4627],[27.0363,38.4627],[27.0363,38.4636],[27.0363,38.4646],[27.0375,38.4646],[27.0387,38.4646],[27.04,38.4646],[27.04,38.4656],[27.0413,38.4656],[27.0425,38.4656],[27.0437,38.4656],[27.045,38.4656],[27.0463,38.4656],[27.0463,38.4646],[27.0475,38.4646],[27.0487,38.4646],[27.05,38.4646],[27.05,38.4636],[27.0512,38.4636],[27.0512,38.4627],[27.0525,38.4627],[27.0525,38.4636],[27.0525,38.4646],[27.0538,38.4646],[27.055,38.4646],[27.0562,38.4646],[27.0562,38.4636],[27.0575,38.4636],[27.0587,38.4636],[27.06,38.4636],[27.0613,38.4636],[27.0613,38.4627],[27.0625,38.4627],[27.0625,38.4617],[27.0637,38.4617],[27.0637,38.4607],[27.0637,38.4597],[27.0625,38.4597],[27.0625,38.4587],[27.0637,38.4587],[27.065,38.4587],[27.065,38.4597],[27.065,38.4607],[27.065,38.4617],[27.0663,38.4617],[27.0663,38.4627],[27.0675,38.4627],[27.0675,38.4636],[27.0675,38.4646],[27.0663,38.4646],[27.0663,38.4656],[27.0663,38.4666],[27.0663,38.4676],[27.0675,38.4676],[27.0688,38.4676],[27.0688,38.4666],[27.0688,38.4656],[27.0688,38.4646],[27.07,38.4646],[27.07,38.4636],[27.07,38.4627],[27.07,38.4617],[27.07,38.4607],[27.0688,38.4607],[27.0688,38.4597],[27.0675,38.4597],[27.0675,38.4587],[27.0663,38.4587],[27.0663,38.4578],[27.0675,38.4578],[27.0688,38.4578],[27.07,38.4578],[27.0713,38.4578],[27.0713,38.4587],[27.0713,38.4597],[27.0725,38.4597],[27.0725,38.4607],[27.0725,38.4617],[27.0725,38.4627],[27.0725,38.4636],[27.0713,38.4636],[27.0713,38.4646],[27.0713,38.4656],[27.07,38.4656],[27.07,38.4666],[27.07,38.4676],[27.0713,38.4676],[27.0725,38.4676],[27.0737,38.4676],[27.075,38.4676],[27.0763,38.4676],[27.0763,38.4666],[27.0775,38.4666],[27.0787,38.4666],[27.0787,38.4676],[27.08,38.4676],[27.0825,38.4666],[27.0837,38.4646],[27.085,38.4646],[27.0875,38.4646],[27.0875,38.4627],[27.0875,38.4607],[27.09,38.4607],[27.0925,38.4607],[27.0925,38.4587],[27.095,38.4587],[27.0975,38.4568],[27.1,38.4568],[27.1,38.4548],[27.1025,38.4548],[27.1025,38.4529],[27.105,38.4529],[27.105,38.4509],[27.1062,38.4509],[27.1075,38.4509],[27.1088,38.4509],[27.11,38.4509],[27.11,38.4499],[27.1112,38.4499],[27.1112,38.449],[27.1125,38.449],[27.1125,38.4499],[27.1137,38.4499],[27.1137,38.4509],[27.115,38.4509],[27.115,38.4519],[27.1163,38.4519],[27.1163,38.4529],[27.1175,38.4529],[27.1187,38.4529],[27.12,38.4539],[27.1212,38.4539],[27.1212,38.4548],[27.1225,38.4548],[27.1225,38.4558],[27.1238,38.4558],[27.125,38.4558],[27.125,38.4568],[27.1263,38.4568],[27.1263,38.4578],[27.1263,38.4587],[27.1275,38.4587],[27.1275,38.4597],[27.1275,38.4607],[27.1287,38.4607],[27.1287,38.4617],[27.13,38.4617],[27.13,38.4627],[27.1312,38.4627],[27.13,38.4646],[27.1325,38.4646],[27.1337,38.4646],[27.135,38.4646],[27.1363,38.4646],[27.1375,38.4646],[27.1387,38.4646],[27.14,38.4646],[27.1412,38.4646],[27.1425,38.4646],[27.1438,38.4646],[27.145,38.4646],[27.1462,38.4646],[27.1475,38.4646],[27.1487,38.4646],[27.15,38.4646],[27.1513,38.4646],[27.1525,38.4646],[27.1537,38.4646],[27.155,38.4646],[27.155,38.4656],[27.1563,38.4656],[27.1563,38.4666],[27.1575,38.4666],[27.1575,38.4676],[27.1588,38.4676],[27.16,38.4676],[27.16,38.4666],[27.1625,38.4666],[27.1637,38.4646],[27.1637,38.4636],[27.165,38.4636],[27.165,38.4627],[27.165,38.4617],[27.1663,38.4607],[27.1675,38.4607],[27.1675,38.4597],[27.1675,38.4587],[27.1687,38.4587],[27.1687,38.4578],[27.17,38.4578],[27.17,38.4568],[27.17,38.4558],[27.17,38.4548],[27.1712,38.4548],[27.1712,38.4539],[27.1712,38.4529],[27.1725,38.4529],[27.1725,38.4519],[27.1725,38.4509],[27.1725,38.4499],[27.1725,38.449],[27.1725,38.447],[27.1725,38.445],[27.17,38.445],[27.17,38.4431],[27.1675,38.4431],[27.1675,38.4411],[27.165,38.4411],[27.1625,38.4411],[27.16,38.4411],[27.1575,38.4411],[27.155,38.4411],[27.1525,38.4411],[27.15,38.4411],[27.15,38.4431],[27.1487,38.4431],[27.1487,38.4441],[27.1487,38.445],[27.1487,38.446],[27.15,38.446],[27.15,38.447],[27.15,38.448],[27.1487,38.448],[27.1487,38.447],[27.1475,38.447],[27.1475,38.446],[27.1475,38.445],[27.1475,38.4441],[27.1475,38.4431],[27.1462,38.4431],[27.145,38.4431],[27.1438,38.4431],[27.1438,38.4421],[27.1438,38.4411],[27.1438,38.4401],[27.1438,38.4392],[27.1438,38.4382],[27.1438,38.4372],[27.1425,38.4372],[27.1425,38.4362],[27.1412,38.4362],[27.14,38.4362],[27.14,38.4353],[27.1387,38.4353],[27.1387,38.4343],[27.1375,38.4343],[27.1375,38.4333],[27.1363,38.4333],[27.1363,38.4323],[27.1363,38.4313],[27.1363,38.4304],[27.135,38.4304],[27.135,38.4294],[27.1337,38.4294],[27.1337,38.4284],[27.1337,38.4274],[27.1325,38.4274],[27.1325,38.4264],[27.1312,38.4264],[27.1312,38.4255],[27.1312,38.4245],[27.1312,38.4235],[27.13,38.4235],[27.13,38.4225],[27.1287,38.4225],[27.1287,38.4215],[27.1287,38.4206],[27.1287,38.4196],[27.1287,38.4186],[27.1275,38.4186],[27.1275,38.4176],[27.1275,38.4166],[27.1275,38.4157],[27.1263,38.4157],[27.125,38.4157],[27.1238,38.4157],[27.1238,38.4147],[27.1225,38.4147],[27.1225,38.4137],[27.1225,38.4127],[27.1225,38.4117],[27.1212,38.4117],[27.1212,38.4108],[27.12,38.4108],[27.1187,38.4108],[27.1175,38.4108],[27.1163,38.4108],[27.115,38.4108],[27.1137,38.4108],[27.1137,38.4098],[27.1125,38.4098],[27.1112,38.4098],[27.1112,38.4088],[27.11,38.4088],[27.1088,38.4088],[27.1088,38.4078],[27.1075,38.4078],[27.1062,38.4078],[27.105,38.4078],[27.1037,38.4078],[27.1025,38.4078],[27.1025,38.4068],[27.1012,38.4068],[27.1012,38.4059],[27.1,38.4059],[27.1,38.4049],[27.0987,38.4049],[27.0987,38.4039],[27.0975,38.4039],[27.0963,38.4039],[27.0963,38.4029],[27.095,38.4029],[27.0938,38.4029],[27.0938,38.402],[27.0925,38.402],[27.0925,38.401],[27.0925,38.4],[27.0913,38.4],[27.0913,38.399],[27.09,38.399],[27.0888,38.399],[27.0888,38.398],[27.0875,38.398],[27.0862,38.398],[27.085,38.398],[27.0837,38.398],[27.0837,38.399],[27.0825,38.399],[27.0813,38.399],[27.08,38.399],[27.08,38.4],[27.0787,38.4],[27.0775,38.4],[27.0775,38.401],[27.0763,38.401],[27.075,38.401],[27.075,38.402],[27.0737,38.402],[27.0725,38.402],[27.0713,38.402],[27.0713,38.4029],[27.07,38.4029],[27.07,38.4039],[27.07,38.4049],[27.0688,38.4049],[27.0688,38.4059],[27.0675,38.4059],[27.0675,38.4068],[27.0675,38.4078],[27.0675,38.4088],[27.0663,38.4088],[27.0663,38.4098],[27.0663,38.4108],[27.065,38.4108],[27.065,38.4117],[27.065,38.4127],[27.0637,38.4127],[27.0637,38.4137],[27.0625,38.4137],[27.0625,38.4147],[27.0613,38.4147],[27.0613,38.4157],[27.06,38.4157],[27.0587,38.4157],[27.0587,38.4147],[27.06,38.4147],[27.06,38.4137],[27.0613,38.4137],[27.0613,38.4127],[27.0625,38.4127],[27.0625,38.4117],[27.0637,38.4117],[27.0637,38.4108],[27.0637,38.4098],[27.065,38.4098],[27.065,38.4088],[27.065,38.4078],[27.0663,38.4078],[27.0663,38.4068],[27.0663,38.4059],[27.065,38.4059],[27.065,38.4049],[27.0625,38.4039],[27.06,38.4039],[27.0575,38.4049],[27.0562,38.4049],[27.0562,38.4059],[27.055,38.4059],[27.055,38.4068],[27.0538,38.4068],[27.0525,38.4068],[27.0525,38.4078],[27.0512,38.4078],[27.05,38.4078],[27.0487,38.4078],[27.0487,38.4088],[27.0475,38.4088],[27.0463,38.4088],[27.0463,38.4098],[27.045,38.4098],[27.045,38.4108],[27.045,38.4117],[27.0463,38.4117],[27.0475,38.4117],[27.0487,38.4117],[27.0487,38.4127],[27.0475,38.4127],[27.0463,38.4127],[27.045,38.4127],[27.0437,38.4127],[27.0425,38.4127],[27.0425,38.4117],[27.0413,38.4117],[27.04,38.4117],[27.04,38.4108],[27.0387,38.4108],[27.0375,38.4108],[27.0375,38.4117],[27.0363,38.4117],[27.035,38.4117],[27.035,38.4127],[27.0338,38.4127],[27.0338,38.4137],[27.0325,38.4137],[27.0312,38.4137],[27.03,38.4137],[27.0287,38.4137],[27.0275,38.4137],[27.0262,38.4137],[27.025,38.4137],[27.0237,38.4137],[27.0225,38.4137],[27.0225,38.4147],[27.0212,38.4147],[27.0212,38.4157],[27.02,38.4157],[27.02,38.4166],[27.02,38.4176],[27.0188,38.4176],[27.0188,38.4186],[27.0175,38.4186],[27.0175,38.4176],[27.0175,38.4166],[27.0175,38.4157],[27.0162,38.4157],[27.0162,38.4147],[27.0162,38.4137],[27.015,38.4127],[27.015,38.4117],[27.015,38.4098],[27.0125,38.4098],[27.0113,38.4098],[27.01,38.4088],[27.01,38.4078],[27.0087,38.4078],[27.0075,38.4078],[27.0063,38.4078],[27.0063,38.4088],[27.005,38.4088],[27.0038,38.4088],[27.0025,38.4088],[27.0013,38.4088],[27.0013,38.4078],[27.0,38.4078],[27.0,38.4068],[26.9988,38.4068],[26.9988,38.4059],[26.9975,38.4059],[26.9975,38.4049],[26.9962,38.4049],[26.9962,38.4039],[26.995,38.4039],[26.9937,38.4039],[26.995,38.402],[26.9925,38.402],[26.9913,38.402],[26.9913,38.401],[26.9913,38.4],[26.99,38.4],[26.9887,38.4],[26.9887,38.399],[26.9887,38.398],[26.9875,38.398],[26.9875,38.3971],[26.9862,38.3971],[26.985,38.3971],[26.985,38.3961],[26.9837,38.3961],[26.9825,38.3961],[26.9813,38.3961],[26.9813,38.3951],[26.98,38.3951],[26.9787,38.3951],[26.9787,38.3941],[26.9775,38.3941],[26.9763,38.3941],[26.975,38.3941],[26.975,38.3931],[26.9737,38.3931],[26.9725,38.3931],[26.9713,38.3931],[26.9713,38.3922],[26.97,38.3922],[26.9688,38.3922],[26.9675,38.3922],[26.9662,38.3922],[26.965,38.3922],[26.965,38.3912],[26.9638,38.3912],[26.9625,38.3912],[26.9612,38.3912],[26.96,38.3912],[26.96,38.3902],[26.9587,38.3902],[26.9575,38.3902],[26.9575,38.3892],[26.9562,38.3892],[26.955,38.3892],[26.9537,38.3892],[26.9537,38.3882],[26.9525,38.3882],[26.9513,38.3882],[26.9513,38.3873],[26.95,38.3873],[26.9487,38.3873],[26.9487,38.3863],[26.9475,38.3863],[26.9463,38.3863],[26.9463,38.3853],[26.945,38.3853],[26.9438,38.3853],[26.9425,38.3853],[26.9413,38.3853],[26.94,38.3853],[26.94,38.3843],[26.9387,38.3843],[26.9375,38.3843],[26.9363,38.3843],[26.9363,38.3833],[26.935,38.3833],[26.9337,38.3833],[26.9325,38.3833],[26.9312,38.3833],[26.93,38.3833],[26.9288,38.3833],[26.9275,38.3833],[26.9275,38.3843],[26.9262,38.3843],[26.925,38.3843],[26.9237,38.3843],[26.9225,38.3843],[26.9213,38.3843],[26.92,38.3843],[26.92,38.3833],[26.9187,38.3833],[26.9187,38.3824],[26.9175,38.3824],[26.9163,38.3824],[26.9163,38.3814],[26.915,38.3814],[26.9138,38.3814],[26.9138,38.3804],[26.9125,38.3804],[26.9112,38.3804],[26.91,38.3804],[26.91,38.3794],[26.9088,38.3794],[26.9075,38.3794],[26.9062,38.3794],[26.905,38.3794],[26.905,38.3784],[26.9037,38.3784],[26.9025,38.3784],[26.9013,38.3784],[26.9,38.3784],[26.8987,38.3784],[26.8975,38.3784],[26.8962,38.3784],[26.895,38.3784],[26.895,38.3765],[26.8925,38.3775],[26.8912,38.3775],[26.89,38.3775],[26.8887,38.3775],[26.8875,38.3775],[26.8863,38.3775],[26.8863,38.3765],[26.885,38.3765],[26.8837,38.3765],[26.8825,38.3765],[26.88,38.3765],[26.88,38.3745],[26.8775,38.3745],[26.875,38.3755],[26.875,38.3745],[26.8738,38.3745],[26.8725,38.3745],[26.8712,38.3745],[26.87,38.3745],[26.8687,38.3745],[26.8675,38.3745],[26.8675,38.3735],[26.8663,38.3735],[26.865,38.3735],[26.8637,38.3735],[26.8625,38.3735],[26.8612,38.3735],[26.8612,38.3726],[26.86,38.3726],[26.8587,38.3726],[26.8575,38.3726],[26.8563,38.3726],[26.855,38.3726],[26.8538,38.3726],[26.8525,38.3726],[26.8525,38.3716],[26.8513,38.3716],[26.85,38.3716],[26.8488,38.3716],[26.8488,38.3706],[26.8475,38.3706],[26.8463,38.3706],[26.845,38.3706],[26.845,38.3696],[26.8438,38.3696],[26.8425,38.3696],[26.8412,38.3696],[26.8412,38.3686],[26.84,38.3686],[26.8388,38.3686],[26.8375,38.3686],[26.8362,38.3686],[26.835,38.3686],[26.8337,38.3686],[26.8325,38.3686],[26.8325,38.3677],[26.8313,38.3677],[26.83,38.3677],[26.83,38.3667],[26.8287,38.3667],[26.8275,38.3667],[26.8263,38.3667],[26.8263,38.3657],[26.825,38.3657],[26.8237,38.3657],[26.8225,38.3657],[26.8225,38.3647],[26.8213,38.3647],[26.8213,38.3637],[26.82,38.3637],[26.8188,38.3637],[26.8188,38.3628],[26.8175,38.3628],[26.8175,38.3618],[26.8175,38.3608],[26.8163,38.3608],[26.815,38.3608],[26.815,38.3598],[26.8137,38.3598],[26.8137,38.3588],[26.8137,38.3579],[26.8125,38.3579],[26.8125,38.3569],[26.8113,38.3569],[26.81,38.3569],[26.81,38.3559],[26.8087,38.3559],[26.8075,38.3559],[26.8075,38.3549],[26.8062,38.3549],[26.805,38.3549],[26.8038,38.3549],[26.8038,38.3559],[26.8025,38.3559],[26.8012,38.3559],[26.8,38.3559],[26.7987,38.3559],[26.7975,38.3559],[26.7962,38.3559],[26.7962,38.3569],[26.795,38.3569],[26.7937,38.3569],[26.7937,38.3579],[26.7925,38.3579],[26.7913,38.3579],[26.79,38.3579],[26.7888,38.3579],[26.7888,38.3588],[26.7875,38.3588],[26.7863,38.3588],[26.7863,38.3598],[26.785,38.3598],[26.785,38.3608],[26.7838,38.3608],[26.7825,38.3608],[26.7825,38.3618],[26.7825,38.3628],[26.7825,38.3637],[26.7825,38.3647],[26.7825,38.3657],[26.7838,38.3657],[26.7838,38.3667],[26.785,38.3667],[26.7863,38.3667],[26.7863,38.3677],[26.7875,38.3677],[26.7875,38.3686],[26.7875,38.3696],[26.7888,38.3696],[26.7888,38.3706],[26.79,38.3706],[26.79,38.3716],[26.7913,38.3716],[26.7913,38.3726],[26.7913,38.3735],[26.7913,38.3745],[26.7913,38.3755],[26.79,38.3755],[26.7888,38.3755],[26.7875,38.3755],[26.7875,38.3745],[26.7863,38.3745],[26.7863,38.3735],[26.7863,38.3726],[26.7863,38.3716],[26.785,38.3716],[26.785,38.3706],[26.7838,38.3706],[26.7838,38.3696],[26.7838,38.3686],[26.7825,38.3686],[26.7825,38.3677],[26.7825,38.3667],[26.7812,38.3667],[26.7812,38.3657],[26.7812,38.3647],[26.7812,38.3637],[26.78,38.3637],[26.7788,38.3637],[26.7788,38.3628],[26.7775,38.3628],[26.7763,38.3628],[26.775,38.3628],[26.7737,38.3628],[26.7737,38.3637],[26.7725,38.3637],[26.7712,38.3637],[26.7712,38.3647],[26.77,38.3647],[26.7687,38.3647],[26.7675,38.3647],[26.7675,38.3657],[26.7662,38.3657],[26.7662,38.3667],[26.765,38.3667],[26.765,38.3677],[26.765,38.3686],[26.7638,38.3686],[26.7638,38.3696],[26.7625,38.3696],[26.7625,38.3706],[26.7625,38.3716],[26.7638,38.3716],[26.7638,38.3726],[26.7638,38.3735],[26.7638,38.3745],[26.7638,38.3755],[26.7625,38.3755],[26.7625,38.3765],[26.7625,38.3775],[26.7625,38.3784],[26.7625,38.3794],[26.7625,38.3804],[26.7625,38.3814],[26.7625,38.3824],[26.7613,38.3824],[26.7613,38.3833],[26.76,38.3833],[26.76,38.3843],[26.7587,38.3843],[26.7587,38.3853],[26.7575,38.3853],[26.7563,38.3853],[26.7563,38.3863],[26.755,38.3863],[26.7538,38.3863],[26.7538,38.3873],[26.7525,38.3873],[26.7525,38.3882],[26.7512,38.3882],[26.7512,38.3892],[26.75,38.3892],[26.75,38.3902],[26.75,38.3912],[26.75,38.3922],[26.75,38.3931],[26.75,38.3941],[26.7488,38.3941],[26.7488,38.3951],[26.7488,38.3961],[26.7488,38.3971],[26.7488,38.398],[26.75,38.398],[26.7512,38.398],[26.7512,38.399],[26.75,38.399],[26.75,38.4],[26.7488,38.4],[26.7475,38.4],[26.7462,38.4],[26.745,38.4],[26.7425,38.4],[26.7413,38.402],[26.74,38.402],[26.74,38.4029],[26.7375,38.4039],[26.7387,38.4059],[26.7387,38.4068],[26.7387,38.4078],[26.7387,38.4088],[26.7375,38.4088],[26.7375,38.4098],[26.7375,38.4108],[26.7362,38.4108],[26.735,38.4108],[26.735,38.4117],[26.735,38.4127],[26.735,38.4137],[26.735,38.4147],[26.735,38.4157],[26.735,38.4166],[26.735,38.4176],[26.7362,38.4176],[26.7362,38.4186],[26.7375,38.4186],[26.7375,38.4196],[26.7387,38.4196],[26.74,38.4196],[26.74,38.4206],[26.74,38.4215],[26.7387,38.4215],[26.7387,38.4225],[26.7375,38.4225],[26.7375,38.4235],[26.7375,38.4245],[26.7375,38.4255],[26.7375,38.4264],[26.7362,38.4274],[26.735,38.4274],[26.7337,38.4274],[26.735,38.4255],[26.735,38.4235],[26.735,38.4225],[26.7325,38.4235],[26.7325,38.4255],[26.73,38.4255],[26.73,38.4274],[26.7325,38.4274],[26.7325,38.4284],[26.7313,38.4294],[26.73,38.4294],[26.73,38.4304],[26.7275,38.4294],[26.7263,38.4313],[26.7263,38.4323],[26.7263,38.4333],[26.725,38.4333],[26.725,38.4343],[26.7237,38.4343],[26.7237,38.4353],[26.7225,38.4353],[26.7213,38.4353],[26.7213,38.4343],[26.7213,38.4333],[26.7213,38.4323],[26.7225,38.4323],[26.7225,38.4313],[26.7225,38.4304],[26.7237,38.4304],[26.7237,38.4294],[26.725,38.4274],[26.725,38.4255],[26.7225,38.4255],[26.72,38.4255],[26.7188,38.4255],[26.7175,38.4255],[26.715,38.4255],[26.715,38.4274],[26.7125,38.4274],[26.7125,38.4294],[26.7112,38.4294],[26.7112,38.4304],[26.7112,38.4313],[26.71,38.4313],[26.7087,38.4313],[26.7087,38.4323],[26.7075,38.4323],[26.7063,38.4323],[26.7063,38.4313],[26.7063,38.4304],[26.7063,38.4294],[26.705,38.4284],[26.7038,38.4284],[26.7038,38.4274],[26.7025,38.4274],[26.7025,38.4264],[26.7013,38.4264],[26.7013,38.4255],[26.7013,38.4245],[26.7,38.4245],[26.6988,38.4245],[26.6975,38.4245],[26.6975,38.4235],[26.6975,38.4225],[26.6962,38.4225],[26.695,38.4225],[26.695,38.4215],[26.695,38.4206],[26.695,38.4196],[26.695,38.4186],[26.6938,38.4186],[26.6925,38.4186],[26.6912,38.4186],[26.69,38.4186],[26.69,38.4176],[26.6887,38.4176],[26.6887,38.4166],[26.6887,38.4157],[26.6887,38.4147],[26.6875,38.4147],[26.6863,38.4147],[26.6863,38.4137],[26.6863,38.4127],[26.6863,38.4117],[26.6863,38.4108],[26.685,38.4108],[26.685,38.4098],[26.6837,38.4098],[26.6837,38.4088],[26.685,38.4088],[26.685,38.4078],[26.6863,38.4078],[26.6863,38.4068],[26.6863,38.4059],[26.6863,38.4049],[26.6863,38.4039],[26.6863,38.4029],[26.6863,38.402],[26.685,38.401],[26.685,38.4],[26.685,38.399],[26.6837,38.399],[26.6837,38.398],[26.6825,38.398],[26.6825,38.3971],[26.6812,38.3971],[26.6812,38.3961],[26.68,38.3961],[26.68,38.3951],[26.6787,38.3951],[26.6787,38.3941],[26.6787,38.3931],[26.6787,38.3922],[26.6775,38.3922],[26.6775,38.3912],[26.6775,38.3902],[26.6775,38.3892],[26.6763,38.3892],[26.6763,38.3882],[26.6763,38.3873],[26.6763,38.3863],[26.6763,38.3853],[26.6763,38.3843],[26.6763,38.3833],[26.6763,38.3824],[26.6763,38.3814],[26.6763,38.3804],[26.6775,38.3804],[26.6775,38.3794],[26.6775,38.3784],[26.6787,38.3784],[26.6787,38.3775],[26.68,38.3775],[26.68,38.3765],[26.6812,38.3765],[26.6812,38.3755],[26.6825,38.3755],[26.6825,38.3745],[26.6825,38.3735],[26.6825,38.3726],[26.6825,38.3716],[26.6825,38.3706],[26.6825,38.3696],[26.6825,38.3686],[26.6825,38.3677],[26.6825,38.3667],[26.6825,38.3657],[26.6825,38.3647],[26.6825,38.3637],[26.6825,38.3628],[26.6837,38.3628],[26.6837,38.3618],[26.6837,38.3608],[26.685,38.3588],[26.685,38.3569],[26.6825,38.3569],[26.6825,38.3549],[26.6812,38.3549],[26.68,38.3559],[26.68,38.3569],[26.68,38.3579],[26.6787,38.3579],[26.6775,38.3579],[26.6763,38.3579],[26.6763,38.3569],[26.6763,38.3559],[26.6775,38.3559],[26.6775,38.3549],[26.6775,38.3539],[26.6775,38.353],[26.6775,38.352],[26.6775,38.351],[26.6775,38.35],[26.6763,38.35],[26.6763,38.349],[26.6763,38.3481],[26.675,38.3481],[26.675,38.3471],[26.6763,38.3471],[26.6775,38.3471],[26.6787,38.3471],[26.6787,38.3481],[26.68,38.3481],[26.6812,38.3481],[26.6825,38.3481],[26.6825,38.3471],[26.6837,38.3471],[26.6837,38.3461],[26.685,38.3461],[26.6863,38.3461],[26.6863,38.3451],[26.6875,38.3451],[26.6887,38.3451],[26.6887,38.3441],[26.69,38.3441],[26.69,38.3432],[26.6912,38.3432],[26.6925,38.3432],[26.6925,38.3422],[26.6938,38.3422],[26.6938,38.3412],[26.695,38.3412],[26.695,38.3402],[26.695,38.3392],[26.6962,38.3392],[26.6962,38.3382],[26.6962,38.3373],[26.695,38.3373],[26.695,38.3363],[26.695,38.3353],[26.6962,38.3353],[26.6962,38.3343],[26.6962,38.3333],[26.6975,38.3333],[26.6975,38.3324],[26.6988,38.3324],[26.7,38.3324],[26.7,38.3314],[26.7013,38.3314],[26.7013,38.3304],[26.7013,38.3294],[26.7025,38.3294],[26.7025,38.3284],[26.7025,38.3275],[26.7025,38.3265],[26.7025,38.3255],[26.7025,38.3245],[26.7013,38.3245],[26.7013,38.3235],[26.7013,38.3226],[26.7025,38.3226],[26.7025,38.3216],[26.7025,38.3206],[26.7038,38.3206],[26.7038,38.3196],[26.7038,38.3186],[26.7038,38.3177],[26.7038,38.3167],[26.7038,38.3157],[26.7025,38.3147],[26.7025,38.3137],[26.7013,38.3137],[26.7,38.3137],[26.7,38.3128],[26.6988,38.3128],[26.6975,38.3128],[26.6962,38.3128],[26.695,38.3128],[26.695,38.3118],[26.6938,38.3118],[26.6925,38.3118],[26.6912,38.3118],[26.69,38.3118],[26.69,38.3108],[26.6887,38.3108],[26.6875,38.3108],[26.6863,38.3108],[26.6863,38.3098],[26.685,38.3098],[26.6837,38.3098],[26.6825,38.3098],[26.6812,38.3098],[26.68,38.3098],[26.68,38.3108],[26.6787,38.3108],[26.6775,38.3108],[26.6763,38.3108],[26.675,38.3108],[26.675,38.3118],[26.6737,38.3118],[26.6737,38.3128],[26.6725,38.3128],[26.6725,38.3137],[26.6713,38.3137],[26.6713,38.3147],[26.67,38.3147],[26.67,38.3157],[26.6687,38.3157],[26.6687,38.3167],[26.6687,38.3177],[26.6687,38.3186],[26.6675,38.3186],[26.6675,38.3196],[26.6675,38.3206],[26.6675,38.3216],[26.6675,38.3226],[26.6663,38.3226],[26.6663,38.3235],[26.665,38.3235],[26.665,38.3245],[26.6638,38.3245],[26.6625,38.3245],[26.6612,38.3245],[26.6612,38.3255],[26.66,38.3255],[26.66,38.3265],[26.66,38.3275],[26.66,38.3284],[26.6588,38.3284],[26.6588,38.3294],[26.6588,38.3304],[26.6575,38.3304],[26.6562,38.3304],[26.655,38.3304],[26.655,38.3314],[26.655,38.3324],[26.655,38.3333],[26.6537,38.3333],[26.6537,38.3343],[26.6537,38.3353],[26.6537,38.3363],[26.6525,38.3363],[26.6512,38.3363],[26.65,38.3363],[26.65,38.3373],[26.6487,38.3373],[26.6475,38.3373],[26.6475,38.3382],[26.6462,38.3382],[26.645,38.3382],[26.645,38.3392],[26.645,38.3402],[26.645,38.3412],[26.6437,38.3412],[26.6437,38.3422],[26.6437,38.3432],[26.6425,38.3432],[26.6425,38.3441],[26.6425,38.3451],[26.6425,38.3461],[26.6425,38.3471],[26.6425,38.3481],[26.6425,38.349],[26.6425,38.35],[26.6437,38.35],[26.6437,38.351],[26.6437,38.352],[26.6437,38.353],[26.645,38.353],[26.645,38.3539],[26.645,38.3549],[26.645,38.3559],[26.6462,38.3559],[26.6462,38.3569],[26.6462,38.3579],[26.6462,38.3588],[26.6462,38.3598],[26.6462,38.3608],[26.6462,38.3618],[26.6462,38.3628],[26.6462,38.3637],[26.6462,38.3647],[26.645,38.3647],[26.645,38.3657],[26.645,38.3667],[26.645,38.3677],[26.645,38.3686],[26.645,38.3696],[26.645,38.3706],[26.645,38.3716],[26.6437,38.3716],[26.6437,38.3726],[26.6437,38.3735],[26.6437,38.3745],[26.6425,38.3745],[26.6425,38.3755],[26.6425,38.3765],[26.6413,38.3765],[26.6413,38.3775],[26.64,38.3775],[26.6388,38.3775],[26.6375,38.3775],[26.6375,38.3784],[26.6363,38.3784],[26.635,38.3784],[26.635,38.3794],[26.6337,38.3794],[26.6325,38.3794],[26.6325,38.3804],[26.6313,38.3804],[26.6313,38.3814],[26.6313,38.3824],[26.6313,38.3833],[26.63,38.3833],[26.63,38.3843],[26.63,38.3853],[26.6288,38.3853],[26.6288,38.3863],[26.6288,38.3873],[26.6275,38.3873],[26.6275,38.3882],[26.6275,38.3892],[26.6262,38.3892],[26.6262,38.3902],[26.625,38.3902],[26.6225,38.3902],[26.6238,38.3922],[26.6238,38.3931],[26.625,38.3931],[26.625,38.3941],[26.625,38.3951],[26.625,38.3961],[26.625,38.3971],[26.625,38.398],[26.6238,38.398],[26.6238,38.399],[26.6225,38.399],[26.6212,38.399],[26.6212,38.4],[26.62,38.4],[26.6187,38.4],[26.6187,38.401],[26.6175,38.401],[26.6175,38.402],[26.6175,38.4029],[26.6175,38.4039],[26.6175,38.4049],[26.6175,38.4059],[26.6175,38.4068],[26.6175,38.4078],[26.6163,38.4078],[26.6163,38.4088],[26.6163,38.4098],[26.615,38.4098],[26.615,38.4108],[26.615,38.4117],[26.615,38.4127],[26.6163,38.4127],[26.6163,38.4137],[26.615,38.4137],[26.615,38.4147],[26.6137,38.4147],[26.6137,38.4157],[26.6125,38.4157],[26.6125,38.4166],[26.6125,38.4176],[26.6125,38.4186],[26.6125,38.4196],[26.6125,38.4206],[26.6113,38.4206],[26.61,38.4206],[26.6088,38.4206],[26.6088,38.4196],[26.6075,38.4196],[26.6075,38.4186],[26.6063,38.4186],[26.6063,38.4176],[26.605,38.4176],[26.605,38.4166],[26.6038,38.4166],[26.6038,38.4157],[26.6025,38.4147],[26.6013,38.4147],[26.6013,38.4157],[26.6,38.4157],[26.5987,38.4157],[26.5987,38.4166],[26.5975,38.4166],[26.5975,38.4176],[26.5963,38.4176],[26.595,38.4176],[26.595,38.4186],[26.5938,38.4186],[26.5925,38.4186],[26.5925,38.4196],[26.5912,38.4196],[26.59,38.4196],[26.5887,38.4196],[26.5875,38.4196],[26.5875,38.4206],[26.5862,38.4215],[26.5862,38.4225],[26.585,38.4225],[26.585,38.4235],[26.585,38.4245],[26.585,38.4255],[26.585,38.4264],[26.585,38.4274],[26.5862,38.4274],[26.5862,38.4284],[26.5862,38.4294],[26.5875,38.4294],[26.5887,38.4294],[26.59,38.4294],[26.5912,38.4294],[26.5912,38.4304],[26.5925,38.4304],[26.5938,38.4304],[26.5938,38.4313],[26.595,38.4313],[26.5963,38.4313],[26.5975,38.4313],[26.5987,38.4313],[26.5987,38.4323],[26.6,38.4323],[26.6,38.4333],[26.6,38.4343],[26.6,38.4353],[26.6,38.4362],[26.6013,38.4362],[26.6013,38.4372],[26.6013,38.4382],[26.6025,38.4382],[26.6025,38.4392],[26.6025,38.4401],[26.6025,38.4411],[26.6013,38.4411],[26.6013,38.4421],[26.6013,38.4431],[26.6,38.4431],[26.6,38.4441],[26.6,38.445],[26.6013,38.445],[26.6013,38.446],[26.6013,38.447],[26.6025,38.447],[26.6025,38.448],[26.6038,38.448],[26.6038,38.449],[26.6038,38.4499],[26.6038,38.4509],[26.6038,38.4519],[26.6038,38.4529],[26.6038,38.4539],[26.6038,38.4548],[26.6025,38.4548],[26.6025,38.4558],[26.6025,38.4568],[26.6013,38.4568],[26.6013,38.4578],[26.6013,38.4587],[26.6,38.4587],[26.6,38.4597],[26.5987,38.4597],[26.5987,38.4587],[26.5975,38.4587],[26.595,38.4587],[26.59,38.4568],[26.59,38.4607],[26.59,38.4627],[26.5925,38.4627],[26.5938,38.4627],[26.5938,38.4636],[26.595,38.4636],[26.5963,38.4636],[26.5963,38.4646],[26.5975,38.4646],[26.5975,38.4656],[26.5963,38.4656],[26.5963,38.4666],[26.595,38.4666],[26.5938,38.4666],[26.5925,38.4666],[26.5925,38.4676],[26.59,38.4685],[26.5925,38.4685],[26.5925,38.4705],[26.595,38.4695],[26.5963,38.4695],[26.5975,38.4695],[26.5987,38.4695],[26.6,38.4695],[26.6013,38.4695],[26.6025,38.4695],[26.6038,38.4695],[26.605,38.4695],[26.6063,38.4695],[26.6075,38.4695],[26.6088,38.4695],[26.6088,38.4705],[26.61,38.4705],[26.6113,38.4705],[26.6125,38.4705],[26.6137,38.4705],[26.6137,38.4715],[26.615,38.4715],[26.6163,38.4715],[26.6175,38.4715],[26.6187,38.4715],[26.62,38.4715],[26.62,38.4705],[26.6212,38.4705],[26.6225,38.4705],[26.6238,38.4705],[26.625,38.4705],[26.625,38.4695],[26.6262,38.4695],[26.6275,38.4695],[26.6275,38.4685],[26.6288,38.4685],[26.6288,38.4676],[26.6288,38.4666],[26.6288,38.4656],[26.63,38.4656],[26.63,38.4646],[26.63,38.4636],[26.6313,38.4636],[26.6313,38.4627],[26.6325,38.4627],[26.6325,38.4636],[26.6337,38.4636],[26.6337,38.4646],[26.635,38.4646],[26.6363,38.4646],[26.6375,38.4646],[26.6388,38.4646],[26.64,38.4646],[26.64,38.4656],[26.64,38.4666],[26.64,38.4676],[26.6413,38.4676],[26.6413,38.4685],[26.64,38.4685],[26.64,38.4695],[26.64,38.4705],[26.64,38.4715],[26.64,38.4724],[26.64,38.4734],[26.64,38.4744],[26.64,38.4754],[26.6388,38.4754],[26.6388,38.4764],[26.6388,38.4773],[26.6388,38.4783],[26.6388,38.4793],[26.6375,38.4793],[26.6375,38.4803],[26.6375,38.4813],[26.6375,38.4822],[26.6375,38.4832],[26.6375,38.4842],[26.6375,38.4852],[26.6363,38.4852],[26.6363,38.4861],[26.6363,38.4871],[26.635,38.4871],[26.635,38.4881],[26.635,38.4891],[26.635,38.4901],[26.635,38.491],[26.635,38.492],[26.6337,38.492],[26.6337,38.493],[26.6337,38.494],[26.6337,38.495],[26.6337,38.4959],[26.6325,38.4959],[26.6325,38.4969],[26.6325,38.4979],[26.6325,38.4989],[26.6325,38.4998],[26.6325,38.5008],[26.6325,38.5018],[26.6325,38.5028],[26.6325,38.5038],[26.6325,38.5047],[26.6325,38.5057],[26.6325,38.5067],[26.6325,38.5077],[26.6325,38.5087],[26.6325,38.5096],[26.6325,38.5106],[26.6313,38.5106],[26.6313,38.5116],[26.63,38.5116],[26.63,38.5126],[26.63,38.5135],[26.63,38.5145],[26.63,38.5155],[26.6288,38.5155],[26.6275,38.5155],[26.625,38.5155],[26.625,38.5175],[26.625,38.5194],[26.625,38.5204],[26.625,38.5214],[26.6238,38.5214],[26.6238,38.5223],[26.6238,38.5233],[26.6238,38.5243],[26.6238,38.5253],[26.625,38.5253],[26.625,38.5263],[26.625,38.5272],[26.625,38.5282],[26.625,38.5292],[26.625,38.5302],[26.6238,38.5302],[26.6238,38.5292],[26.6225,38.5292],[26.6212,38.5292],[26.62,38.5292],[26.6187,38.5292],[26.6187,38.5282],[26.6175,38.5282],[26.6163,38.5282],[26.615,38.5282],[26.615,38.5292],[26.6137,38.5292],[26.6125,38.5292],[26.6113,38.5292],[26.61,38.5292],[26.61,38.5302],[26.6088,38.5302],[26.6075,38.5302],[26.6075,38.5311],[26.6063,38.5311],[26.605,38.5311],[26.605,38.5321],[26.605,38.5331],[26.6038,38.5331],[26.6038,38.5341],[26.6025,38.5341],[26.6025,38.5351],[26.6025,38.536],[26.6025,38.537],[26.6013,38.537],[26.6,38.537],[26.6,38.538],[26.6,38.539],[26.5987,38.539],[26.5987,38.5399],[26.5975,38.5399],[26.595,38.539],[26.595,38.5409],[26.5925,38.5409],[26.5925,38.5429],[26.5925,38.5439],[26.5925,38.5448],[26.5912,38.5448],[26.59,38.5448],[26.59,38.5458],[26.5887,38.5458],[26.5875,38.5458],[26.5875,38.5468],[26.5862,38.5468],[26.585,38.5468],[26.585,38.5478],[26.5837,38.5478],[26.5837,38.5487],[26.5825,38.5487],[26.5825,38.5497],[26.5812,38.5497],[26.5812,38.5507],[26.58,38.5507],[26.58,38.5517],[26.58,38.5527],[26.5787,38.5527],[26.5787,38.5536],[26.5775,38.5536],[26.5763,38.5536],[26.5763,38.5546],[26.5763,38.5556],[26.575,38.5556],[26.5738,38.5566],[26.5725,38.5566],[26.5725,38.5575],[26.5713,38.5585],[26.57,38.5585],[26.57,38.5595],[26.57,38.5605],[26.5688,38.5605],[26.5688,38.5615],[26.5688,38.5624],[26.5688,38.5634],[26.5688,38.5644],[26.5688,38.5654],[26.5688,38.5663],[26.57,38.5663],[26.57,38.5673],[26.5688,38.5673],[26.5675,38.5673],[26.5675,38.5683],[26.5675,38.5693],[26.5675,38.5702],[26.5663,38.5702],[26.5663,38.5712],[26.5663,38.5722],[26.5663,38.5732],[26.5663,38.5742],[26.5663,38.5751],[26.5663,38.5761],[26.5663,38.5771],[26.5663,38.5781],[26.5663,38.579],[26.5663,38.58],[26.5663,38.581],[26.5663,38.582],[26.5663,38.583],[26.5663,38.5839],[26.565,38.5839],[26.565,38.5849],[26.565,38.5859],[26.565,38.5869],[26.565,38.5878],[26.565,38.5888],[26.565,38.5898],[26.565,38.5908],[26.5637,38.5908],[26.5625,38.5908],[26.5625,38.5917],[26.5625,38.5927],[26.5613,38.5927],[26.5613,38.5937],[26.5613,38.5947],[26.5613,38.5957],[26.5625,38.5957],[26.5625,38.5966],[26.5625,38.5976],[26.5625,38.5986],[26.5625,38.5996],[26.5625,38.6005],[26.5613,38.6005],[26.5613,38.5996],[26.56,38.5996],[26.5575,38.5996],[26.5587,38.6015],[26.5587,38.6025],[26.5575,38.6025],[26.5562,38.6025],[26.5562,38.6015],[26.555,38.5996],[26.5525,38.5996],[26.5512,38.5996],[26.55,38.5996],[26.55,38.6005],[26.5487,38.6015],[26.5487,38.6025],[26.5487,38.6035],[26.5475,38.6035],[26.5475,38.6044],[26.5463,38.6044],[26.5463,38.6054],[26.545,38.6054],[26.545,38.6064],[26.545,38.6074],[26.5437,38.6074],[26.5437,38.6084],[26.5437,38.6093],[26.5425,38.6093],[26.5425,38.6103],[26.5425,38.6113],[26.5413,38.6113],[26.5413,38.6123],[26.5413,38.6132],[26.54,38.6132],[26.54,38.6142],[26.5388,38.6142],[26.5388,38.6152],[26.5388,38.6162],[26.5375,38.6162],[26.5375,38.6171],[26.5375,38.6181],[26.5375,38.6191],[26.5375,38.6201],[26.5362,38.6201],[26.535,38.6201],[26.535,38.6211],[26.5338,38.6211],[26.5325,38.6211],[26.53,38.6211],[26.5312,38.623],[26.5312,38.624],[26.5312,38.625],[26.53,38.625],[26.53,38.6259],[26.5287,38.6259],[26.5275,38.6259],[26.5275,38.6269],[26.5263,38.6269],[26.525,38.6269],[26.5225,38.6269],[26.5237,38.6289],[26.5237,38.6298],[26.525,38.6298],[26.525,38.6308],[26.5263,38.6308],[26.5263,38.6318],[26.525,38.6318],[26.525,38.6328],[26.5237,38.6328],[26.5237,38.6337],[26.5237,38.6347],[26.5237,38.6357],[26.5225,38.6357],[26.5212,38.6367],[26.52,38.6367],[26.52,38.6377],[26.52,38.6386],[26.5212,38.6386],[26.5212,38.6396],[26.5225,38.6396],[26.5237,38.6396],[26.525,38.6396],[26.5263,38.6396],[26.5263,38.6406],[26.5275,38.6406],[26.5275,38.6416],[26.5275,38.6425],[26.5263,38.6425],[26.5263,38.6435],[26.525,38.6435],[26.525,38.6445],[26.5237,38.6445],[26.5237,38.6455],[26.5237,38.6464],[26.5237,38.6474],[26.5225,38.6474],[26.5225,38.6484],[26.5212,38.6484],[26.52,38.6484],[26.5188,38.6484],[26.5188,38.6494],[26.5175,38.6494],[26.5175,38.6484],[26.5163,38.6484],[26.5163,38.6474],[26.5163,38.6464],[26.515,38.6464],[26.5138,38.6464],[26.5125,38.6464],[26.5125,38.6474],[26.5113,38.6474],[26.51,38.6474],[26.51,38.6484],[26.51,38.6494],[26.5087,38.6494],[26.5075,38.6494],[26.5075,38.6503],[26.5062,38.6503],[26.505,38.6503],[26.5038,38.6503],[26.5025,38.6503],[26.5012,38.6503],[26.5012,38.6513],[26.5012,38.6523],[26.5012,38.6533],[26.5,38.6533],[26.5,38.6543],[26.5,38.6552],[26.5,38.6562],[26.4988,38.6562],[26.4975,38.6562],[26.4975,38.6572],[26.4962,38.6572],[26.4962,38.6582],[26.495,38.6582],[26.4925,38.6582],[26.4937,38.6601],[26.4925,38.6601],[26.4925,38.6611],[26.4925,38.6621],[26.4913,38.6621],[26.49,38.6621],[26.4875,38.6621],[26.4863,38.664],[26.485,38.664],[26.485,38.665],[26.485,38.666],[26.4825,38.666],[26.4838,38.6679],[26.4825,38.6679],[26.4813,38.6679],[26.4813,38.6689],[26.4813,38.6699],[26.48,38.6699],[26.48,38.6708],[26.4788,38.6708],[26.4788,38.6718],[26.4775,38.6718],[26.4775,38.6728],[26.4763,38.6728],[26.475,38.6728],[26.4737,38.6728],[26.4737,38.6718],[26.4725,38.6718],[26.4725,38.6699],[26.4725,38.6679],[26.47,38.6679],[26.4675,38.6679],[26.4662,38.6679],[26.465,38.6679],[26.4637,38.6679],[26.4625,38.6679],[26.4625,38.6689],[26.4613,38.6689],[26.46,38.6689],[26.46,38.6699],[26.4587,38.6699],[26.4575,38.6699],[26.4575,38.6708],[26.4563,38.6708],[26.455,38.6708],[26.4537,38.6708],[26.4525,38.6708],[26.4513,38.6708],[26.45,38.6708],[26.4488,38.6708],[26.4475,38.6708],[26.445,38.6699],[26.445,38.6718],[26.4438,38.6718],[26.4425,38.6708],[26.4425,38.6699],[26.4413,38.6699],[26.44,38.6699],[26.4387,38.6699],[26.4375,38.6699],[26.4362,38.6699],[26.435,38.6699],[26.435,38.6708],[26.4337,38.6708],[26.4337,38.6718],[26.4325,38.6718],[26.4325,38.6728],[26.4312,38.6728],[26.43,38.6728],[26.43,38.6738],[26.43,38.6747],[26.4287,38.6747],[26.4287,38.6757],[26.4275,38.6757],[26.4275,38.6767],[26.4275,38.6777],[26.4263,38.6777],[26.425,38.6777],[26.4237,38.6777],[26.4237,38.6787],[26.4225,38.6787],[26.4213,38.6787],[26.42,38.6787],[26.4187,38.6787],[26.4175,38.6787],[26.4163,38.6787],[26.415,38.6787],[26.415,38.6777],[26.415,38.6757],[26.4125,38.6767],[26.4125,38.6757],[26.4112,38.6757],[26.41,38.6747],[26.41,38.6738],[26.4088,38.6738],[26.4075,38.6728],[26.4075,38.6718],[26.4062,38.6718],[26.405,38.6708],[26.405,38.6699],[26.4037,38.6699],[26.405,38.6679],[26.4025,38.6679],[26.4013,38.6679],[26.4,38.666],[26.3975,38.6669],[26.3963,38.6669],[26.3963,38.666],[26.395,38.666],[26.3938,38.666],[26.3925,38.666],[26.3912,38.666],[26.3912,38.665],[26.39,38.665],[26.3888,38.665],[26.3875,38.665],[26.3863,38.665],[26.385,38.665],[26.3837,38.665],[26.3837,38.664],[26.3825,38.664],[26.3825,38.6621],[26.38,38.6621],[26.3775,38.663],[26.3762,38.663],[26.375,38.663],[26.3738,38.663],[26.3725,38.663],[26.3725,38.6621],[26.3713,38.6621],[26.37,38.6621],[26.37,38.6611],[26.3687,38.6611],[26.3675,38.6611],[26.3662,38.6611],[26.3662,38.6601],[26.365,38.6601],[26.3637,38.6601],[26.3637,38.6591],[26.3625,38.6591],[26.3625,38.6582],[26.3625,38.6562],[26.36,38.6562],[26.36,38.6552],[26.36,38.6543],[26.36,38.6533],[26.3588,38.6533],[26.3588,38.6523],[26.3588,38.6513],[26.3588,38.6503],[26.3575,38.6494],[26.3575,38.6484],[26.3575,38.6464],[26.3575,38.6445],[26.3562,38.6425],[26.3562,38.6416],[26.355,38.6416],[26.355,38.6406],[26.355,38.6396],[26.355,38.6386],[26.355,38.6377],[26.355,38.6367],[26.355,38.6357],[26.355,38.6347],[26.3562,38.6347],[26.3562,38.6337],[26.3562,38.6328],[26.3562,38.6318],[26.3562,38.6308],[26.3562,38.6298],[26.3562,38.6289],[26.3562,38.6279],[26.3562,38.6269],[26.3562,38.6259],[26.3562,38.625],[26.3575,38.625],[26.3575,38.624],[26.3575,38.623],[26.3575,38.622],[26.3575,38.6211],[26.3575,38.6201],[26.3575,38.6191],[26.3562,38.6191],[26.3562,38.6181],[26.3562,38.6171],[26.3575,38.6152],[26.3562,38.6132],[26.3562,38.6123],[26.3562,38.6113],[26.3575,38.6113],[26.3575,38.6103],[26.3575,38.6093],[26.3588,38.6093],[26.3588,38.6084],[26.36,38.6084],[26.36,38.6074],[26.36,38.6064],[26.36,38.6054],[26.3612,38.6054],[26.3612,38.6044],[26.3612,38.6035],[26.3612,38.6025],[26.3612,38.6015],[26.3612,38.6005],[26.3612,38.5996],[26.3612,38.5986],[26.3612,38.5976],[26.3625,38.5957],[26.3625,38.5937],[26.3625,38.5927],[26.3625,38.5917],[26.3625,38.5908],[26.3637,38.5908],[26.3637,38.5898],[26.3637,38.5888],[26.3637,38.5878],[26.3625,38.5878],[26.3625,38.5869],[26.3625,38.5859],[26.3625,38.5849],[26.3625,38.5839],[26.3625,38.583],[26.3625,38.582],[26.3625,38.58],[26.3625,38.5781],[26.3612,38.5761],[26.3612,38.5751],[26.3612,38.5742],[26.3612,38.5732],[26.3612,38.5722],[26.3612,38.5712],[26.3612,38.5702],[26.3612,38.5693],[26.3625,38.5693],[26.3625,38.5683],[26.3625,38.5673],[26.3612,38.5673],[26.3612,38.5663],[26.3612,38.5654],[26.3625,38.5654],[26.3625,38.5644],[26.3637,38.5644],[26.3637,38.5634],[26.365,38.5634],[26.365,38.5624],[26.365,38.5615],[26.3662,38.5615],[26.3675,38.5615],[26.3675,38.5605],[26.3687,38.5605],[26.37,38.5605],[26.37,38.5595],[26.3713,38.5595],[26.3713,38.5585],[26.3713,38.5575],[26.3713,38.5566],[26.3713,38.5556],[26.3713,38.5546],[26.3713,38.5536],[26.3713,38.5527],[26.3725,38.5527],[26.3725,38.5517],[26.3738,38.5517],[26.375,38.5517],[26.375,38.5507],[26.375,38.5497],[26.375,38.5487],[26.375,38.5478],[26.375,38.5468],[26.3762,38.5468],[26.3775,38.5468],[26.3775,38.5458],[26.3788,38.5458],[26.3788,38.5448],[26.3788,38.5439],[26.38,38.5439],[26.38,38.5429],[26.3813,38.5429],[26.3825,38.5409],[26.3825,38.539],[26.38,38.538],[26.38,38.537],[26.38,38.5351],[26.38,38.5331],[26.38,38.5311],[26.3825,38.5311],[26.3825,38.5292],[26.38,38.5292],[26.3788,38.5292],[26.3775,38.5302],[26.3775,38.5311],[26.3775,38.5321],[26.3775,38.5331],[26.3775,38.5341],[26.3775,38.5351],[26.3775,38.536],[26.3762,38.536],[26.3762,38.537],[26.3762,38.538],[26.3762,38.539],[26.375,38.539],[26.375,38.538],[26.3738,38.538],[26.3738,38.537],[26.3738,38.536],[26.3738,38.5351],[26.3738,38.5341],[26.3738,38.5331],[26.3738,38.5321],[26.3738,38.5311],[26.3725,38.5311],[26.3725,38.5302],[26.3738,38.5302],[26.3738,38.5292],[26.375,38.5292],[26.3762,38.5292],[26.3762,38.5282],[26.3762,38.5272],[26.3762,38.5263],[26.3762,38.5253],[26.3775,38.5253],[26.3775,38.5243],[26.3788,38.5243],[26.3788,38.5233],[26.38,38.5233],[26.38,38.5223],[26.38,38.5214],[26.3813,38.5214],[26.3813,38.5204],[26.3813,38.5194],[26.3825,38.5194],[26.3837,38.5194],[26.3837,38.5204],[26.3837,38.5214],[26.385,38.5214],[26.3863,38.5214],[26.3875,38.5214],[26.3888,38.5214],[26.3888,38.5204],[26.39,38.5204],[26.3912,38.5204],[26.3912,38.5194],[26.3912,38.5184],[26.3912,38.5175],[26.3912,38.5165],[26.3912,38.5155],[26.3925,38.5155],[26.3925,38.5145],[26.3938,38.5135],[26.3938,38.5126],[26.3938,38.5116],[26.3938,38.5106],[26.3938,38.5096],[26.3938,38.5087],[26.395,38.5087],[26.395,38.5077],[26.395,38.5067],[26.3938,38.5067],[26.3938,38.5057],[26.3925,38.5057],[26.3925,38.5047],[26.3912,38.5047],[26.3912,38.5038],[26.3925,38.5038],[26.3938,38.5038],[26.395,38.5038],[26.3963,38.5038],[26.3975,38.5038],[26.3987,38.5038],[26.4,38.5038],[26.4013,38.5038],[26.4025,38.5038],[26.4025,38.5028],[26.4037,38.5028],[26.4037,38.5018],[26.4037,38.5008],[26.405,38.5008],[26.405,38.4998],[26.405,38.4989],[26.405,38.4979],[26.405,38.4969],[26.4037,38.4969],[26.4037,38.4959],[26.405,38.4959],[26.4062,38.4959],[26.4062,38.495],[26.4075,38.495],[26.4075,38.494],[26.4088,38.494],[26.4088,38.493],[26.41,38.493],[26.4112,38.493],[26.4112,38.492],[26.4112,38.491],[26.4112,38.4901],[26.4112,38.4891],[26.41,38.4891],[26.41,38.4881],[26.4088,38.4881],[26.4088,38.4871],[26.4088,38.4861],[26.4075,38.4861],[26.4062,38.4861],[26.405,38.4861],[26.405,38.4852],[26.405,38.4842],[26.4037,38.4842],[26.4037,38.4832],[26.4037,38.4822],[26.4037,38.4813],[26.4037,38.4803],[26.4037,38.4793],[26.4037,38.4783],[26.4037,38.4773],[26.4037,38.4764],[26.4037,38.4754],[26.4025,38.4754],[26.4025,38.4744],[26.4013,38.4744],[26.4013,38.4734],[26.4013,38.4724],[26.4,38.4724],[26.4,38.4715],[26.4,38.4705],[26.4,38.4695],[26.3987,38.4695],[26.3987,38.4685],[26.3975,38.4685],[26.3975,38.4676],[26.3963,38.4676],[26.3963,38.4666],[26.395,38.4666],[26.395,38.4656],[26.395,38.4646],[26.3938,38.4646],[26.3938,38.4636],[26.3925,38.4636],[26.3925,38.4627],[26.3925,38.4617],[26.3912,38.4617],[26.3912,38.4607],[26.3912,38.4597],[26.3912,38.4587],[26.3912,38.4578],[26.3912,38.4568],[26.3912,38.4558],[26.3912,38.4548],[26.3912,38.4539],[26.3912,38.4529],[26.3912,38.4519],[26.3925,38.4519],[26.3925,38.4509],[26.3925,38.449],[26.3925,38.447],[26.3925,38.446],[26.3925,38.445],[26.3938,38.445],[26.3938,38.4441],[26.395,38.4441],[26.395,38.445],[26.3963,38.445],[26.3975,38.445],[26.3975,38.446],[26.3987,38.446],[26.4,38.446],[26.4013,38.446],[26.4013,38.447],[26.4013,38.448],[26.4025,38.448],[26.4025,38.449],[26.4025,38.4499],[26.4025,38.4509],[26.4025,38.4519],[26.4025,38.4529],[26.4025,38.4548],[26.405,38.4548],[26.405,38.4568],[26.4075,38.4558],[26.4075,38.4548],[26.4088,38.4548],[26.41,38.4548],[26.4112,38.4548],[26.4112,38.4558],[26.4125,38.4558],[26.4125,38.4568],[26.4138,38.4568],[26.4138,38.4578],[26.4138,38.4587],[26.4138,38.4597],[26.4138,38.4607],[26.4138,38.4617],[26.4138,38.4627],[26.4125,38.4627],[26.4125,38.4636],[26.4125,38.4646],[26.4125,38.4656],[26.4125,38.4666],[26.4138,38.4666],[26.4138,38.4676],[26.4138,38.4685],[26.415,38.4695],[26.415,38.4705],[26.4163,38.4705],[26.4175,38.4705],[26.4175,38.4715],[26.4175,38.4724],[26.4187,38.4724],[26.4187,38.4734],[26.42,38.4734],[26.42,38.4744],[26.4213,38.4744],[26.4213,38.4754],[26.4225,38.4754],[26.4237,38.4754],[26.4237,38.4764],[26.425,38.4764],[26.4263,38.4764],[26.4275,38.4764],[26.4287,38.4764],[26.43,38.4764],[26.4312,38.4764],[26.4325,38.4764],[26.4337,38.4764],[26.435,38.4764],[26.4362,38.4764],[26.4375,38.4764],[26.4375,38.4754],[26.4387,38.4754],[26.44,38.4754],[26.44,38.4744],[26.4413,38.4744],[26.4413,38.4734],[26.4425,38.4734],[26.4425,38.4724],[26.4438,38.4724],[26.445,38.4724],[26.445,38.4715],[26.4462,38.4715],[26.4462,38.4705],[26.4475,38.4705],[26.4488,38.4705],[26.4488,38.4695],[26.45,38.4695],[26.4513,38.4695],[26.4513,38.4685],[26.4525,38.4685],[26.4525,38.4676],[26.4537,38.4676],[26.455,38.4676],[26.455,38.4666],[26.455,38.4656],[26.4563,38.4656],[26.4575,38.4656],[26.4575,38.4646],[26.4587,38.4646],[26.4587,38.4636],[26.46,38.4636],[26.4613,38.4636],[26.4613,38.4627],[26.4625,38.4627],[26.4637,38.4627],[26.4637,38.4617],[26.465,38.4617],[26.4662,38.4617],[26.4662,38.4607],[26.4662,38.4597],[26.4675,38.4597],[26.4675,38.4587],[26.4688,38.4587],[26.4688,38.4578],[26.47,38.4578],[26.4713,38.4578],[26.4725,38.4578],[26.4737,38.4578],[26.475,38.4578],[26.475,38.4568],[26.4763,38.4568],[26.4763,38.4558],[26.4775,38.4558],[26.4788,38.4558],[26.4788,38.4548],[26.48,38.4548],[26.48,38.4539],[26.4813,38.4539],[26.4825,38.4539],[26.4825,38.4529],[26.4838,38.4529],[26.4838,38.4519],[26.485,38.4519],[26.4863,38.4519],[26.4863,38.4509],[26.4863,38.4499],[26.4875,38.4499],[26.4875,38.449],[26.4887,38.449],[26.4887,38.448],[26.49,38.448],[26.4913,38.448],[26.4913,38.447],[26.4925,38.447],[26.4937,38.447],[26.4937,38.446],[26.4937,38.445],[26.495,38.445],[26.4962,38.445],[26.4962,38.4441],[26.4975,38.4441],[26.4975,38.4431],[26.4975,38.4421],[26.4988,38.4421],[26.4988,38.4411],[26.5,38.4411],[26.5,38.4401],[26.5012,38.4401],[26.5012,38.4392],[26.5012,38.4382],[26.5025,38.4382],[26.5025,38.4372],[26.5038,38.4372],[26.5038,38.4362],[26.5038,38.4353],[26.505,38.4353],[26.505,38.4343],[26.5062,38.4343],[26.5062,38.4333],[26.5075,38.4333],[26.5087,38.4333],[26.51,38.4333],[26.51,38.4323],[26.5113,38.4323],[26.5125,38.4323],[26.5125,38.4313],[26.5138,38.4313],[26.5138,38.4304],[26.515,38.4304],[26.515,38.4294],[26.515,38.4284],[26.515,38.4274],[26.5138,38.4274],[26.5138,38.4264],[26.5138,38.4255],[26.5138,38.4245],[26.5125,38.4245],[26.5113,38.4245],[26.5113,38.4235],[26.51,38.4235],[26.51,38.4225],[26.51,38.4215],[26.51,38.4206],[26.51,38.4196],[26.51,38.4186],[26.51,38.4176],[26.51,38.4166],[26.5087,38.4166],[26.5087,38.4157],[26.5087,38.4147],[26.5075,38.4147],[26.5075,38.4137],[26.5062,38.4137],[26.505,38.4137],[26.5038,38.4137],[26.5025,38.4137],[26.5012,38.4137],[26.5012,38.4127],[26.5012,38.4117],[26.5025,38.4117],[26.5025,38.4108],[26.5025,38.4098],[26.5038,38.4098],[26.5038,38.4088],[26.5038,38.4078],[26.5025,38.4078],[26.5025,38.4068],[26.5025,38.4059],[26.5025,38.4049],[26.5025,38.4039],[26.5012,38.4039],[26.5012,38.4029],[26.5,38.4029],[26.4988,38.4029],[26.4988,38.402],[26.4975,38.402],[26.4975,38.401],[26.4975,38.4],[26.4962,38.4],[26.495,38.4],[26.4937,38.4],[26.4925,38.4],[26.49,38.4],[26.4875,38.4],[26.485,38.4],[26.485,38.402],[26.485,38.4029],[26.485,38.4039],[26.485,38.4049],[26.485,38.4059],[26.485,38.4068],[26.485,38.4078],[26.4838,38.4078],[26.4838,38.4088],[26.4838,38.4098],[26.4838,38.4108],[26.4825,38.4108],[26.4825,38.4117],[26.4813,38.4117],[26.4813,38.4127],[26.4813,38.4137],[26.48,38.4137],[26.48,38.4147],[26.4788,38.4147],[26.4788,38.4157],[26.4775,38.4157],[26.4775,38.4166],[26.4775,38.4176],[26.4763,38.4176],[26.475,38.4176],[26.475,38.4186],[26.475,38.4196],[26.4725,38.4196],[26.4725,38.4215],[26.47,38.4215],[26.4713,38.4235],[26.47,38.4235],[26.47,38.4245],[26.4675,38.4235],[26.465,38.4245],[26.465,38.4235],[26.4637,38.4235],[26.4625,38.4235],[26.4613,38.4235],[26.4613,38.4245],[26.46,38.4245],[26.4575,38.4235],[26.4563,38.4255],[26.455,38.4255],[26.4537,38.4255],[26.4537,38.4264],[26.4525,38.4264],[26.4525,38.4255],[26.4513,38.4255],[26.45,38.4255],[26.45,38.4245],[26.45,38.4235],[26.45,38.4225],[26.45,38.4215],[26.4513,38.4215],[26.4513,38.4206],[26.4513,38.4196],[26.4525,38.4196],[26.4537,38.4196],[26.455,38.4196],[26.455,38.4186],[26.4563,38.4186],[26.4575,38.4186],[26.4587,38.4186],[26.4587,38.4176],[26.46,38.4176],[26.4613,38.4176],[26.4613,38.4166],[26.4613,38.4157],[26.4613,38.4147],[26.46,38.4147],[26.46,38.4137],[26.46,38.4127],[26.4587,38.4127],[26.4587,38.4117],[26.4587,38.4108],[26.4587,38.4098],[26.46,38.4098],[26.46,38.4088],[26.4613,38.4088],[26.4625,38.4088],[26.4625,38.4098],[26.4637,38.4098],[26.4637,38.4108],[26.465,38.4108],[26.465,38.4117],[26.4662,38.4117],[26.4675,38.4117],[26.4675,38.4108],[26.4688,38.4108],[26.4688,38.4098],[26.47,38.4098],[26.47,38.4088],[26.47,38.4078],[26.4713,38.4078],[26.4713,38.4068],[26.4713,38.4059],[26.4725,38.4059],[26.4725,38.4049],[26.4737,38.4049],[26.4737,38.4039],[26.4737,38.4029],[26.4737,38.402],[26.4737,38.401],[26.475,38.401],[26.475,38.4],[26.475,38.399],[26.475,38.398],[26.4737,38.398],[26.4737,38.3971],[26.4737,38.3961],[26.4737,38.3951],[26.4737,38.3941],[26.4737,38.3931],[26.4725,38.3931],[26.4725,38.3922],[26.4737,38.3922],[26.475,38.3902],[26.4737,38.3882],[26.4737,38.3873],[26.4737,38.3863],[26.4737,38.3853],[26.4737,38.3843],[26.4737,38.3833],[26.475,38.3833],[26.475,38.3824],[26.475,38.3814],[26.4763,38.3814],[26.4763,38.3804],[26.4763,38.3794],[26.4775,38.3794],[26.4775,38.3784],[26.4788,38.3784],[26.4788,38.3775],[26.48,38.3775],[26.48,38.3765],[26.4813,38.3765],[26.4813,38.3755],[26.4813,38.3745],[26.48,38.3745],[26.48,38.3735],[26.4788,38.3735],[26.4775,38.3735],[26.4775,38.3726],[26.4763,38.3726],[26.475,38.3726],[26.475,38.3716],[26.4737,38.3716],[26.4737,38.3706],[26.4725,38.3706],[26.4725,38.3696],[26.4713,38.3696],[26.4713,38.3686],[26.47,38.3686],[26.47,38.3677],[26.47,38.3667],[26.4688,38.3667],[26.4688,38.3657],[26.4688,38.3647],[26.4675,38.3647],[26.4675,38.3637],[26.4662,38.3637],[26.4662,38.3628],[26.465,38.3628],[26.4637,38.3628],[26.4637,38.3618],[26.4637,38.3608],[26.4625,38.3608],[26.4625,38.3598],[26.4613,38.3598],[26.4613,38.3588],[26.4625,38.3569],[26.46,38.3569],[26.46,38.3549],[26.4575,38.3549],[26.4575,38.3539],[26.4563,38.3539],[26.4563,38.353],[26.455,38.353],[26.455,38.352],[26.4537,38.352],[26.4525,38.352],[26.4525,38.351],[26.4513,38.351],[26.4513,38.35],[26.4513,38.349],[26.4513,38.3481],[26.4513,38.3471],[26.45,38.3471],[26.45,38.3461],[26.4488,38.3461],[26.4475,38.3461],[26.4462,38.3461],[26.445,38.3461],[26.4438,38.3461],[26.4438,38.3451],[26.4425,38.3451],[26.4425,38.3441],[26.4425,38.3432],[26.4413,38.3432],[26.44,38.3432],[26.4387,38.3432],[26.4375,38.3432],[26.4375,38.3441],[26.4362,38.3441],[26.4362,38.3432],[26.435,38.3432],[26.4337,38.3432],[26.4337,38.3422],[26.4337,38.3412],[26.4325,38.3412],[26.4312,38.3412],[26.4312,38.3402],[26.43,38.3402],[26.4287,38.3402],[26.4275,38.3402],[26.4275,38.3392],[26.4263,38.3392],[26.425,38.3392],[26.425,38.3382],[26.425,38.3373],[26.4237,38.3373],[26.4237,38.3363],[26.4225,38.3363],[26.4225,38.3373],[26.4213,38.3373],[26.42,38.3373],[26.42,38.3363],[26.42,38.3353],[26.4213,38.3353],[26.4225,38.3353],[26.4237,38.3353],[26.425,38.3333],[26.425,38.3314],[26.4225,38.3314],[26.42,38.3314],[26.42,38.3294],[26.4175,38.3294],[26.4163,38.3314],[26.415,38.3314],[26.4138,38.3314],[26.4125,38.3314],[26.4125,38.3304],[26.4112,38.3304],[26.41,38.3304],[26.41,38.3294],[26.4088,38.3294],[26.4088,38.3284],[26.4088,38.3275],[26.4075,38.3255],[26.405,38.3255],[26.405,38.3235],[26.4025,38.3235],[26.4,38.3235],[26.4,38.3216],[26.3975,38.3216],[26.3975,38.3196],[26.395,38.3196],[26.3925,38.3196],[26.3925,38.3216],[26.3925,38.3235],[26.3925,38.3255],[26.3925,38.3275],[26.395,38.3275],[26.395,38.3294],[26.3975,38.3294],[26.4,38.3304],[26.4,38.3314],[26.4,38.3324],[26.4,38.3333],[26.4,38.3343],[26.4,38.3353],[26.3987,38.3353],[26.3987,38.3363],[26.3987,38.3373],[26.3975,38.3373],[26.3975,38.3382],[26.3963,38.3382],[26.3963,38.3392],[26.3963,38.3402],[26.395,38.3402],[26.395,38.3412],[26.3938,38.3412],[26.3925,38.3412],[26.3925,38.3402],[26.3925,38.3392],[26.3925,38.3373],[26.39,38.3373],[26.3888,38.3353],[26.3875,38.3353],[26.3875,38.3363],[26.3875,38.3373],[26.3875,38.3382],[26.3875,38.3392],[26.3875,38.3402],[26.3875,38.3412],[26.3875,38.3422],[26.3875,38.3432],[26.3875,38.3441],[26.3875,38.3451],[26.3863,38.3451],[26.3863,38.3461],[26.3863,38.3471],[26.385,38.3471],[26.385,38.3481],[26.385,38.349],[26.3837,38.349],[26.3837,38.3481],[26.3837,38.3471],[26.3837,38.3461],[26.3837,38.3451],[26.3837,38.3441],[26.3837,38.3432],[26.3837,38.3422],[26.3837,38.3412],[26.3825,38.3412],[26.3825,38.3402],[26.3825,38.3392],[26.3825,38.3382],[26.3825,38.3373],[26.3825,38.3363],[26.3825,38.3353],[26.3825,38.3343],[26.3837,38.3343],[26.3837,38.3333],[26.3837,38.3324],[26.385,38.3324],[26.385,38.3314],[26.3863,38.3314],[26.3875,38.3314],[26.3875,38.3304],[26.3875,38.3294],[26.3875,38.3284],[26.3875,38.3275],[26.3863,38.3275],[26.3863,38.3265],[26.3863,38.3255],[26.3863,38.3245],[26.3863,38.3235],[26.3863,38.3226],[26.3863,38.3216],[26.385,38.3216],[26.385,38.3206],[26.3837,38.3206],[26.3837,38.3196],[26.3837,38.3186],[26.3837,38.3177],[26.3837,38.3167],[26.3837,38.3157],[26.3837,38.3147],[26.3837,38.3137],[26.3837,38.3128],[26.3825,38.3128],[26.3825,38.3118],[26.3813,38.3118],[26.3813,38.3108],[26.38,38.3108],[26.38,38.3098],[26.3788,38.3098],[26.3788,38.3088],[26.3775,38.3088],[26.3775,38.3078],[26.3762,38.3078],[26.375,38.3078],[26.3738,38.3078],[26.3725,38.3078],[26.3725,38.3069],[26.3713,38.3069],[26.37,38.3069],[26.37,38.3059],[26.3687,38.3059],[26.3675,38.3059],[26.3662,38.3059],[26.365,38.3059],[26.365,38.3069],[26.3637,38.3069],[26.3625,38.3069],[26.3612,38.3078],[26.36,38.3078]]},"properties":{}},{"type":"Feature","geometry":{"type":"LineString","coordinates":[[26.68,38.3314],[26.68,38.3324],[26.6787,38.3324],[26.6775,38.3324],[26.6775,38.3314],[26.6763,38.3314],[26.6763,38.3304],[26.675,38.3304],[26.675,38.3294],[26.675,38.3284],[26.6763,38.3284],[26.6763,38.3294],[26.6775,38.3294],[26.6787,38.3294],[26.68,38.3294],[26.68,38.3304],[26.68,38.3314]]},"properties":{}},{"type":"Feature","geometry":{"type":"LineString","coordinates":[[26.455,38.3588],[26.4563,38.3588],[26.4563,38.3598],[26.4575,38.3598],[26.4575,38.3608],[26.4563,38.3608],[26.4563,38.3618],[26.4563,38.3628],[26.455,38.3628],[26.455,38.3637],[26.455,38.3647],[26.455,38.3657],[26.4537,38.3657],[26.4525,38.3657],[26.4513,38.3657],[26.45,38.3657],[26.45,38.3647],[26.4488,38.3647],[26.4475,38.3647],[26.4475,38.3637],[26.4475,38.3628],[26.4475,38.3618],[26.4488,38.3618],[26.4488,38.3608],[26.45,38.3608],[26.45,38.3598],[26.4513,38.3598],[26.4525,38.3598],[26.4525,38.3588],[26.4537,38.3588],[26.455,38.3588]]},"properties":{}},{"type":"Feature","geometry":{"type":"LineString","coordinates":[[26.465,38.3745],[26.4662,38.3745],[26.4662,38.3755],[26.4662,38.3765],[26.4662,38.3775],[26.4662,38.3784],[26.4662,38.3794],[26.4662,38.3804],[26.465,38.3804],[26.465,38.3794],[26.4637,38.3794],[26.4637,38.3784],[26.4637,38.3775],[26.4637,38.3765],[26.4637,38.3755],[26.4625,38.3755],[26.4625,38.3745],[26.4613,38.3745],[26.4613,38.3735],[26.4625,38.3735],[26.4637,38.3735],[26.4637,38.3745],[26.465,38.3745]]},"properties":{}},{"type":"Feature","geometry":{"type":"LineString","coordinates":[[26.425,38.3824],[26.425,38.3833],[26.4263,38.3833],[26.4275,38.3833],[26.4275,38.3843],[26.4287,38.3843],[26.4287,38.3833],[26.4287,38.3824],[26.4275,38.3824],[26.4275,38.3814],[26.4263,38.3814],[26.425,38.3814],[26.4237,38.3824],[26.425,38.3824]]},"properties":{}},{"type":"Feature","geometry":{"type":"LineString","coordinates":[[26.425,38.3863],[26.425,38.3873],[26.425,38.3882],[26.4263,38.3882],[26.4275,38.3882],[26.4275,38.3873],[26.4263,38.3873],[26.4263,38.3863],[26.425,38.3863]]},"properties":{}},{"type":"Feature","geometry":{"type":"LineString","coordinates":[[26.45,38.3863],[26.45,38.3873],[26.4488,38.3873],[26.4488,38.3882],[26.4475,38.3882],[26.4475,38.3873],[26.4475,38.3863],[26.4488,38.3863],[26.45,38.3863]]},"properties":{}},{"type":"Feature","geometry":{"type":"LineString","coordinates":[[26.445,38.3941],[26.4462,38.3941],[26.4462,38.3951],[26.4475,38.3951],[26.4488,38.3951],[26.45,38.3951],[26.45,38.3941],[26.4488,38.3941],[26.4488,38.3931],[26.4475,38.3931],[26.4475,38.3922],[26.4462,38.3922],[26.445,38.3922],[26.4425,38.3922],[26.4438,38.3941],[26.445,38.3941]]},"properties":{}},{"type":"Feature","geometry":{"type":"LineString","coordinates":[[26.465,38.3941],[26.465,38.3951],[26.465,38.3961],[26.465,38.3971],[26.465,38.398],[26.465,38.399],[26.465,38.4],[26.465,38.401],[26.4637,38.401],[26.4625,38.401],[26.4625,38.4],[26.4613,38.4],[26.4613,38.399],[26.4613,38.398],[26.4613,38.3971],[26.4613,38.3961],[26.4613,38.3951],[26.4613,38.3941],[26.4625,38.3941],[26.4625,38.3931],[26.4625,38.3922],[26.4637,38.3922],[26.4637,38.3912],[26.4637,38.3902],[26.4637,38.3892],[26.4637,38.3882],[26.4637,38.3873],[26.465,38.3873],[26.4662,38.3873],[26.4662,38.3882],[26.4662,38.3892],[26.4675,38.3892],[26.4675,38.3902],[26.4662,38.3902],[26.465,38.3912],[26.465,38.3922],[26.465,38.3931],[26.465,38.3941]]},"properties":{}},{"type":"Feature","geometry":{"type":"LineString","coordinates":[[26.785,38.3941],[26.785,38.3951],[26.785,38.3961],[26.7863,38.3961],[26.7863,38.3971],[26.7875,38.3971],[26.7875,38.398],[26.7888,38.398],[26.79,38.398],[26.7913,38.398],[26.7913,38.3971],[26.7913,38.3961],[26.7925,38.3961],[26.7925,38.3951],[26.7913,38.3951],[26.79,38.3951],[26.79,38.3941],[26.7888,38.3941],[26.7888,38.3931],[26.7888,38.3922],[26.7875,38.3922],[26.7863,38.3922],[26.785,38.3922],[26.785,38.3931],[26.785,38.3941]]},"properties":{}},{"type":"Feature","geometry":{"type":"LineString","coordinates":[[26.77,38.4059],[26.77,38.4049],[26.77,38.4039],[26.77,38.4029],[26.7712,38.4029],[26.7725,38.4029],[26.7725,38.4039],[26.7725,38.4049],[26.7725,38.4059],[26.7725,38.4068],[26.7725,38.4078],[26.7725,38.4088],[26.7712,38.4088],[26.7712,38.4098],[26.77,38.4098],[26.7687,38.4098],[26.7687,38.4088],[26.7687,38.4078],[26.7687,38.4068],[26.7687,38.4059],[26.77,38.4059]]},"properties":{}},{"type":"Feature","geometry":{"type":"LineString","coordinates":[[26.795,38.4059],[26.795,38.4068],[26.7962,38.4068],[26.7975,38.4068],[26.7987,38.4068],[26.7987,38.4078],[26.7975,38.4078],[26.7975,38.4088],[26.7975,38.4098],[26.7975,38.4108],[26.7975,38.4117],[26.7962,38.4117],[26.7962,38.4127],[26.795,38.4127],[26.7937,38.4127],[26.7937,38.4117],[26.7937,38.4108],[26.7937,38.4098],[26.7937,38.4088],[26.7925,38.4088],[26.7925,38.4078],[26.7925,38.4068],[26.7937,38.4068],[26.7937,38.4059],[26.795,38.4059]]},"properties":{}},{"type":"Feature","geometry":{"type":"LineString","coordinates":[[26.785,38.4137],[26.7863,38.4137],[26.7863,38.4147],[26.785,38.4147],[26.7838,38.4147],[26.7838,38.4157],[26.7825,38.4157],[26.7825,38.4166],[26.7812,38.4166],[26.7812,38.4157],[26.7812,38.4147],[26.7825,38.4147],[26.7825,38.4137],[26.7838,38.4137],[26.785,38.4137]]},"properties":{}},{"type":"Feature","geometry":{"type":"LineString","coordinates":[[26.31,38.4176],[26.3113,38.4176],[26.3125,38.4176],[26.3125,38.4166],[26.3137,38.4166],[26.315,38.4166],[26.315,38.4157],[26.315,38.4147],[26.3137,38.4147],[26.3125,38.4147],[26.3125,38.4137],[26.3113,38.4137],[26.3113,38.4147],[26.31,38.4147],[26.31,38.4157],[26.31,38.4166],[26.31,38.4176]]},"properties":{}},{"type":"Feature","geometry":{"type":"LineString","coordinates":[[26.76,38.4176],[26.7613,38.4176],[26.7625,38.4176],[26.7625,38.4166],[26.7625,38.4157],[26.7613,38.4157],[26.7613,38.4147],[26.76,38.4147],[26.76,38.4157],[26.76,38.4166],[26.76,38.4176]]},"properties":{}},{"type":"Feature","geometry":{"type":"LineString","coordinates":[[26.795,38.4176],[26.795,38.4186],[26.7937,38.4186],[26.7925,38.4186],[26.7925,38.4176],[26.7925,38.4166],[26.7937,38.4166],[26.795,38.4166],[26.795,38.4176]]},"properties":{}},{"type":"Feature","geometry":{"type":"LineString","coordinates":[[26.385,38.4215],[26.3863,38.4215],[26.3875,38.4215],[26.3875,38.4225],[26.3875,38.4235],[26.3875,38.4245],[26.3863,38.4245],[26.3863,38.4255],[26.385,38.4255],[26.385,38.4264],[26.385,38.4274],[26.385,38.4284],[26.385,38.4294],[26.385,38.4304],[26.3863,38.4304],[26.3863,38.4313],[26.3863,38.4323],[26.3863,38.4333],[26.3863,38.4343],[26.385,38.4343],[26.3837,38.4343],[26.3837,38.4333],[26.3825,38.4333],[26.3825,38.4323],[26.3813,38.4323],[26.3813,38.4313],[26.38,38.4313],[26.38,38.4304],[26.3788,38.4304],[26.3775,38.4304],[26.3762,38.4304],[26.375,38.4304],[26.3738,38.4304],[26.3738,38.4294],[26.3725,38.4294],[26.3725,38.4284],[26.3725,38.4274],[26.3725,38.4264],[26.3725,38.4255],[26.3738,38.4255],[26.375,38.4255],[26.3762,38.4255],[26.3775,38.4255],[26.3775,38.4245],[26.3788,38.4245],[26.3788,38.4235],[26.38,38.4235],[26.3813,38.4235],[26.3813,38.4225],[26.3825,38.4225],[26.3837,38.4225],[26.3837,38.4215],[26.385,38.4215]]},"properties":{}},{"type":"Feature","geometry":{"type":"LineString","coordinates":[[26.34,38.4255],[26.34,38.4274],[26.34,38.4294],[26.3425,38.4294],[26.3438,38.4274],[26.345,38.4274],[26.345,38.4284],[26.3463,38.4284],[26.3475,38.4284],[26.3475,38.4294],[26.3487,38.4294],[26.35,38.4294],[26.35,38.4284],[26.35,38.4274],[26.35,38.4264],[26.35,38.4255],[26.3513,38.4255],[26.3525,38.4255],[26.3538,38.4255],[26.355,38.4255],[26.355,38.4264],[26.355,38.4274],[26.3562,38.4274],[26.355,38.4294],[26.355,38.4313],[26.3562,38.4333],[26.3575,38.4333],[26.3575,38.4343],[26.3562,38.4343],[26.3562,38.4353],[26.3562,38.4362],[26.3562,38.4372],[26.3575,38.4372],[26.3575,38.4382],[26.3575,38.4392],[26.3588,38.4392],[26.3588,38.4401],[26.36,38.4401],[26.36,38.4411],[26.36,38.4421],[26.3612,38.4421],[26.3612,38.4431],[26.3612,38.4441],[26.3612,38.445],[26.36,38.445],[26.36,38.446],[26.36,38.447],[26.36,38.449],[26.36,38.4509],[26.36,38.4519],[26.36,38.4529],[26.36,38.4539],[26.3588,38.4539],[26.3588,38.4529],[26.3575,38.4529],[26.3562,38.4529],[26.355,38.4529],[26.3538,38.4529],[26.3525,38.4529],[26.3513,38.4529],[26.35,38.4529],[26.3487,38.4529],[26.3487,38.4519],[26.3475,38.4519],[26.3475,38.4509],[26.3475,38.4499],[26.3463,38.4499],[26.3463,38.449],[26.345,38.448],[26.345,38.447],[26.3438,38.447],[26.3425,38.447],[26.3425,38.446],[26.3412,38.446],[26.3412,38.445],[26.34,38.445],[26.3387,38.445],[26.3375,38.445],[26.3375,38.4441],[26.3363,38.4441],[26.335,38.4441],[26.3337,38.4441],[26.3337,38.4431],[26.3325,38.4431],[26.3313,38.4431],[26.33,38.4421],[26.33,38.4411],[26.3287,38.4411],[26.3275,38.4411],[26.3275,38.4401],[26.3263,38.4401],[26.3263,38.4392],[26.3263,38.4382],[26.3263,38.4372],[26.3263,38.4362],[26.3275,38.4362],[26.3287,38.4362],[26.3287,38.4353],[26.3287,38.4343],[26.3287,38.4333],[26.3287,38.4323],[26.3287,38.4313],[26.3275,38.4313],[26.3275,38.4304],[26.3275,38.4294],[26.3275,38.4284],[26.3287,38.4284],[26.3287,38.4274],[26.3287,38.4264],[26.3287,38.4255],[26.3287,38.4245],[26.33,38.4245],[26.33,38.4235],[26.3313,38.4235],[26.3313,38.4225],[26.3325,38.4225],[26.3337,38.4225],[26.3337,38.4235],[26.3337,38.4245],[26.3337,38.4255],[26.335,38.4274],[26.3375,38.4274],[26.3363,38.4255],[26.3375,38.4255],[26.3375,38.4245],[26.3387,38.4245],[26.3387,38.4255],[26.34,38.4255]]},"properties":{}},{"type":"Feature","geometry":{"type":"LineString","coordinates":[[26.37,38.4294],[26.37,38.4304],[26.3713,38.4304],[26.3713,38.4313],[26.3713,38.4323],[26.3713,38.4333],[26.3713,38.4343],[26.37,38.4343],[26.37,38.4353],[26.3687,38.4353],[26.3675,38.4353],[26.3675,38.4343],[26.3662,38.4343],[26.3662,38.4333],[26.3662,38.4323],[26.3662,38.4313],[26.3662,38.4304],[26.3675,38.4304],[26.3675,38.4294],[26.3675,38.4284],[26.3662,38.4284],[26.3662,38.4274],[26.3675,38.4274],[26.3687,38.4274],[26.3687,38.4284],[26.37,38.4284],[26.37,38.4294]]},"properties":{}},{"type":"Feature","geometry":{"type":"LineString","coordinates":[[26.945,38.4333],[26.945,38.4323],[26.9463,38.4323],[26.9463,38.4313],[26.9475,38.4313],[26.9475,38.4323],[26.9475,38.4333],[26.9475,38.4343],[26.9463,38.4343],[26.945,38.4343],[26.945,38.4353],[26.9438,38.4353],[26.9425,38.4353],[26.9425,38.4362],[26.9413,38.4362],[26.94,38.4362],[26.9387,38.4362],[26.9375,38.4362],[26.9363,38.4362],[26.935,38.4362],[26.935,38.4372],[26.9337,38.4372],[26.9325,38.4372],[26.9325,38.4382],[26.9312,38.4382],[26.93,38.4382],[26.9288,38.4382],[26.9275,38.4382],[26.9275,38.4392],[26.9262,38.4392],[26.925,38.4392],[26.9237,38.4392],[26.9225,38.4392],[26.9225,38.4401],[26.9213,38.4401],[26.92,38.4401],[26.92,38.4411],[26.9187,38.4411],[26.9175,38.4411],[26.9163,38.4411],[26.9163,38.4421],[26.915,38.4421],[26.9138,38.4421],[26.9138,38.4431],[26.9138,38.4441],[26.9125,38.4441],[26.9125,38.445],[26.9125,38.446],[26.9125,38.447],[26.9112,38.447],[26.91,38.447],[26.91,38.448],[26.91,38.449],[26.91,38.4499],[26.91,38.4509],[26.9112,38.4509],[26.9112,38.4519],[26.9112,38.4529],[26.9125,38.4529],[26.9125,38.4539],[26.9138,38.4539],[26.9138,38.4548],[26.9138,38.4558],[26.9138,38.4568],[26.915,38.4568],[26.915,38.4578],[26.915,38.4587],[26.915,38.4597],[26.915,38.4607],[26.9138,38.4607],[26.9138,38.4617],[26.9138,38.4627],[26.9125,38.4627],[26.9125,38.4636],[26.9125,38.4646],[26.9112,38.4646],[26.9112,38.4656],[26.9112,38.4666],[26.91,38.4666],[26.91,38.4676],[26.91,38.4685],[26.91,38.4695],[26.91,38.4705],[26.91,38.4715],[26.91,38.4724],[26.91,38.4734],[26.9112,38.4734],[26.9112,38.4744],[26.9112,38.4754],[26.91,38.4754],[26.91,38.4744],[26.9088,38.4744],[26.9088,38.4734],[26.9088,38.4724],[26.9088,38.4715],[26.9088,38.4705],[26.9088,38.4695],[26.9088,38.4685],[26.9088,38.4676],[26.9088,38.4666],[26.9088,38.4656],[26.9088,38.4646],[26.91,38.4646],[26.91,38.4636],[26.9112,38.4636],[26.9112,38.4627],[26.9112,38.4617],[26.9125,38.4617],[26.9125,38.4607],[26.9125,38.4597],[26.9125,38.4587],[26.9125,38.4578],[26.9125,38.4568],[26.9125,38.4558],[26.9125,38.4548],[26.9112,38.4548],[26.9112,38.4539],[26.91,38.4539],[26.91,38.4529],[26.91,38.4519],[26.9088,38.4519],[26.9088,38.4509],[26.9075,38.4509],[26.9075,38.4499],[26.9062,38.4499],[26.9062,38.449],[26.905,38.449],[26.9037,38.449],[26.9025,38.449],[26.9025,38.448],[26.9013,38.448],[26.9013,38.447],[26.9025,38.447],[26.9037,38.447],[26.905,38.447],[26.9062,38.447],[26.9075,38.447],[26.9075,38.446],[26.9088,38.446],[26.9088,38.445],[26.91,38.445],[26.91,38.4441],[26.91,38.4431],[26.91,38.4421],[26.9112,38.4421],[26.9125,38.4421],[26.9125,38.4411],[26.9138,38.4411],[26.9138,38.4401],[26.915,38.4401],[26.915,38.4392],[26.9163,38.4392],[26.9175,38.4392],[26.9175,38.4382],[26.9187,38.4382],[26.92,38.4382],[26.92,38.4372],[26.9213,38.4372],[26.9225,38.4372],[26.9237,38.4372],[26.925,38.4372],[26.9262,38.4372],[26.9275,38.4372],[26.9288,38.4372],[26.93,38.4372],[26.9312,38.4372],[26.9312,38.4362],[26.9325,38.4362],[26.9337,38.4362],[26.9337,38.4353],[26.935,38.4353],[26.9363,38.4353],[26.9375,38.4353],[26.9387,38.4353],[26.9387,38.4343],[26.94,38.4343],[26.9413,38.4343],[26.9413,38.4333],[26.9425,38.4333],[26.9438,38.4333],[26.945,38.4333]]},"properties":{}},{"type":"Feature","geometry":{"type":"LineString","coordinates":[[26.76,38.4372],[26.76,38.4382],[26.76,38.4392],[26.7587,38.4392],[26.7587,38.4401],[26.76,38.4401],[26.76,38.4411],[26.76,38.4421],[26.7587,38.4421],[26.7587,38.4431],[26.7587,38.4441],[26.76,38.4441],[26.76,38.445],[26.76,38.446],[26.76,38.447],[26.76,38.448],[26.76,38.449],[26.76,38.4499],[26.76,38.4509],[26.76,38.4519],[26.7613,38.4519],[26.7613,38.4529],[26.7625,38.4529],[26.7638,38.4529],[26.765,38.4529],[26.7662,38.4529],[26.7662,38.4539],[26.7675,38.4539],[26.7687,38.4539],[26.7687,38.4529],[26.77,38.4529],[26.7712,38.4529],[26.7725,38.4529],[26.7725,38.4519],[26.7725,38.4509],[26.7725,38.4499],[26.7725,38.449],[26.7725,38.448],[26.7725,38.447],[26.7725,38.446],[26.7725,38.445],[26.7737,38.445],[26.775,38.4441],[26.775,38.4431],[26.775,38.4421],[26.775,38.4411],[26.775,38.4401],[26.7737,38.4401],[26.7737,38.4392],[26.7725,38.4392],[26.7725,38.4382],[26.7712,38.4382],[26.77,38.4382],[26.77,38.4372],[26.7687,38.4372],[26.7687,38.4362],[26.7675,38.4362],[26.7675,38.4353],[26.7662,38.4353],[26.7662,38.4343],[26.765,38.4343],[26.7638,38.4343],[26.7638,38.4353],[26.7625,38.4353],[26.7625,38.4362],[26.7613,38.4362],[26.7613,38.4372],[26.76,38.4372]]},"properties":{}},{"type":"Feature","geometry":{"type":"LineString","coordinates":[[26.925,38.445],[26.925,38.446],[26.925,38.447],[26.9237,38.447],[26.9225,38.447],[26.9225,38.446],[26.9225,38.445],[26.9237,38.445],[26.925,38.445]]},"properties":{}},{"type":"Feature","geometry":{"type":"LineString","coordinates":[[27.06,38.4607],[27.06,38.4597],[27.0587,38.4597],[27.0575,38.4597],[27.0575,38.4607],[27.0575,38.4617],[27.0587,38.4617],[27.0587,38.4607],[27.06,38.4607]]},"properties":{}},{"type":"Feature","geometry":{"type":"LineString","coordinates":[[26.745,38.4646],[26.745,38.4656],[26.745,38.4666],[26.7462,38.4666],[26.7462,38.4676],[26.7475,38.4676],[26.7488,38.4676],[26.7488,38.4685],[26.7488,38.4695],[26.7488,38.4705],[26.7475,38.4705],[26.7475,38.4715],[26.7475,38.4724],[26.7475,38.4734],[26.7475,38.4744],[26.7475,38.4754],[26.7488,38.4754],[26.7488,38.4764],[26.7488,38.4773],[26.7488,38.4783],[26.7488,38.4793],[26.7488,38.4803],[26.7488,38.4813],[26.7475,38.4813],[26.7475,38.4822],[26.7462,38.4822],[26.7462,38.4832],[26.745,38.4832],[26.745,38.4842],[26.7437,38.4842],[26.7437,38.4852],[26.7425,38.4852],[26.7425,38.4861],[26.7425,38.4871],[26.7425,38.4881],[26.7425,38.4891],[26.7425,38.4901],[26.7425,38.491],[26.7413,38.491],[26.74,38.491],[26.74,38.4901],[26.7387,38.4901],[26.7375,38.4901],[26.7362,38.4901],[26.735,38.4901],[26.735,38.491],[26.7325,38.4901],[26.7325,38.492],[26.7313,38.492],[26.7313,38.493],[26.7313,38.494],[26.7313,38.495],[26.7313,38.4959],[26.7313,38.4969],[26.7313,38.4979],[26.7313,38.4989],[26.7313,38.4998],[26.73,38.4998],[26.73,38.5008],[26.7313,38.5008],[26.7313,38.5018],[26.7313,38.5028],[26.7313,38.5038],[26.7313,38.5047],[26.7313,38.5057],[26.7313,38.5067],[26.7313,38.5077],[26.7313,38.5087],[26.7313,38.5096],[26.7325,38.5096],[26.7325,38.5106],[26.7325,38.5116],[26.7337,38.5116],[26.7337,38.5126],[26.735,38.5126],[26.735,38.5135],[26.735,38.5145],[26.7337,38.5145],[26.7325,38.5145],[26.7313,38.5145],[26.7313,38.5155],[26.7313,38.5165],[26.7313,38.5175],[26.7313,38.5184],[26.73,38.5184],[26.73,38.5194],[26.73,38.5204],[26.7288,38.5204],[26.7288,38.5214],[26.7288,38.5223],[26.7288,38.5233],[26.73,38.5233],[26.73,38.5243],[26.73,38.5253],[26.73,38.5263],[26.73,38.5272],[26.73,38.5282],[26.7288,38.5282],[26.7288,38.5292],[26.7288,38.5302],[26.7275,38.5302],[26.7275,38.5311],[26.7263,38.5311],[26.725,38.5311],[26.7237,38.5311],[26.7237,38.5321],[26.7225,38.5321],[26.7225,38.5331],[26.7213,38.5331],[26.7213,38.5341],[26.7213,38.5351],[26.72,38.5351],[26.7188,38.5351],[26.7188,38.536],[26.7175,38.536],[26.7175,38.537],[26.7162,38.537],[26.7162,38.538],[26.7162,38.539],[26.715,38.539],[26.715,38.5399],[26.7138,38.5399],[26.7138,38.5409],[26.7125,38.5409],[26.7125,38.5419],[26.7112,38.5419],[26.71,38.5419],[26.7087,38.5419],[26.7075,38.5419],[26.7075,38.5409],[26.7063,38.5409],[26.705,38.5409],[26.7038,38.5409],[26.7025,38.5409],[26.7025,38.5419],[26.7013,38.5419],[26.7013,38.5429],[26.7013,38.5439],[26.7013,38.5448],[26.7,38.5448],[26.7,38.5458],[26.6988,38.5458],[26.6975,38.5458],[26.6975,38.5448],[26.6988,38.5448],[26.6988,38.5439],[26.6988,38.5429],[26.6988,38.5419],[26.6988,38.5409],[26.7,38.5409],[26.7,38.5399],[26.7013,38.5399],[26.7013,38.539],[26.7025,38.539],[26.7038,38.539],[26.7038,38.538],[26.705,38.538],[26.7063,38.538],[26.7063,38.537],[26.7063,38.536],[26.7063,38.5351],[26.7063,38.5341],[26.7063,38.5331],[26.705,38.5331],[26.7038,38.5331],[26.7038,38.5321],[26.7038,38.5311],[26.7025,38.5311],[26.7025,38.5302],[26.7025,38.5292],[26.7025,38.5282],[26.7038,38.5282],[26.7038,38.5272],[26.7038,38.5263],[26.7038,38.5253],[26.7038,38.5243],[26.7038,38.5233],[26.7038,38.5223],[26.7038,38.5214],[26.7038,38.5204],[26.7025,38.5204],[26.7025,38.5194],[26.7013,38.5194],[26.7013,38.5184],[26.7,38.5184],[26.7,38.5175],[26.6988,38.5175],[26.6975,38.5175],[26.6975,38.5184],[26.6962,38.5184],[26.6962,38.5175],[26.6962,38.5165],[26.6962,38.5155],[26.6962,38.5145],[26.695,38.5145],[26.695,38.5135],[26.695,38.5126],[26.695,38.5116],[26.695,38.5106],[26.695,38.5096],[26.6962,38.5096],[26.6962,38.5087],[26.6962,38.5077],[26.6962,38.5067],[26.6962,38.5057],[26.695,38.5057],[26.695,38.5047],[26.695,38.5038],[26.695,38.5028],[26.695,38.5018],[26.695,38.5008],[26.6962,38.5008],[26.6962,38.4998],[26.6962,38.4989],[26.6962,38.4979],[26.695,38.4979],[26.6938,38.4979],[26.6938,38.4969],[26.6938,38.4959],[26.6938,38.495],[26.6938,38.494],[26.6938,38.493],[26.6938,38.492],[26.695,38.492],[26.695,38.491],[26.695,38.4901],[26.695,38.4891],[26.695,38.4881],[26.695,38.4871],[26.695,38.4861],[26.695,38.4852],[26.695,38.4842],[26.695,38.4832],[26.6938,38.4832],[26.6938,38.4822],[26.6938,38.4813],[26.6938,38.4803],[26.6938,38.4793],[26.695,38.4793],[26.695,38.4783],[26.695,38.4773],[26.6962,38.4773],[26.6962,38.4764],[26.6975,38.4764],[26.6975,38.4754],[26.6988,38.4754],[26.6988,38.4744],[26.7,38.4744],[26.7013,38.4744],[26.7025,38.4744],[26.7025,38.4754],[26.7038,38.4754],[26.7038,38.4764],[26.705,38.4764],[26.7063,38.4764],[26.7075,38.4764],[26.7087,38.4764],[26.71,38.4764],[26.7112,38.4764],[26.7125,38.4764],[26.7138,38.4764],[26.715,38.4764],[26.715,38.4754],[26.7162,38.4754],[26.7162,38.4744],[26.7162,38.4734],[26.7162,38.4724],[26.7175,38.4724],[26.7188,38.4724],[26.7188,38.4715],[26.72,38.4715],[26.72,38.4705],[26.7213,38.4705],[26.7225,38.4705],[26.7237,38.4705],[26.725,38.4705],[26.7263,38.4705],[26.7275,38.4705],[26.7275,38.4695],[26.7275,38.4685],[26.7275,38.4676],[26.7275,38.4666],[26.7275,38.4656],[26.7263,38.4656],[26.7263,38.4646],[26.7263,38.4636],[26.725,38.4636],[26.725,38.4627],[26.725,38.4617],[26.7237,38.4617],[26.7237,38.4607],[26.7237,38.4597],[26.725,38.4597],[26.725,38.4587],[26.7263,38.4587],[26.7275,38.4587],[26.7275,38.4597],[26.7288,38.4597],[26.7288,38.4587],[26.73,38.4587],[26.7313,38.4587],[26.7325,38.4587],[26.7337,38.4587],[26.735,38.4587],[26.7362,38.4587],[26.7362,38.4597],[26.7375,38.4597],[26.7387,38.4597],[26.7387,38.4587],[26.7387,38.4578],[26.74,38.4578],[26.7413,38.4578],[26.7413,38.4587],[26.7425,38.4587],[26.7437,38.4587],[26.7437,38.4597],[26.7437,38.4607],[26.7437,38.4617],[26.745,38.4617],[26.745,38.4627],[26.745,38.4636],[26.745,38.4646]]},"properties":{}},{"type":"Feature","geometry":{"type":"LineString","coordinates":[[26.425,38.4724],[26.4263,38.4724],[26.4275,38.4724],[26.4275,38.4734],[26.4287,38.4734],[26.43,38.4734],[26.43,38.4724],[26.43,38.4715],[26.4287,38.4715],[26.4275,38.4715],[26.4275,38.4705],[26.4263,38.4705],[26.425,38.4705],[26.4237,38.4705],[26.4237,38.4715],[26.4237,38.4724],[26.425,38.4724]]},"properties":{}},{"type":"Feature","geometry":{"type":"LineString","coordinates":[[26.87,38.5116],[26.8712,38.5116],[26.8712,38.5126],[26.87,38.5126],[26.87,38.5135],[26.8687,38.5135],[26.8675,38.5135],[26.8675,38.5145],[26.8663,38.5145],[26.865,38.5145],[26.8637,38.5145],[26.8625,38.5145],[26.8625,38.5135],[26.8637,38.5135],[26.865,38.5135],[26.8663,38.5135],[26.8663,38.5126],[26.8675,38.5126],[26.8687,38.5126],[26.8687,38.5116],[26.87,38.5116]]},"properties":{}},{"type":"Feature","geometry":{"type":"LineString","coordinates":[[26.84,38.5233],[26.84,38.5223],[26.84,38.5214],[26.8388,38.5214],[26.8375,38.5214],[26.8362,38.5214],[26.835,38.5214],[26.835,38.5223],[26.8337,38.5223],[26.8325,38.5223],[26.8325,38.5233],[26.8313,38.5233],[26.8313,38.5243],[26.83,38.5243],[26.83,38.5253],[26.83,38.5263],[26.8287,38.5263],[26.8287,38.5272],[26.8287,38.5282],[26.83,38.5282],[26.83,38.5272],[26.8313,38.5272],[26.8313,38.5263],[26.8313,38.5253],[26.8325,38.5253],[26.8337,38.5253],[26.835,38.5253],[26.8362,38.5253],[26.8375,38.5253],[26.8375,38.5243],[26.8388,38.5243],[26.8388,38.5233],[26.84,38.5233]]},"properties":{}},{"type":"Feature","geometry":{"type":"LineString","coordinates":[[26.695,38.5311],[26.695,38.5321],[26.6962,38.5321],[26.6975,38.5321],[26.6975,38.5311],[26.6962,38.5311],[26.695,38.5311]]},"properties":{}},{"type":"Feature","geometry":{"type":"LineString","coordinates":[[26.835,38.5663],[26.835,38.5673],[26.835,38.5683],[26.8362,38.5683],[26.8375,38.5683],[26.8375,38.5673],[26.8362,38.5673],[26.8362,38.5663],[26.835,38.5663]]},"properties":{}},{"type":"Feature","geometry":{"type":"LineString","coordinates":[[26.83,38.5702],[26.83,38.5712],[26.8313,38.5712],[26.8313,38.5722],[26.8325,38.5722],[26.8325,38.5732],[26.8313,38.5732],[26.8313,38.5742],[26.8313,38.5751],[26.8313,38.5761],[26.8313,38.5771],[26.8313,38.5781],[26.83,38.5781],[26.83,38.5771],[26.83,38.5761],[26.83,38.5751],[26.83,38.5742],[26.8287,38.5742],[26.8287,38.5732],[26.8287,38.5722],[26.8287,38.5712],[26.8287,38.5702],[26.8287,38.5693],[26.8287,38.5683],[26.8287,38.5673],[26.8287,38.5663],[26.8287,38.5654],[26.8287,38.5644],[26.8287,38.5634],[26.83,38.5634],[26.8313,38.5634],[26.8313,38.5644],[26.8325,38.5644],[26.8325,38.5654],[26.8325,38.5663],[26.8325,38.5673],[26.8313,38.5673],[26.8313,38.5683],[26.83,38.5683],[26.83,38.5693],[26.83,38.5702]]},"properties":{}},{"type":"Feature","geometry":{"type":"LineString","coordinates":[[26.835,38.5781],[26.8362,38.5781],[26.8375,38.5781],[26.8375,38.5771],[26.8362,38.5771],[26.835,38.5771],[26.835,38.5781]]},"properties":{}},{"type":"Feature","geometry":{"type":"LineString","coordinates":[[26.515,38.6562],[26.5163,38.6562],[26.5163,38.6572],[26.5175,38.6572],[26.5188,38.6572],[26.5188,38.6582],[26.5188,38.6591],[26.5175,38.6591],[26.5175,38.6601],[26.5175,38.6611],[26.5163,38.6611],[26.5163,38.6601],[26.515,38.6601],[26.515,38.6591],[26.5138,38.6591],[26.5125,38.6591],[26.5125,38.6582],[26.5113,38.6582],[26.5113,38.6572],[26.5113,38.6562],[26.5125,38.6562],[26.5125,38.6552],[26.5138,38.6552],[26.5138,38.6562],[26.515,38.6562]]},"properties":{}},{"type":"Feature","geometry":{"type":"LineString","coordinates":[[26.715,38.6757],[26.715,38.6767],[26.7162,38.6767],[26.7162,38.6777],[26.7175,38.6777],[26.7175,38.6767],[26.7175,38.6757],[26.7175,38.6747],[26.7162,38.6747],[26.7162,38.6738],[26.715,38.6738],[26.7138,38.6738],[26.7138,38.6728],[26.7125,38.6728],[26.7112,38.6728],[26.7112,38.6738],[26.7112,38.6747],[26.7125,38.6747],[26.7125,38.6757],[26.7138,38.6757],[26.715,38.6757]]},"properties":{}},{"type":"Feature","geometry":{"type":"LineString","coordinates":[[26.725,38.6757],[26.7263,38.6757],[26.7263,38.6747],[26.7263,38.6738],[26.7275,38.6738],[26.7288,38.6738],[26.7288,38.6728],[26.7288,38.6718],[26.7275,38.6718],[26.7275,38.6708],[26.7275,38.6699],[26.7263,38.6699],[26.7263,38.6708],[26.7263,38.6718],[26.7263,38.6728],[26.725,38.6728],[26.725,38.6738],[26.7237,38.6738],[26.7237,38.6747],[26.725,38.6747],[26.725,38.6757]]},"properties":{}},{"type":"Feature","geometry":{"type":"LineString","coordinates":[[26.725,38.6835],[26.7263,38.6835],[26.7275,38.6835],[26.7275,38.6826],[26.7263,38.6826],[26.725,38.6826],[26.725,38.6835]]},"properties":{}},{"type":"Feature","geometry":{"type":"LineString","coordinates":[[26.71,38.6913],[26.71,38.6923],[26.7087,38.6923],[26.7087,38.6933],[26.7087,38.6943],[26.7075,38.6943],[26.7075,38.6952],[26.7075,38.6962],[26.7075,38.6972],[26.7075,38.6982],[26.7075,38.6991],[26.7075,38.7001],[26.7087,38.7001],[26.71,38.7001],[26.71,38.6991],[26.71,38.6982],[26.7112,38.6982],[26.7112,38.6972],[26.7112,38.6962],[26.7125,38.6962],[26.7125,38.6952],[26.7138,38.6952],[26.7138,38.6943],[26.715,38.6943],[26.715,38.6933],[26.7162,38.6933],[26.7162,38.6923],[26.7175,38.6923],[26.7188,38.6923],[26.7188,38.6913],[26.72,38.6913],[26.7213,38.6913],[26.7225,38.6913],[26.7225,38.6923],[26.7237,38.6923],[26.7237,38.6913],[26.7237,38.6904],[26.7237,38.6894],[26.7237,38.6884],[26.7225,38.6884],[26.7225,38.6874],[26.7225,38.6865],[26.7225,38.6855],[26.7225,38.6845],[26.7213,38.6845],[26.7213,38.6855],[26.72,38.6855],[26.72,38.6865],[26.7188,38.6865],[26.7188,38.6874],[26.7175,38.6874],[26.7175,38.6884],[26.7162,38.6884],[26.715,38.6884],[26.715,38.6894],[26.7138,38.6894],[26.7138,38.6904],[26.7125,38.6904],[26.7112,38.6904],[26.71,38.6904],[26.71,38.6913]]},"properties":{}},{"type":"Feature","geometry":{"type":"LineString","coordinates":[[26.725,38.703],[26.725,38.704],[26.725,38.705],[26.7237,38.705],[26.7237,38.704],[26.7237,38.703],[26.7237,38.7021],[26.7237,38.7011],[26.7237,38.7001],[26.725,38.7001],[26.7263,38.7001],[26.7263,38.7011],[26.7263,38.7021],[26.7263,38.703],[26.725,38.703]]},"properties":{}},{"type":"Feature","geometry":{"type":"LineString","coordinates":[[26.88,38.8473],[26.88,38.8492],[26.8825,38.8492],[26.8825,38.8473],[26.8837,38.8473],[26.885,38.8473],[26.885,38.8463],[26.8863,38.8463],[26.8863,38.8473],[26.8875,38.8473],[26.8875,38.8482],[26.8875,38.8492],[26.8875,38.8502],[26.8875,38.8512],[26.8875,38.8521],[26.8875,38.8531],[26.8863,38.8531],[26.8863,38.8541],[26.885,38.8541],[26.885,38.8551],[26.8837,38.8551],[26.8825,38.8551],[26.8825,38.8541],[26.8813,38.8541],[26.8813,38.8531],[26.88,38.8531],[26.8788,38.8531],[26.8788,38.8521],[26.8775,38.8521],[26.8775,38.8512],[26.8763,38.8492],[26.8763,38.8482],[26.8763,38.8473],[26.8775,38.8473],[26.8775,38.8463],[26.8788,38.8463],[26.88,38.8463],[26.88,38.8473]]},"properties":{}},{"type":"Feature","geometry":{"type":"LineString","coordinates":[[26.91,38.8901],[26.9112,38.8901],[26.9112,38.8891],[26.9112,38.8882],[26.91,38.8882],[26.91,38.8872],[26.9088,38.8872],[26.9088,38.8882],[26.9088,38.8891],[26.91,38.8891],[26.91,38.8901]]},"properties":{}},{"type":"Feature","geometry":{"type":"LineString","coordinates":[[26.49,38.4039],[26.4887,38.4039],[26.4887,38.4029],[26.49,38.4029],[26.4913,38.4029],[26.4913,38.4039],[26.49,38.4039]]},"properties":{}},{"type":"Feature","geometry":{"type":"LineString","coordinates":[[26.7,38.4313],[26.6988,38.4313],[26.6975,38.4313],[26.6975,38.4323],[26.6975,38.4333],[26.6988,38.4333],[26.6988,38.4323],[26.7,38.4323],[26.7,38.4313]]},"properties":{}},{"type":"Feature","geometry":{"type":"LineString","coordinates":[[26.96,38.4392],[26.9587,38.4392],[26.9587,38.4401],[26.96,38.4401],[26.9612,38.4401],[26.9612,38.4411],[26.9625,38.4411],[26.9625,38.4401],[26.9625,38.4392],[26.9612,38.4392],[26.96,38.4392]]},"properties":{}},{"type":"Feature","geometry":{"type":"LineString","coordinates":[[26.96,38.4431],[26.96,38.4421],[26.9612,38.4421],[26.9625,38.4421],[26.9625,38.4431],[26.9612,38.4431],[26.96,38.4431]]},"properties":{}},{"type":"Feature","geometry":{"type":"LineString","coordinates":[[26.98,38.4431],[26.98,38.4421],[26.9813,38.4421],[26.9825,38.4421],[26.9837,38.4421],[26.985,38.4421],[26.9862,38.4421],[26.9875,38.4421],[26.9875,38.4431],[26.9875,38.4441],[26.9875,38.445],[26.9862,38.445],[26.9862,38.4441],[26.9862,38.4431],[26.985,38.4431],[26.9837,38.4431],[26.9837,38.4441],[26.9825,38.4441],[26.9813,38.4441],[26.98,38.4441],[26.98,38.4431]]},"properties":{}},{"type":"Feature","geometry":{"type":"LineString","coordinates":[[26.83,38.5605],[26.83,38.5595],[26.8287,38.5595],[26.8287,38.5605],[26.8287,38.5615],[26.83,38.5615],[26.83,38.5605]]},"properties":{}},{"type":"Feature","geometry":{"type":"LineString","coordinates":[[26.895,38.8648],[26.8937,38.8648],[26.8937,38.8638],[26.8925,38.8638],[26.8925,38.8629],[26.8925,38.8619],[26.8912,38.8619],[26.8912,38.8629],[26.8912,38.8638],[26.8912,38.8648],[26.8912,38.8658],[26.8925,38.8658],[26.8925,38.8667],[26.8937,38.8667],[26.8937,38.8658],[26.895,38.8658],[26.895,38.8648]]},"properties":{}},{"type":"Feature","geometry":{"type":"LineString","coordinates":[[27.04,38.8843],[27.0387,38.8843],[27.0387,38.8833],[27.0375,38.8833],[27.0375,38.8843],[27.0375,38.8852],[27.0387,38.8852],[27.04,38.8852],[27.04,38.8843]]},"properties":{}},{"type":"Feature","geometry":{"type":"LineString","coordinates":[[26.4675,38.398],[26.4675,38.3971],[26.4675,38.3961],[26.4688,38.3961],[26.4688,38.3971],[26.4688,38.398],[26.4688,38.399],[26.4675,38.399],[26.4675,38.398]]},"properties":{}},{"type":"Feature","geometry":{"type":"LineString","coordinates":[[26.9125,38.4685],[26.9125,38.4676],[26.9138,38.4676],[26.9138,38.4685],[26.9138,38.4695],[26.9125,38.4695],[26.9125,38.4685]]},"properties":{}},{"type":"Feature","geometry":{"type":"LineString","coordinates":[[26.8275,38.5546],[26.8263,38.5546],[26.8263,38.5536],[26.8263,38.5527],[26.8275,38.5527],[26.8275,38.5536],[26.8275,38.5546]]},"properties":{}},{"type":"Feature","geometry":{"type":"LineString","coordinates":[[26.9275,38.4431],[26.9275,38.4421],[26.9262,38.4421],[26.9262,38.4431],[26.9262,38.4441],[26.9275,38.4441],[26.9275,38.4431]]},"properties":{}},{"type":"Feature","geometry":{"type":"LineString","coordinates":[[26.7075,38.7128],[26.7075,38.7118],[26.7087,38.7118],[26.7087,38.7128],[26.7087,38.7138],[26.7075,38.7138],[26.7075,38.7128]]},"properties":{}},{"type":"Feature","geometry":{"type":"LineString","coordinates":[[26.7325,38.7323],[26.7337,38.7323],[26.7337,38.7333],[26.7325,38.7333],[26.7313,38.7333],[26.7313,38.7323],[26.7325,38.7323]]},"properties":{}}]}